"id";"nom";"categorie";"type";"plugin_origine";"id_local";"plugin_final";"editor_id";"statut_nom";"source_nom";"exclusion";"disponibilite_serveur"
"skyrim.esm|0001F4";"";"Arme";"WEAP";"Skyrim.esm";"0001F4";"Skyrim.esm";"Unarmed";"Sans nom";"";"Sans nom";"À vérifier"
"skyrim.esm|02001D";"";"Arme";"WEAP";"Skyrim.esm";"02001D";"Skyrim.esm";"CWDummyAxeImperial";"Sans nom";"";"Sans nom";"À vérifier"
"skyrim.esm|020021";"";"Arme";"WEAP";"Skyrim.esm";"020021";"Skyrim.esm";"CWDummyBattleaxeImperial";"Sans nom";"";"Sans nom";"À vérifier"
"skyrim.esm|02003D";"";"Arme";"WEAP";"Skyrim.esm";"02003D";"Skyrim.esm";"CWDummyBowImperial";"Sans nom";"";"Sans nom";"À vérifier"
"skyrim.esm|020041";"";"Arme";"WEAP";"Skyrim.esm";"020041";"Skyrim.esm";"CWDummyGreatSwordImperial";"Sans nom";"";"Sans nom";"À vérifier"
"skyrim.esm|020043";"";"Arme";"WEAP";"Skyrim.esm";"020043";"Skyrim.esm";"CWDummyMaceImperial";"Sans nom";"";"Sans nom";"À vérifier"
"skyrim.esm|020049";"";"Arme";"WEAP";"Skyrim.esm";"020049";"Skyrim.esm";"CWDummySwordImperial";"Sans nom";"";"Sans nom";"À vérifier"
"skyrim.esm|02004F";"";"Arme";"WEAP";"Skyrim.esm";"02004F";"Skyrim.esm";"CWDummyWeapon1HImperial";"Sans nom";"";"Sans nom";"À vérifier"
"skyrim.esm|0200A6";"";"Arme";"WEAP";"Skyrim.esm";"0200A6";"Skyrim.esm";"CWDummyWeapon2HImperial";"Sans nom";"";"Sans nom";"À vérifier"
"skyrim.esm|020153";"";"Arme";"WEAP";"Skyrim.esm";"020153";"Skyrim.esm";"CWDummyWarhammerImperial";"Sans nom";"";"Sans nom";"À vérifier"
"skyrim.esm|020154";"";"Arme";"WEAP";"Skyrim.esm";"020154";"Skyrim.esm";"DummyWarhammer";"Sans nom";"";"Sans nom";"À vérifier"
"skyrim.esm|020155";"";"Arme";"WEAP";"Skyrim.esm";"020155";"Skyrim.esm";"CWDummyAxeSons";"Sans nom";"";"Sans nom";"À vérifier"
"skyrim.esm|020156";"";"Arme";"WEAP";"Skyrim.esm";"020156";"Skyrim.esm";"CWDummyBattleaxeSons";"Sans nom";"";"Sans nom";"À vérifier"
"skyrim.esm|020158";"";"Arme";"WEAP";"Skyrim.esm";"020158";"Skyrim.esm";"CWDummyBowSons";"Sans nom";"";"Sans nom";"À vérifier"
"skyrim.esm|02015B";"";"Arme";"WEAP";"Skyrim.esm";"02015B";"Skyrim.esm";"CWDummyGreatSwordSons";"Sans nom";"";"Sans nom";"À vérifier"
"skyrim.esm|02015D";"";"Arme";"WEAP";"Skyrim.esm";"02015D";"Skyrim.esm";"CWDummyMaceSons";"Sans nom";"";"Sans nom";"À vérifier"
"skyrim.esm|02015F";"";"Arme";"WEAP";"Skyrim.esm";"02015F";"Skyrim.esm";"CWDummySwordSons";"Sans nom";"";"Sans nom";"À vérifier"
"skyrim.esm|020160";"";"Arme";"WEAP";"Skyrim.esm";"020160";"Skyrim.esm";"CWDummyWarhammerSons";"Sans nom";"";"Sans nom";"À vérifier"
"skyrim.esm|020161";"";"Arme";"WEAP";"Skyrim.esm";"020161";"Skyrim.esm";"CWDummyWeapon1HSons";"Sans nom";"";"Sans nom";"À vérifier"
"skyrim.esm|020162";"";"Arme";"WEAP";"Skyrim.esm";"020162";"Skyrim.esm";"CWDummyWeapon2HSons";"Sans nom";"";"Sans nom";"À vérifier"
"skyrim.esm|020163";"";"Arme";"WEAP";"Skyrim.esm";"020163";"Skyrim.esm";"DummyDagger";"Sans nom";"";"Sans nom";"À vérifier"
"skyrim.esm|020164";"";"Arme";"WEAP";"Skyrim.esm";"020164";"Skyrim.esm";"CWDummyDaggerSons";"Sans nom";"";"Sans nom";"À vérifier"
"skyrim.esm|020165";"";"Arme";"WEAP";"Skyrim.esm";"020165";"Skyrim.esm";"CWDummyDaggerImperial";"Sans nom";"";"Sans nom";"À vérifier"
"skyrim.esm|06A0B8";"";"Arme";"WEAP";"Skyrim.esm";"06A0B8";"Skyrim.esm";"DummyGreatSword";"Sans nom";"";"Sans nom";"À vérifier"
"skyrim.esm|06A0B9";"";"Arme";"WEAP";"Skyrim.esm";"06A0B9";"Skyrim.esm";"DummySword";"Sans nom";"";"Sans nom";"À vérifier"
"skyrim.esm|06A0BA";"";"Arme";"WEAP";"Skyrim.esm";"06A0BA";"Skyrim.esm";"DummyMace";"Sans nom";"";"Sans nom";"À vérifier"
"skyrim.esm|06A0BB";"";"Arme";"WEAP";"Skyrim.esm";"06A0BB";"Skyrim.esm";"DummyBattleaxe";"Sans nom";"";"Sans nom";"À vérifier"
"skyrim.esm|06A0BC";"";"Arme";"WEAP";"Skyrim.esm";"06A0BC";"Skyrim.esm";"DummyWarAxe";"Sans nom";"";"Sans nom";"À vérifier"
"skyrim.esm|06A0BD";"";"Arme";"WEAP";"Skyrim.esm";"06A0BD";"Skyrim.esm";"DummyBow";"Sans nom";"";"Sans nom";"À vérifier"
"skyrim.esm|06B95D";"";"Arme";"WEAP";"Skyrim.esm";"06B95D";"Skyrim.esm";"DummyWeapon2H";"Sans nom";"";"Sans nom";"À vérifier"
"skyrim.esm|06B95F";"";"Arme";"WEAP";"Skyrim.esm";"06B95F";"Skyrim.esm";"DummyWeapon1H";"Sans nom";"";"Sans nom";"À vérifier"
"skyrim.esm|06E03B";"";"Arme";"WEAP";"Skyrim.esm";"06E03B";"Skyrim.esm";"TrapDweBallistaWeaponL01";"Sans nom";"";"Sans nom";"À vérifier"
"skyrim.esm|073FE5";"";"Arme";"WEAP";"Skyrim.esm";"073FE5";"Skyrim.esm";"CWCatapultWeapon";"Sans nom";"";"Sans nom";"À vérifier"
"dragonborn.esm|037FF3";"Animortis";"Arme";"WEAP";"Dragonborn.esm";"037FF3";"Dragonborn.esm";"DLC2dunHaknirScimitar02NP";"Table française";"Skyrim - Interface.bsa : strings\dragonborn_french.strings";"Non jouable (drapeau)";"À vérifier"
"skyrim.esm|07F6DF";"Arbalète de sphère dwemer";"Arme";"WEAP";"Skyrim.esm";"07F6DF";"Skyrim.esm";"crDwarvenSphereCrossbow";"Table française";"Skyrim - Interface.bsa : strings\skyrim_french.strings";"Non jouable (données objet)";"À vérifier"
"skyrim.esm|10EC8A";"Arbalète de sphère dwemer";"Arme";"WEAP";"Skyrim.esm";"10EC8A";"Skyrim.esm";"crDwarvenSphereCrossbow02";"Table française";"Skyrim - Interface.bsa : strings\skyrim_french.strings";"Non jouable (données objet)";"À vérifier"
"dawnguard.esm|01A179";"Arc d'os de dragon";"Arme";"WEAP";"Dawnguard.esm";"01A179";"Dawnguard.esm";"DLC1DragonboneBowKeeper";"Table française";"Skyrim - Interface.bsa : strings\dawnguard_french.strings";"Non jouable (données objet)";"À vérifier"
"dawnguard.esm|01A17A";"Arc d'os de dragon";"Arme";"WEAP";"Dawnguard.esm";"01A17A";"Dawnguard.esm";"DLC1DragonboneBowKeeper03";"Table française";"Skyrim - Interface.bsa : strings\dawnguard_french.strings";"Non jouable (données objet)";"À vérifier"
"dawnguard.esm|01A17B";"Arc d'os de dragon";"Arme";"WEAP";"Dawnguard.esm";"01A17B";"Dawnguard.esm";"DLC1DragonboneBowKeeper04";"Table française";"Skyrim - Interface.bsa : strings\dawnguard_french.strings";"Non jouable (données objet)";"À vérifier"
"dawnguard.esm|01A17C";"Arc d'os de dragon";"Arme";"WEAP";"Dawnguard.esm";"01A17C";"Dawnguard.esm";"DLC1DragonboneBowKeeper05";"Table française";"Skyrim - Interface.bsa : strings\dawnguard_french.strings";"Non jouable (données objet)";"À vérifier"
"dawnguard.esm|01A17D";"Arc d'os de dragon";"Arme";"WEAP";"Dawnguard.esm";"01A17D";"Dawnguard.esm";"DLC1DragonboneBowKeeper06";"Table française";"Skyrim - Interface.bsa : strings\dawnguard_french.strings";"Non jouable (données objet)";"À vérifier"
"dawnguard.esm|0037E5";"Arc de chasse";"Arme";"WEAP";"Dawnguard.esm";"0037E5";"Dawnguard.esm";"DLC1TrapCrossbowWeapon01";"Table française";"Skyrim - Interface.bsa : strings\dawnguard_french.strings";"Non jouable (données objet)";"À vérifier"
"dawnguard.esm|01075E";"Arc de chasse";"Arme";"WEAP";"Dawnguard.esm";"01075E";"Dawnguard.esm";"DLC1TrapCrossbowWeapon02";"Table française";"Skyrim - Interface.bsa : strings\dawnguard_french.strings";"Non jouable (données objet)";"À vérifier"
"dawnguard.esm|01075F";"Arc de chasse";"Arme";"WEAP";"Dawnguard.esm";"01075F";"Dawnguard.esm";"DLC1TrapCrossbowWeapon03";"Table française";"Skyrim - Interface.bsa : strings\dawnguard_french.strings";"Non jouable (données objet)";"À vérifier"
"dawnguard.esm|010760";"Arc de chasse";"Arme";"WEAP";"Dawnguard.esm";"010760";"Dawnguard.esm";"DLC1TrapCrossbowWeapon04";"Table française";"Skyrim - Interface.bsa : strings\dawnguard_french.strings";"Non jouable (données objet)";"À vérifier"
"dawnguard.esm|010761";"Arc de chasse";"Arme";"WEAP";"Dawnguard.esm";"010761";"Dawnguard.esm";"DLC1TrapCrossbowWeapon05";"Table française";"Skyrim - Interface.bsa : strings\dawnguard_french.strings";"Non jouable (données objet)";"À vérifier"
"dawnguard.esm|010762";"Arc de chasse";"Arme";"WEAP";"Dawnguard.esm";"010762";"Dawnguard.esm";"DLC1TrapCrossbowWeapon06";"Table française";"Skyrim - Interface.bsa : strings\dawnguard_french.strings";"Non jouable (données objet)";"À vérifier"
"skyrim.esm|06DEC0";"Arc de chasse";"Arme";"WEAP";"Skyrim.esm";"06DEC0";"Skyrim.esm";"TrapDweBallistaWeaponM01";"Table française";"Skyrim - Interface.bsa : strings\skyrim_french.strings";"Non jouable (données objet)";"À vérifier"
"skyrim.esm|06E03C";"Arc de chasse";"Arme";"WEAP";"Skyrim.esm";"06E03C";"Skyrim.esm";"TrapDweBallistaWeaponR01";"Table française";"Skyrim - Interface.bsa : strings\skyrim_french.strings";"Non jouable (données objet)";"À vérifier"
"skyrim.esm|10E2DD";"Arc de chasse";"Arme";"WEAP";"Skyrim.esm";"10E2DD";"Skyrim.esm";"FollowerHuntingBow";"Table française";"Skyrim - Interface.bsa : strings\skyrim_french.strings";"Non jouable (données objet)";"À vérifier"
"skyrim.esm|0DEED8";"Arc de Karliah";"Arme";"WEAP";"Skyrim.esm";"0DEED8";"Skyrim.esm";"NightingaleBowNPC";"Table française";"Skyrim - Interface.bsa : strings\skyrim_french.strings";"Non jouable (données objet)";"À vérifier"
"skyrim.esm|0424F8";"Arc lié";"Arme";"WEAP";"Skyrim.esm";"0424F8";"Skyrim.esm";"BoundWeaponBowMystic";"Table française";"Skyrim - Interface.bsa : strings\skyrim_french.strings";"Non jouable (données objet)";"À vérifier"
"skyrim.esm|058F60";"Arc lié";"Arme";"WEAP";"Skyrim.esm";"058F60";"Skyrim.esm";"BoundWeaponBow";"Table française";"Skyrim - Interface.bsa : strings\skyrim_french.strings";"Non jouable (données objet)";"À vérifier"
"dragonborn.esm|0339A2";"Baliste dwemer";"Arme";"WEAP";"Dragonborn.esm";"0339A2";"Dragonborn.esm";"DLC2crDwarvenBallistaBow02";"Table française";"Skyrim - Interface.bsa : strings\dragonborn_french.strings";"Non jouable (drapeau)";"À vérifier"
"dragonborn.esm|0339A3";"Baliste dwemer";"Arme";"WEAP";"Dragonborn.esm";"0339A3";"Dragonborn.esm";"DLC2crDwarvenBallistaBow01";"Table française";"Skyrim - Interface.bsa : strings\dragonborn_french.strings";"Non jouable (drapeau)";"À vérifier"
"dragonborn.esm|0339A4";"Baliste dwemer";"Arme";"WEAP";"Dragonborn.esm";"0339A4";"Dragonborn.esm";"DLC2crDwarvenBallistaBow03";"Table française";"Skyrim - Interface.bsa : strings\dragonborn_french.strings";"Non jouable (drapeau)";"À vérifier"
"dragonborn.esm|03C0F8";"Bâton de Miraak";"Arme";"WEAP";"Dragonborn.esm";"03C0F8";"Dragonborn.esm";"DLC2MKMiraakFightStaff1";"Table française";"Skyrim - Interface.bsa : strings\dragonborn_french.strings";"Non jouable (drapeau)";"À vérifier"
"dragonborn.esm|03C0FE";"Bâton de Miraak";"Arme";"WEAP";"Dragonborn.esm";"03C0FE";"Dragonborn.esm";"DLC2MKMiraakFightStaff2";"Table française";"Skyrim - Interface.bsa : strings\dragonborn_french.strings";"Non jouable (drapeau)";"À vérifier"
"dragonborn.esm|03C0FF";"Bâton de Miraak";"Arme";"WEAP";"Dragonborn.esm";"03C0FF";"Dragonborn.esm";"DLC2MKMiraakFightStaff3";"Table française";"Skyrim - Interface.bsa : strings\dragonborn_french.strings";"Non jouable (drapeau)";"À vérifier"
"dragonborn.esm|03C100";"Bâton de Miraak";"Arme";"WEAP";"Dragonborn.esm";"03C100";"Dragonborn.esm";"DLC2MKMiraakFightStaff4";"Table française";"Skyrim - Interface.bsa : strings\dragonborn_french.strings";"Non jouable (drapeau)";"À vérifier"
"dragonborn.esm|03C101";"Bâton de Miraak";"Arme";"WEAP";"Dragonborn.esm";"03C101";"Dragonborn.esm";"DLC2MKMiraakFightStaff5";"Table française";"Skyrim - Interface.bsa : strings\dragonborn_french.strings";"Non jouable (drapeau)";"À vérifier"
"dragonborn.esm|03C102";"Bâton de Miraak";"Arme";"WEAP";"Dragonborn.esm";"03C102";"Dragonborn.esm";"DLC2MKMiraakFightStaff6";"Table française";"Skyrim - Interface.bsa : strings\dragonborn_french.strings";"Non jouable (drapeau)";"À vérifier"
"dragonborn.esm|01AED0";"Bloodskal Firing Weapon";"Arme";"WEAP";"Dragonborn.esm";"01AED0";"Dragonborn.esm";"DLC2BloodskalProjectileWeapon";"Table française";"Skyrim - Interface.bsa : strings\dragonborn_french.strings";"Non jouable (drapeau)";"À vérifier"
"dawnguard.esm|00CFB4";"Dague d'acier de la Forgeciel";"Arme";"WEAP";"Dawnguard.esm";"00CFB4";"Dawnguard.esm";"DLC1LD_SkyforgeSteelDaggerNP";"Table française";"Skyrim - Interface.bsa : strings\dawnguard_french.strings";"Non jouable (données objet)";"À vérifier"
"dawnguard.esm|01681F";"Dague elfique";"Arme";"WEAP";"Dawnguard.esm";"01681F";"Dawnguard.esm";"DLC1PrelateDagger";"Table française";"Skyrim - Interface.bsa : strings\dawnguard_french.strings";"Non jouable (drapeau)";"À vérifier"
"dragonborn.esm|01CE02";"Dague liée";"Arme";"WEAP";"Dragonborn.esm";"01CE02";"Dragonborn.esm";"DLC2BoundWeaponDagger";"Table française";"Skyrim - Interface.bsa : strings\dragonborn_french.strings";"Non jouable (drapeau)";"À vérifier"
"dragonborn.esm|01CE03";"Dague liée";"Arme";"WEAP";"Dragonborn.esm";"01CE03";"Dragonborn.esm";"DLC2BoundWeaponDaggerMystic";"Table française";"Skyrim - Interface.bsa : strings\dragonborn_french.strings";"Non jouable (drapeau)";"À vérifier"
"skyrim.esm|0142E3";"Dart Trap Weapon";"Arme";"WEAP";"Skyrim.esm";"0142E3";"Skyrim.esm";"TrapDartWeapon01";"Table française";"Skyrim - Interface.bsa : strings\skyrim_french.strings";"Non jouable (données objet)";"À vérifier"
"skyrim.esm|0391B1";"Dart Trap Weapon";"Arme";"WEAP";"Skyrim.esm";"0391B1";"Skyrim.esm";"TrapDartWeapon02";"Table française";"Skyrim - Interface.bsa : strings\skyrim_french.strings";"Non jouable (données objet)";"À vérifier"
"skyrim.esm|0391B2";"Dart Trap Weapon";"Arme";"WEAP";"Skyrim.esm";"0391B2";"Skyrim.esm";"TrapDartWeapon03";"Table française";"Skyrim - Interface.bsa : strings\skyrim_french.strings";"Non jouable (données objet)";"À vérifier"
"skyrim.esm|0391B3";"Dart Trap Weapon";"Arme";"WEAP";"Skyrim.esm";"0391B3";"Skyrim.esm";"TrapDartWeapon04";"Table française";"Skyrim - Interface.bsa : strings\skyrim_french.strings";"Non jouable (données objet)";"À vérifier"
"skyrim.esm|0391B4";"Dart Trap Weapon";"Arme";"WEAP";"Skyrim.esm";"0391B4";"Skyrim.esm";"TrapDartWeapon05";"Table française";"Skyrim - Interface.bsa : strings\skyrim_french.strings";"Non jouable (données objet)";"À vérifier"
"skyrim.esm|0391B5";"Dart Trap Weapon";"Arme";"WEAP";"Skyrim.esm";"0391B5";"Skyrim.esm";"TrapDartWeapon06";"Table française";"Skyrim - Interface.bsa : strings\skyrim_french.strings";"Non jouable (données objet)";"À vérifier"
"skyrim.esm|10A257";"Dart Trap Weapon";"Arme";"WEAP";"Skyrim.esm";"10A257";"Skyrim.esm";"TrapDartWeaponDwe01";"Table française";"Skyrim - Interface.bsa : strings\skyrim_french.strings";"Non jouable (données objet)";"À vérifier"
"skyrim.esm|10A258";"Dart Trap Weapon";"Arme";"WEAP";"Skyrim.esm";"10A258";"Skyrim.esm";"TrapDartWeaponDwe02";"Table française";"Skyrim - Interface.bsa : strings\skyrim_french.strings";"Non jouable (données objet)";"À vérifier"
"skyrim.esm|10A259";"Dart Trap Weapon";"Arme";"WEAP";"Skyrim.esm";"10A259";"Skyrim.esm";"TrapDartWeaponDwe03";"Table française";"Skyrim - Interface.bsa : strings\skyrim_french.strings";"Non jouable (données objet)";"À vérifier"
"skyrim.esm|10A25A";"Dart Trap Weapon";"Arme";"WEAP";"Skyrim.esm";"10A25A";"Skyrim.esm";"TrapDartWeaponDwe04";"Table française";"Skyrim - Interface.bsa : strings\skyrim_french.strings";"Non jouable (données objet)";"À vérifier"
"skyrim.esm|10A25B";"Dart Trap Weapon";"Arme";"WEAP";"Skyrim.esm";"10A25B";"Skyrim.esm";"TrapDartWeaponDwe05";"Table française";"Skyrim - Interface.bsa : strings\skyrim_french.strings";"Non jouable (données objet)";"À vérifier"
"skyrim.esm|10A25C";"Dart Trap Weapon";"Arme";"WEAP";"Skyrim.esm";"10A25C";"Skyrim.esm";"TrapDartWeaponDwe06";"Table française";"Skyrim - Interface.bsa : strings\skyrim_french.strings";"Non jouable (données objet)";"À vérifier"
"dawnguard.esm|01A180";"Épée d'os de dragon";"Arme";"WEAP";"Dawnguard.esm";"01A180";"Dawnguard.esm";"DLC1DragonboneSwordKeeper";"Table française";"Skyrim - Interface.bsa : strings\dawnguard_french.strings";"Non jouable (données objet)";"À vérifier"
"dawnguard.esm|01A181";"Épée d'os de dragon";"Arme";"WEAP";"Dawnguard.esm";"01A181";"Dawnguard.esm";"DLC1DragonboneSwordKeeper03";"Table française";"Skyrim - Interface.bsa : strings\dawnguard_french.strings";"Non jouable (données objet)";"À vérifier"
"dawnguard.esm|01A182";"Épée d'os de dragon";"Arme";"WEAP";"Dawnguard.esm";"01A182";"Dawnguard.esm";"DLC1DragonboneSwordKeeper04";"Table française";"Skyrim - Interface.bsa : strings\dawnguard_french.strings";"Non jouable (données objet)";"À vérifier"
"dawnguard.esm|01A183";"Épée d'os de dragon";"Arme";"WEAP";"Dawnguard.esm";"01A183";"Dawnguard.esm";"DLC1DragonboneSwordKeeper05";"Table française";"Skyrim - Interface.bsa : strings\dawnguard_french.strings";"Non jouable (données objet)";"À vérifier"
"dawnguard.esm|01A184";"Épée d'os de dragon";"Arme";"WEAP";"Dawnguard.esm";"01A184";"Dawnguard.esm";"DLC1DragonboneSwordKeeper06";"Table française";"Skyrim - Interface.bsa : strings\dawnguard_french.strings";"Non jouable (données objet)";"À vérifier"
"dragonborn.esm|03C0EB";"Épée de Miraak";"Arme";"WEAP";"Dragonborn.esm";"03C0EB";"Dragonborn.esm";"DLC2MKMiraakFightSword1";"Table française";"Skyrim - Interface.bsa : strings\dragonborn_french.strings";"Non jouable (drapeau)";"À vérifier"
"dragonborn.esm|03C0EC";"Épée de Miraak";"Arme";"WEAP";"Dragonborn.esm";"03C0EC";"Dragonborn.esm";"DLC2MKMiraakFightSword2";"Table française";"Skyrim - Interface.bsa : strings\dragonborn_french.strings";"Non jouable (drapeau)";"À vérifier"
"dragonborn.esm|03C0ED";"Épée de Miraak";"Arme";"WEAP";"Dragonborn.esm";"03C0ED";"Dragonborn.esm";"DLC2MKMiraakFightSword3";"Table française";"Skyrim - Interface.bsa : strings\dragonborn_french.strings";"Non jouable (drapeau)";"À vérifier"
"dragonborn.esm|03C0EE";"Épée de Miraak";"Arme";"WEAP";"Dragonborn.esm";"03C0EE";"Dragonborn.esm";"DLC2MKMiraakFightSword4";"Table française";"Skyrim - Interface.bsa : strings\dragonborn_french.strings";"Non jouable (drapeau)";"À vérifier"
"dragonborn.esm|03C0EF";"Épée de Miraak";"Arme";"WEAP";"Dragonborn.esm";"03C0EF";"Dragonborn.esm";"DLC2MKMiraakFightSword5";"Table française";"Skyrim - Interface.bsa : strings\dragonborn_french.strings";"Non jouable (drapeau)";"À vérifier"
"dragonborn.esm|03C0F0";"Épée de Miraak";"Arme";"WEAP";"Dragonborn.esm";"03C0F0";"Dragonborn.esm";"DLC2MKMiraakFightSword6";"Table française";"Skyrim - Interface.bsa : strings\dragonborn_french.strings";"Non jouable (drapeau)";"À vérifier"
"skyrim.esm|0DEED7";"Épée de Rossignol";"Arme";"WEAP";"Skyrim.esm";"0DEED7";"Skyrim.esm";"NightingaleBladeNPC";"Table française";"Skyrim - Interface.bsa : strings\skyrim_french.strings";"Non jouable (données objet)";"À vérifier"
"dragonborn.esm|023F6C";"Épée liée";"Arme";"WEAP";"Dragonborn.esm";"023F6C";"Dragonborn.esm";"DLC2MiraakBoundWeaponSword";"Table française";"Skyrim - Interface.bsa : strings\dragonborn_french.strings";"Non jouable (drapeau)";"À vérifier"
"skyrim.esm|0424F9";"Épée liée";"Arme";"WEAP";"Skyrim.esm";"0424F9";"Skyrim.esm";"BoundWeaponSwordMystic";"Table française";"Skyrim - Interface.bsa : strings\skyrim_french.strings";"Non jouable (données objet)";"À vérifier"
"skyrim.esm|058F5F";"Épée liée";"Arme";"WEAP";"Skyrim.esm";"058F5F";"Skyrim.esm";"BoundWeaponSword";"Table française";"Skyrim - Interface.bsa : strings\skyrim_french.strings";"Non jouable (données objet)";"À vérifier"
"skyrim.esm|0BA30E";"Épée liée";"Arme";"WEAP";"Skyrim.esm";"0BA30E";"Skyrim.esm";"BoundWeaponSwordRightHand";"Table française";"Skyrim - Interface.bsa : strings\skyrim_french.strings";"Non jouable (données objet)";"À vérifier"
"skyrim.esm|0771B9";"Épée spectrale";"Arme";"WEAP";"Skyrim.esm";"0771B9";"Skyrim.esm";"MQ105PhantomSword";"Table française";"Skyrim - Interface.bsa : strings\skyrim_french.strings";"Non jouable (données objet)";"À vérifier"
"skyrim.esm|017288";"Espadon d'acier de flammes";"Arme";"WEAP";"Skyrim.esm";"017288";"Skyrim.esm";"DA14DremoraGreatswordFire03";"Table française";"Skyrim - Interface.bsa : strings\skyrim_french.strings";"Non jouable (données objet)";"À vérifier"
"dawnguard.esm|014C9F";"Espadon d'os de dragon";"Arme";"WEAP";"Dawnguard.esm";"014C9F";"Dawnguard.esm";"DLC1WrathmanGreatsword";"Table française";"Skyrim - Interface.bsa : strings\dawnguard_french.strings";"Non jouable (données objet)";"À vérifier"
"skyrim.esm|017009";"Espadon daedra d'incinération";"Arme";"WEAP";"Skyrim.esm";"017009";"Skyrim.esm";"EnchDaedricGreatswordDremoraFire06";"Table française";"Skyrim - Interface.bsa : strings\skyrim_french.strings";"Non jouable (données objet)";"À vérifier"
"dragonborn.esm|01E112";"Giant Fishman Weapon";"Arme";"WEAP";"Dragonborn.esm";"01E112";"Dragonborn.esm";"DLC2CrBenthicLurkerWeapon";"Table française";"Skyrim - Interface.bsa : strings\dragonborn_french.strings";"Non jouable (données objet)";"À vérifier"
"skyrim.esm|0461DA";"Gourdin de géant";"Arme";"WEAP";"Skyrim.esm";"0461DA";"Skyrim.esm";"CrGiantClub";"Table française";"Skyrim - Interface.bsa : strings\skyrim_french.strings";"Non jouable (données objet)";"À vérifier"
"skyrim.esm|0C334F";"Gourdin de géant";"Arme";"WEAP";"Skyrim.esm";"0C334F";"Skyrim.esm";"DA06GiantClub";"Table française";"Skyrim - Interface.bsa : strings\skyrim_french.strings";"Non jouable (données objet)";"À vérifier"
"skyrim.esm|0CDEC9";"Gourdin de géant";"Arme";"WEAP";"Skyrim.esm";"0CDEC9";"Skyrim.esm";"C00GiantClub";"Table française";"Skyrim - Interface.bsa : strings\skyrim_french.strings";"Non jouable (données objet)";"À vérifier"
"dawnguard.esm|012D14";"Gourdin de géant de glace";"Arme";"WEAP";"Dawnguard.esm";"012D14";"Dawnguard.esm";"DLC1FrostGiantClub";"Table française";"Skyrim - Interface.bsa : strings\dawnguard_french.strings";"Non jouable (données objet)";"À vérifier"
"dragonborn.esm|0317D3";"Hache d'armes d'engeance des cendres";"Arme";"WEAP";"Dragonborn.esm";"0317D3";"Dragonborn.esm";"DLC2AshSpawnBattleAxe";"Table française";"Skyrim - Interface.bsa : strings\dragonborn_french.strings";"Non jouable (drapeau)";"À vérifier"
"dawnguard.esm|0113B7";"Hache d'armes d'os de dragon";"Arme";"WEAP";"Dawnguard.esm";"0113B7";"Dawnguard.esm";"DLC1DragonboneBattleaxeKeeper";"Table française";"Skyrim - Interface.bsa : strings\dawnguard_french.strings";"Non jouable (données objet)";"À vérifier"
"dawnguard.esm|0113B8";"Hache d'armes d'os de dragon";"Arme";"WEAP";"Dawnguard.esm";"0113B8";"Dawnguard.esm";"DLC1DragonboneBattleaxeKeeper03";"Table française";"Skyrim - Interface.bsa : strings\dawnguard_french.strings";"Non jouable (données objet)";"À vérifier"
"dawnguard.esm|0113B9";"Hache d'armes d'os de dragon";"Arme";"WEAP";"Dawnguard.esm";"0113B9";"Dawnguard.esm";"DLC1DragonboneBattleaxeKeeper04";"Table française";"Skyrim - Interface.bsa : strings\dawnguard_french.strings";"Non jouable (données objet)";"À vérifier"
"dawnguard.esm|0113BA";"Hache d'armes d'os de dragon";"Arme";"WEAP";"Dawnguard.esm";"0113BA";"Dawnguard.esm";"DLC1DragonboneBattleaxeKeeper05";"Table française";"Skyrim - Interface.bsa : strings\dawnguard_french.strings";"Non jouable (données objet)";"À vérifier"
"dawnguard.esm|0113BB";"Hache d'armes d'os de dragon";"Arme";"WEAP";"Dawnguard.esm";"0113BB";"Dawnguard.esm";"DLC1DragonboneBattleaxeKeeper06";"Table française";"Skyrim - Interface.bsa : strings\dawnguard_french.strings";"Non jouable (données objet)";"À vérifier"
"dawnguard.esm|014CA0";"Hache d'armes d'os de dragon";"Arme";"WEAP";"Dawnguard.esm";"014CA0";"Dawnguard.esm";"DLC1WrathmanBattleaxe";"Table française";"Skyrim - Interface.bsa : strings\dawnguard_french.strings";"Non jouable (données objet)";"À vérifier"
"skyrim.esm|05BF16";"Hache d'armes de Tsun";"Arme";"WEAP";"Skyrim.esm";"05BF16";"Skyrim.esm";"MQ304DraugrBattleAxeTsun02";"Table française";"Skyrim - Interface.bsa : strings\skyrim_french.strings";"Non jouable (données objet)";"À vérifier"
"skyrim.esm|05BF18";"Hache d'armes de Tsun";"Arme";"WEAP";"Skyrim.esm";"05BF18";"Skyrim.esm";"MQ304DraugrBattleAxeTsun04";"Table française";"Skyrim - Interface.bsa : strings\skyrim_french.strings";"Non jouable (données objet)";"À vérifier"
"skyrim.esm|05BF19";"Hache d'armes de Tsun";"Arme";"WEAP";"Skyrim.esm";"05BF19";"Skyrim.esm";"MQ304DraugrBattleAxeTsun01";"Table française";"Skyrim - Interface.bsa : strings\skyrim_french.strings";"Non jouable (données objet)";"À vérifier"
"skyrim.esm|05BF1A";"Hache d'armes de Tsun";"Arme";"WEAP";"Skyrim.esm";"05BF1A";"Skyrim.esm";"MQ304DraugrBattleAxeTsun03";"Table française";"Skyrim - Interface.bsa : strings\skyrim_french.strings";"Non jouable (données objet)";"À vérifier"
"skyrim.esm|0424F7";"Hache d'armes liée";"Arme";"WEAP";"Skyrim.esm";"0424F7";"Skyrim.esm";"BoundWeaponBattleaxeMystic";"Table française";"Skyrim - Interface.bsa : strings\skyrim_french.strings";"Non jouable (données objet)";"À vérifier"
"skyrim.esm|058F5E";"Hache d'armes liée";"Arme";"WEAP";"Skyrim.esm";"058F5E";"Skyrim.esm";"BoundWeaponBattleaxe";"Table française";"Skyrim - Interface.bsa : strings\skyrim_french.strings";"Non jouable (données objet)";"À vérifier"
"dragonborn.esm|030CB2";"Hache d'engeance des cendres";"Arme";"WEAP";"Dragonborn.esm";"030CB2";"Dragonborn.esm";"DLC2AshSpawnWarAxe";"Table française";"Skyrim - Interface.bsa : strings\dragonborn_french.strings";"Non jouable (drapeau)";"À vérifier"
"skyrim.esm|10F9C6";"Lamentation";"Arme";"WEAP";"Skyrim.esm";"10F9C6";"Skyrim.esm";"MGRKeeningNonPlayable";"Table française";"Skyrim - Interface.bsa : strings\skyrim_french.strings";"Non jouable (données objet)";"À vérifier"
"dragonborn.esm|01B935";"Lance de riekelin";"Arme";"WEAP";"Dragonborn.esm";"01B935";"Dragonborn.esm";"DLC2RieklingSpear";"Table française";"Skyrim - Interface.bsa : strings\dragonborn_french.strings";"Non jouable (drapeau)";"À vérifier"
"dragonborn.esm|03C337";"Lance de riekelin";"Arme";"WEAP";"Dragonborn.esm";"03C337";"Dragonborn.esm";"DLC2RieklingSpearCharge";"Table française";"Skyrim - Interface.bsa : strings\dragonborn_french.strings";"Non jouable (drapeau)";"À vérifier"
"dragonborn.esm|03BD07";"Lancier riekelin";"Arme";"WEAP";"Dragonborn.esm";"03BD07";"Dragonborn.esm";"DLC2crRieklingSpearThrower";"Table française";"Skyrim - Interface.bsa : strings\dragonborn_french.strings";"Non jouable (drapeau)";"À vérifier"
"dawnguard.esm|014C9E";"Marteau d'os de dragon";"Arme";"WEAP";"Dawnguard.esm";"014C9E";"Dawnguard.esm";"DLC1WrathmanWarhammer";"Table française";"Skyrim - Interface.bsa : strings\dawnguard_french.strings";"Non jouable (données objet)";"À vérifier"
"dawnguard.esm|01A173";"Masse d'os de dragon";"Arme";"WEAP";"Dawnguard.esm";"01A173";"Dawnguard.esm";"DLC1DragonboneMaceKeeper";"Table française";"Skyrim - Interface.bsa : strings\dawnguard_french.strings";"Non jouable (données objet)";"À vérifier"
"dawnguard.esm|01A174";"Masse d'os de dragon";"Arme";"WEAP";"Dawnguard.esm";"01A174";"Dawnguard.esm";"DLC1DragonboneMaceKeeper03";"Table française";"Skyrim - Interface.bsa : strings\dawnguard_french.strings";"Non jouable (données objet)";"À vérifier"
"dawnguard.esm|01A175";"Masse d'os de dragon";"Arme";"WEAP";"Dawnguard.esm";"01A175";"Dawnguard.esm";"DLC1DragonboneMaceKeeper04";"Table française";"Skyrim - Interface.bsa : strings\dawnguard_french.strings";"Non jouable (données objet)";"À vérifier"
"dawnguard.esm|01A176";"Masse d'os de dragon";"Arme";"WEAP";"Dawnguard.esm";"01A176";"Dawnguard.esm";"DLC1DragonboneMaceKeeper05";"Table française";"Skyrim - Interface.bsa : strings\dawnguard_french.strings";"Non jouable (données objet)";"À vérifier"
"dawnguard.esm|01A177";"Masse d'os de dragon";"Arme";"WEAP";"Dawnguard.esm";"01A177";"Dawnguard.esm";"DLC1DragonboneMaceKeeper06";"Table française";"Skyrim - Interface.bsa : strings\dawnguard_french.strings";"Non jouable (données objet)";"À vérifier"
"skyrim.esm|10FD5E";"Masse daedra d'incinération";"Arme";"WEAP";"Skyrim.esm";"10FD5E";"Skyrim.esm";"SummonedDaedricMaceFire06";"Table française";"Skyrim - Interface.bsa : strings\skyrim_french.strings";"Non jouable (données objet)";"À vérifier"
"dawnguard.esm|01681E";"Masse de Prélat";"Arme";"WEAP";"Dawnguard.esm";"01681E";"Dawnguard.esm";"DLC1PrelateMace";"Table française";"Skyrim - Interface.bsa : strings\dawnguard_french.strings";"Non jouable (données objet)";"À vérifier"
"dragonborn.esm|037FF2";"Sangalfange";"Arme";"WEAP";"Dragonborn.esm";"037FF2";"Dragonborn.esm";"DLC2dunHaknirScimitar01NP";"Table française";"Skyrim - Interface.bsa : strings\dragonborn_french.strings";"Non jouable (drapeau)";"À vérifier"
"dawnguard.esm|014F0D";"Symbole d'aethérium";"Arme";"WEAP";"Dawnguard.esm";"014F0D";"Dawnguard.esm";"DLC1LD_AetheriumCrestNP";"Table française";"Skyrim - Interface.bsa : strings\dawnguard_french.strings";"Non jouable (données objet)";"À vérifier"
"dawnguard.esm|00CFB5";"Zéphyr";"Arme";"WEAP";"Dawnguard.esm";"00CFB5";"Dawnguard.esm";"DLC1LD_KatriaBowNP";"Table française";"Skyrim - Interface.bsa : strings\dawnguard_french.strings";"Non jouable (données objet)";"À vérifier"
"dawnguard.esm|0023E0";"";"Armure / vêtement";"ARMO";"Dawnguard.esm";"0023E0";"Dawnguard.esm";"SkinSkeletonArmor";"Sans nom";"";"Sans nom";"À vérifier"
"dawnguard.esm|0023F5";"";"Armure / vêtement";"ARMO";"Dawnguard.esm";"0023F5";"Dawnguard.esm";"DLC1SkinNakedVampireLord";"Sans nom";"";"Sans nom";"À vérifier"
"dawnguard.esm|002848";"";"Armure / vêtement";"ARMO";"Dawnguard.esm";"002848";"Dawnguard.esm";"DLC1SkinFalmerFemale";"Sans nom";"";"Sans nom";"À vérifier"
"dawnguard.esm|00284B";"";"Armure / vêtement";"ARMO";"Dawnguard.esm";"00284B";"Dawnguard.esm";"DLC1SkinFalmerFemale01";"Sans nom";"";"Sans nom";"À vérifier"
"dawnguard.esm|002AE7";"";"Armure / vêtement";"ARMO";"Dawnguard.esm";"002AE7";"Dawnguard.esm";"DLC1SkinSoulCairnSoulWisp";"Sans nom";"";"Sans nom";"À vérifier"
"dawnguard.esm|002B16";"";"Armure / vêtement";"ARMO";"Dawnguard.esm";"002B16";"Dawnguard.esm";"DLC1SkinFalmer07";"Sans nom";"";"Sans nom";"À vérifier"
"dawnguard.esm|0038CE";"";"Armure / vêtement";"ARMO";"Dawnguard.esm";"0038CE";"Dawnguard.esm";"DLC1SkinDragonIceLake";"Sans nom";"";"Sans nom";"À vérifier"
"dawnguard.esm|003C69";"";"Armure / vêtement";"ARMO";"Dawnguard.esm";"003C69";"Dawnguard.esm";"DLC1SkinSabrecat";"Sans nom";"";"Sans nom";"À vérifier"
"dawnguard.esm|006AFB";"";"Armure / vêtement";"ARMO";"Dawnguard.esm";"006AFB";"Dawnguard.esm";"DLC1SoulCairnSkinSkeletonNecro";"Sans nom";"";"Sans nom";"À vérifier"
"dawnguard.esm|006AFC";"";"Armure / vêtement";"ARMO";"Dawnguard.esm";"006AFC";"Dawnguard.esm";"DLC1SoulCairnSkinSkeletonNecro02";"Sans nom";"";"Sans nom";"À vérifier"
"dawnguard.esm|006DBA";"";"Armure / vêtement";"ARMO";"Dawnguard.esm";"006DBA";"Dawnguard.esm";"DLC1SkinFrostGiant";"Sans nom";"";"Sans nom";"À vérifier"
"dawnguard.esm|006DBC";"";"Armure / vêtement";"ARMO";"Dawnguard.esm";"006DBC";"Dawnguard.esm";"DLC1SkinVampireFalmer";"Sans nom";"";"Sans nom";"À vérifier"
"dawnguard.esm|0071CE";"";"Armure / vêtement";"ARMO";"Dawnguard.esm";"0071CE";"Dawnguard.esm";"DLC1EncSoulCairnBonemanSkin";"Sans nom";"";"Sans nom";"À vérifier"
"dawnguard.esm|00894E";"";"Armure / vêtement";"ARMO";"Dawnguard.esm";"00894E";"Dawnguard.esm";"DLC1SoulCairnSkinSkeletonArmor";"Sans nom";"";"Sans nom";"À vérifier"
"dawnguard.esm|00966C";"";"Armure / vêtement";"ARMO";"Dawnguard.esm";"00966C";"Dawnguard.esm";"SkinHorseBONE";"Sans nom";"";"Sans nom";"À vérifier"
"dawnguard.esm|00A2C8";"";"Armure / vêtement";"ARMO";"Dawnguard.esm";"00A2C8";"Dawnguard.esm";"DLC1SkinGargoyle";"Sans nom";"";"Sans nom";"À vérifier"
"dawnguard.esm|00B4C2";"";"Armure / vêtement";"ARMO";"Dawnguard.esm";"00B4C2";"Dawnguard.esm";"ElderScrollHandAttachArmor3rdP";"Sans nom";"";"Sans nom";"À vérifier"
"dawnguard.esm|00D97F";"";"Armure / vêtement";"ARMO";"Dawnguard.esm";"00D97F";"Dawnguard.esm";"DLC1SkinVampireFalmerWings";"Sans nom";"";"Sans nom";"À vérifier"
"dawnguard.esm|00D980";"";"Armure / vêtement";"ARMO";"Dawnguard.esm";"00D980";"Dawnguard.esm";"DLC1SkinVampireFalmerFeral";"Sans nom";"";"Sans nom";"À vérifier"
"dawnguard.esm|00D981";"";"Armure / vêtement";"ARMO";"Dawnguard.esm";"00D981";"Dawnguard.esm";"DLC1SkinVampireFalmerFeralWings";"Sans nom";"";"Sans nom";"À vérifier"
"dawnguard.esm|010CFD";"";"Armure / vêtement";"ARMO";"Dawnguard.esm";"010CFD";"Dawnguard.esm";"DLC1SkinGargoyleVariantBoss";"Sans nom";"";"Sans nom";"À vérifier"
"dawnguard.esm|010CFE";"";"Armure / vêtement";"ARMO";"Dawnguard.esm";"010CFE";"Dawnguard.esm";"DLC1SkinGargoyleVariantBossSTONE";"Sans nom";"";"Sans nom";"À vérifier"
"dawnguard.esm|011A6E";"";"Armure / vêtement";"ARMO";"Dawnguard.esm";"011A6E";"Dawnguard.esm";"SkinDragonUndead";"Sans nom";"";"Sans nom";"À vérifier"
"dawnguard.esm|011A74";"";"Armure / vêtement";"ARMO";"Dawnguard.esm";"011A74";"Dawnguard.esm";"DragonUndeadBloodHeadFXArmor";"Sans nom";"";"Sans nom";"À vérifier"
"dawnguard.esm|011A75";"";"Armure / vêtement";"ARMO";"Dawnguard.esm";"011A75";"Dawnguard.esm";"DragonUndeadBloodTailFXArmor";"Sans nom";"";"Sans nom";"À vérifier"
"dawnguard.esm|011A76";"";"Armure / vêtement";"ARMO";"Dawnguard.esm";"011A76";"Dawnguard.esm";"DragonUndeadBloodWingLFXArmor";"Sans nom";"";"Sans nom";"À vérifier"
"dawnguard.esm|011A77";"";"Armure / vêtement";"ARMO";"Dawnguard.esm";"011A77";"Dawnguard.esm";"DragonUndeadBloodWingRFXArmor";"Sans nom";"";"Sans nom";"À vérifier"
"dawnguard.esm|011A78";"";"Armure / vêtement";"ARMO";"Dawnguard.esm";"011A78";"Dawnguard.esm";"SkinNakedFarDecay";"Sans nom";"";"Sans nom";"À vérifier"
"dawnguard.esm|013B79";"";"Armure / vêtement";"ARMO";"Dawnguard.esm";"013B79";"Dawnguard.esm";"SkinSprigganEarthMother";"Sans nom";"";"Sans nom";"À vérifier"
"dawnguard.esm|014CCD";"";"Armure / vêtement";"ARMO";"Dawnguard.esm";"014CCD";"Dawnguard.esm";"DLC1SkinGargoyleAlbino";"Sans nom";"";"Sans nom";"À vérifier"
"dawnguard.esm|014EAB";"";"Armure / vêtement";"ARMO";"Dawnguard.esm";"014EAB";"Dawnguard.esm";"skinDragonPurple";"Sans nom";"";"Sans nom";"À vérifier"
"dawnguard.esm|014EB0";"";"Armure / vêtement";"ARMO";"Dawnguard.esm";"014EB0";"Dawnguard.esm";"Dragon_Purple_BloodWingLFXArmor";"Sans nom";"";"Sans nom";"À vérifier"
"dawnguard.esm|014EB1";"";"Armure / vêtement";"ARMO";"Dawnguard.esm";"014EB1";"Dawnguard.esm";"Dragon_Purple_BloodHeadFXArmor";"Sans nom";"";"Sans nom";"À vérifier"
"dawnguard.esm|014EB2";"";"Armure / vêtement";"ARMO";"Dawnguard.esm";"014EB2";"Dawnguard.esm";"Dragon_Purple_BloodTailFXArmor";"Sans nom";"";"Sans nom";"À vérifier"
"dawnguard.esm|014EB3";"";"Armure / vêtement";"ARMO";"Dawnguard.esm";"014EB3";"Dawnguard.esm";"Dragon_Purple_BloodWingRFXArmor";"Sans nom";"";"Sans nom";"À vérifier"
"dawnguard.esm|014EB6";"";"Armure / vêtement";"ARMO";"Dawnguard.esm";"014EB6";"Dawnguard.esm";"SkinNakedFarPurple";"Sans nom";"";"Sans nom";"À vérifier"
"dawnguard.esm|014EB8";"";"Armure / vêtement";"ARMO";"Dawnguard.esm";"014EB8";"Dawnguard.esm";"SkinNakedFarIceLake";"Sans nom";"";"Sans nom";"À vérifier"
"dawnguard.esm|014EBD";"";"Armure / vêtement";"ARMO";"Dawnguard.esm";"014EBD";"Dawnguard.esm";"Dragon_IceLake_BloodHeadFXArmor";"Sans nom";"";"Sans nom";"À vérifier"
"dawnguard.esm|014EBE";"";"Armure / vêtement";"ARMO";"Dawnguard.esm";"014EBE";"Dawnguard.esm";"Dragon_IceLake_BloodTailFXArmor";"Sans nom";"";"Sans nom";"À vérifier"
"dawnguard.esm|014EBF";"";"Armure / vêtement";"ARMO";"Dawnguard.esm";"014EBF";"Dawnguard.esm";"Dragon_IceLake_BloodWingLFXArmor";"Sans nom";"";"Sans nom";"À vérifier"
"dawnguard.esm|014EC0";"";"Armure / vêtement";"ARMO";"Dawnguard.esm";"014EC0";"Dawnguard.esm";"Dragon_IceLake_BloodWingRFXArmor";"Sans nom";"";"Sans nom";"À vérifier"
"dawnguard.esm|015FCE";"";"Armure / vêtement";"ARMO";"Dawnguard.esm";"015FCE";"Dawnguard.esm";"DLC1SkinVampireWolf";"Sans nom";"";"Sans nom";"À vérifier"
"dawnguard.esm|01612A";"";"Armure / vêtement";"ARMO";"Dawnguard.esm";"01612A";"Dawnguard.esm";"SkinAncientAtronachFrost";"Sans nom";"";"Sans nom";"À vérifier"
"dawnguard.esm|016688";"";"Armure / vêtement";"ARMO";"Dawnguard.esm";"016688";"Dawnguard.esm";"DLC1SkinTrollFrostArmored";"Sans nom";"";"Sans nom";"À vérifier"
"dawnguard.esm|016689";"";"Armure / vêtement";"ARMO";"Dawnguard.esm";"016689";"Dawnguard.esm";"DLC1SkinTrollArmored";"Sans nom";"";"Sans nom";"À vérifier"
"dawnguard.esm|019D85";"";"Armure / vêtement";"ARMO";"Dawnguard.esm";"019D85";"Dawnguard.esm";"DLC1SkinGargoyleVariantGreen";"Sans nom";"";"Sans nom";"À vérifier"
"dawnguard.esm|01A151";"";"Armure / vêtement";"ARMO";"Dawnguard.esm";"01A151";"Dawnguard.esm";"SkinSkeletonArmor1";"Sans nom";"";"Sans nom";"À vérifier"
"dawnguard.esm|01A153";"";"Armure / vêtement";"ARMO";"Dawnguard.esm";"01A153";"Dawnguard.esm";"SkinSkeletonArmor2";"Sans nom";"";"Sans nom";"À vérifier"
"dawnguard.esm|01A155";"";"Armure / vêtement";"ARMO";"Dawnguard.esm";"01A155";"Dawnguard.esm";"SkinSkeletonArmor3";"Sans nom";"";"Sans nom";"À vérifier"
"dawnguard.esm|01A157";"";"Armure / vêtement";"ARMO";"Dawnguard.esm";"01A157";"Dawnguard.esm";"SkinSkeletonArmor4";"Sans nom";"";"Sans nom";"À vérifier"
"dragonborn.esm|014457";"";"Armure / vêtement";"ARMO";"Dragonborn.esm";"014457";"Dragonborn.esm";"DLC2ExpSpiderPoisonSkin";"Sans nom";"";"Sans nom";"À vérifier"
"dragonborn.esm|014482";"";"Armure / vêtement";"ARMO";"Dragonborn.esm";"014482";"Dragonborn.esm";"DLC2ExpSpiderFireSkin";"Sans nom";"";"Sans nom";"À vérifier"
"dragonborn.esm|014497";"";"Armure / vêtement";"ARMO";"Dragonborn.esm";"014497";"Dragonborn.esm";"DLC2SkinBenthicLurker";"Sans nom";"";"Sans nom";"À vérifier"
"dragonborn.esm|0145C7";"";"Armure / vêtement";"ARMO";"Dragonborn.esm";"0145C7";"Dragonborn.esm";"DLC2ExpSpiderAlbinoSkin";"Sans nom";"";"Sans nom";"À vérifier"
"dragonborn.esm|017F46";"";"Armure / vêtement";"ARMO";"Dragonborn.esm";"017F46";"Dragonborn.esm";"DLC2SkinRiekling01";"Sans nom";"";"Sans nom";"À vérifier"
"dragonborn.esm|01CAD9";"";"Armure / vêtement";"ARMO";"Dragonborn.esm";"01CAD9";"Dragonborn.esm";"DLC2FrostGiantSkin";"Sans nom";"";"Sans nom";"À vérifier"
"dragonborn.esm|01DFEA";"";"Armure / vêtement";"ARMO";"Dragonborn.esm";"01DFEA";"Dragonborn.esm";"DLC2ExpSpiderFrostSkin";"Sans nom";"";"Sans nom";"À vérifier"
"dragonborn.esm|01DFEB";"";"Armure / vêtement";"ARMO";"Dragonborn.esm";"01DFEB";"Dragonborn.esm";"DLC2ExpSpiderRareSkin";"Sans nom";"";"Sans nom";"À vérifier"
"dragonborn.esm|01DFEE";"";"Armure / vêtement";"ARMO";"Dragonborn.esm";"01DFEE";"Dragonborn.esm";"DLC2ExpSpiderShockSkin";"Sans nom";"";"Sans nom";"À vérifier"
"dragonborn.esm|01E17E";"";"Armure / vêtement";"ARMO";"Dragonborn.esm";"01E17E";"Dragonborn.esm";"DLC2SkinNakedWereBearBeast";"Sans nom";"";"Sans nom";"À vérifier"
"dragonborn.esm|01F991";"";"Armure / vêtement";"ARMO";"Dragonborn.esm";"01F991";"Dragonborn.esm";"SkinSpectralDragon";"Sans nom";"";"Sans nom";"À vérifier"
"dragonborn.esm|01F992";"";"Armure / vêtement";"ARMO";"Dragonborn.esm";"01F992";"Dragonborn.esm";"dlc2SpectralDragonSkin";"Sans nom";"";"Sans nom";"À vérifier"
"dragonborn.esm|02172F";"";"Armure / vêtement";"ARMO";"Dragonborn.esm";"02172F";"Dragonborn.esm";"DLC2DragonbornAspectArmor01";"Sans nom";"";"Sans nom";"À vérifier"
"dragonborn.esm|021738";"";"Armure / vêtement";"ARMO";"Dragonborn.esm";"021738";"Dragonborn.esm";"DLC2DragonbornAspectArmor02";"Sans nom";"";"Sans nom";"À vérifier"
"dragonborn.esm|021739";"";"Armure / vêtement";"ARMO";"Dragonborn.esm";"021739";"Dragonborn.esm";"DLC2DragonbornAspectArmor03";"Sans nom";"";"Sans nom";"À vérifier"
"dragonborn.esm|024FE1";"";"Armure / vêtement";"ARMO";"Dragonborn.esm";"024FE1";"Dragonborn.esm";"SkinDragonPriestAcolyte";"Sans nom";"";"Sans nom";"À vérifier"
"dragonborn.esm|024FE3";"";"Armure / vêtement";"ARMO";"Dragonborn.esm";"024FE3";"Dragonborn.esm";"SkinDragonPriestAcolyte2";"Sans nom";"";"Sans nom";"À vérifier"
"dragonborn.esm|024FE4";"";"Armure / vêtement";"ARMO";"Dragonborn.esm";"024FE4";"Dragonborn.esm";"SkinDragonPriestAcolyte3";"Sans nom";"";"Sans nom";"À vérifier"
"dragonborn.esm|025AE6";"";"Armure / vêtement";"ARMO";"Dragonborn.esm";"025AE6";"Dragonborn.esm";"DLC2SkinMudcrabAsh";"Sans nom";"";"Sans nom";"À vérifier"
"dragonborn.esm|027E16";"";"Armure / vêtement";"ARMO";"Dragonborn.esm";"027E16";"Dragonborn.esm";"DLC2SkinSprigganBurnt";"Sans nom";"";"Sans nom";"À vérifier"
"dragonborn.esm|029EFD";"";"Armure / vêtement";"ARMO";"Dragonborn.esm";"029EFD";"Dragonborn.esm";"DLC2dunInstrumentsSkin";"Sans nom";"";"Sans nom";"À vérifier"
"dragonborn.esm|02A6FC";"";"Armure / vêtement";"ARMO";"Dragonborn.esm";"02A6FC";"Dragonborn.esm";"DLC2SkinHulkingDraugr";"Sans nom";"";"Sans nom";"À vérifier"
"dragonborn.esm|02B017";"";"Armure / vêtement";"ARMO";"Dragonborn.esm";"02B017";"Dragonborn.esm";"SkinDwarvenBallistaCenturion";"Sans nom";"";"Sans nom";"À vérifier"
"dragonborn.esm|02C88E";"";"Armure / vêtement";"ARMO";"Dragonborn.esm";"02C88E";"Dragonborn.esm";"skinDLC2DragonBlack";"Sans nom";"";"Sans nom";"À vérifier"
"dragonborn.esm|02C890";"";"Armure / vêtement";"ARMO";"Dragonborn.esm";"02C890";"Dragonborn.esm";"SkinDLC2DragonBlackNakedFar";"Sans nom";"";"Sans nom";"À vérifier"
"dragonborn.esm|031B49";"";"Armure / vêtement";"ARMO";"Dragonborn.esm";"031B49";"Dragonborn.esm";"DLC2Dragon_Black_BloodHeadFXArmor";"Sans nom";"";"Sans nom";"À vérifier"
"dragonborn.esm|031B4D";"";"Armure / vêtement";"ARMO";"Dragonborn.esm";"031B4D";"Dragonborn.esm";"Dragon_Black_BloodTailFXArmor";"Sans nom";"";"Sans nom";"À vérifier"
"dragonborn.esm|031B4F";"";"Armure / vêtement";"ARMO";"Dragonborn.esm";"031B4F";"Dragonborn.esm";"Dragon_Black_BloodWingLFXArmor";"Sans nom";"";"Sans nom";"À vérifier"
"dragonborn.esm|031B51";"";"Armure / vêtement";"ARMO";"Dragonborn.esm";"031B51";"Dragonborn.esm";"Dragon_Black_BloodWingRFXArmor";"Sans nom";"";"Sans nom";"À vérifier"
"dragonborn.esm|0323FE";"";"Armure / vêtement";"ARMO";"Dragonborn.esm";"0323FE";"Dragonborn.esm";"DLC2ApocryphaBookWarpArmor";"Sans nom";"";"Sans nom";"À vérifier"
"dragonborn.esm|0354E2";"";"Armure / vêtement";"ARMO";"Dragonborn.esm";"0354E2";"Dragonborn.esm";"DLC2SkinRieklingChief";"Sans nom";"";"Sans nom";"À vérifier"
"dragonborn.esm|0354E3";"";"Armure / vêtement";"ARMO";"Dragonborn.esm";"0354E3";"Dragonborn.esm";"DLC2SkinRiekling01Melee";"Sans nom";"";"Sans nom";"À vérifier"
"dragonborn.esm|0354E5";"";"Armure / vêtement";"ARMO";"Dragonborn.esm";"0354E5";"Dragonborn.esm";"DLC2SkinRiekling02Melee";"Sans nom";"";"Sans nom";"À vérifier"
"dragonborn.esm|0354E6";"";"Armure / vêtement";"ARMO";"Dragonborn.esm";"0354E6";"Dragonborn.esm";"DLC2SkinRiekling03Melee";"Sans nom";"";"Sans nom";"À vérifier"
"dragonborn.esm|0354E8";"";"Armure / vêtement";"ARMO";"Dragonborn.esm";"0354E8";"Dragonborn.esm";"DLC2SkinThriskRiekling01";"Sans nom";"";"Sans nom";"À vérifier"
"dragonborn.esm|0354EA";"";"Armure / vêtement";"ARMO";"Dragonborn.esm";"0354EA";"Dragonborn.esm";"DLC2SkinThriskRiekling02";"Sans nom";"";"Sans nom";"À vérifier"
"dragonborn.esm|0354ED";"";"Armure / vêtement";"ARMO";"Dragonborn.esm";"0354ED";"Dragonborn.esm";"DLC2SkinThriskRiekling03";"Sans nom";"";"Sans nom";"À vérifier"
"dragonborn.esm|038420";"";"Armure / vêtement";"ARMO";"Dragonborn.esm";"038420";"Dragonborn.esm";"DLC2ArmorFXWerebearTransitionSkin";"Sans nom";"";"Sans nom";"À vérifier"
"dragonborn.esm|03C81D";"";"Armure / vêtement";"ARMO";"Dragonborn.esm";"03C81D";"Dragonborn.esm";"DLC2ExpSpiderRareGlowSkin";"Sans nom";"";"Sans nom";"À vérifier"
"dragonborn.esm|03CA79";"";"Armure / vêtement";"ARMO";"Dragonborn.esm";"03CA79";"Dragonborn.esm";"DLC2ExpSpiderRareOilSkin";"Sans nom";"";"Sans nom";"À vérifier"
"dragonborn.esm|03CF35";"";"Armure / vêtement";"ARMO";"Dragonborn.esm";"03CF35";"Dragonborn.esm";"DLC2DummyHelmet";"Sans nom";"";"Sans nom";"À vérifier"
"dragonborn.esm|03D5D8";"";"Armure / vêtement";"ARMO";"Dragonborn.esm";"03D5D8";"Dragonborn.esm";"DLC2MiraakSkinHider";"Sans nom";"";"Sans nom";"À vérifier"
"skyrim.esm|000D64";"";"Armure / vêtement";"ARMO";"Skyrim.esm";"000D64";"Skyrim.esm";"SkinNaked";"Sans nom";"";"Sans nom";"À vérifier"
"skyrim.esm|016EE3";"";"Armure / vêtement";"ARMO";"Skyrim.esm";"016EE3";"Skyrim.esm";"SkinDraugr";"Sans nom";"";"Sans nom";"À vérifier"
"skyrim.esm|016EE4";"";"Armure / vêtement";"ARMO";"Skyrim.esm";"016EE4";"Skyrim.esm";"SkinTroll";"Sans nom";"";"Sans nom";"À vérifier"
"skyrim.esm|016EE5";"";"Armure / vêtement";"ARMO";"Skyrim.esm";"016EE5";"Skyrim.esm";"SkinSkeever";"Sans nom";"";"Sans nom";"À vérifier"
"skyrim.esm|016EE6";"";"Armure / vêtement";"ARMO";"Skyrim.esm";"016EE6";"Skyrim.esm";"SkinSabrecat";"Sans nom";"";"Sans nom";"À vérifier"
"skyrim.esm|016EE7";"";"Armure / vêtement";"ARMO";"Skyrim.esm";"016EE7";"Skyrim.esm";"SkinFalmer";"Sans nom";"";"Sans nom";"À vérifier"
"skyrim.esm|01FE7E";"";"Armure / vêtement";"ARMO";"Skyrim.esm";"01FE7E";"Skyrim.esm";"SkinDraugrMale01";"Sans nom";"";"Sans nom";"À vérifier"
"skyrim.esm|02003C";"";"Armure / vêtement";"ARMO";"Skyrim.esm";"02003C";"Skyrim.esm";"CWDummyBootsImperial";"Sans nom";"";"Sans nom";"À vérifier"
"skyrim.esm|02003E";"";"Armure / vêtement";"ARMO";"Skyrim.esm";"02003E";"Skyrim.esm";"CWDummyCuirassImperial";"Sans nom";"";"Sans nom";"À vérifier"
"skyrim.esm|02003F";"";"Armure / vêtement";"ARMO";"Skyrim.esm";"02003F";"Skyrim.esm";"CWDummyGauntletsImperial";"Sans nom";"";"Sans nom";"À vérifier"
"skyrim.esm|020042";"";"Armure / vêtement";"ARMO";"Skyrim.esm";"020042";"Skyrim.esm";"CWDummyHelmetImperial";"Sans nom";"";"Sans nom";"À vérifier"
"skyrim.esm|020048";"";"Armure / vêtement";"ARMO";"Skyrim.esm";"020048";"Skyrim.esm";"CWDummyShieldImperial";"Sans nom";"";"Sans nom";"À vérifier"
"skyrim.esm|020157";"";"Armure / vêtement";"ARMO";"Skyrim.esm";"020157";"Skyrim.esm";"CWDummyBootsSons";"Sans nom";"";"Sans nom";"À vérifier"
"skyrim.esm|020159";"";"Armure / vêtement";"ARMO";"Skyrim.esm";"020159";"Skyrim.esm";"CWDummyCuirassSons";"Sans nom";"";"Sans nom";"À vérifier"
"skyrim.esm|02015A";"";"Armure / vêtement";"ARMO";"Skyrim.esm";"02015A";"Skyrim.esm";"CWDummyGauntletsSons";"Sans nom";"";"Sans nom";"À vérifier"
"skyrim.esm|02015C";"";"Armure / vêtement";"ARMO";"Skyrim.esm";"02015C";"Skyrim.esm";"CWDummyHelmetSons";"Sans nom";"";"Sans nom";"À vérifier"
"skyrim.esm|02015E";"";"Armure / vêtement";"ARMO";"Skyrim.esm";"02015E";"Skyrim.esm";"CWDummyShieldSons";"Sans nom";"";"Sans nom";"À vérifier"
"skyrim.esm|025D69";"";"Armure / vêtement";"ARMO";"Skyrim.esm";"025D69";"Skyrim.esm";"MAGArmorSpiderSpit01";"Sans nom";"";"Sans nom";"À vérifier"
"skyrim.esm|02C180";"";"Armure / vêtement";"ARMO";"Skyrim.esm";"02C180";"Skyrim.esm";"SkinFrostbiteSpiderGiant";"Sans nom";"";"Sans nom";"À vérifier"
"skyrim.esm|02C181";"";"Armure / vêtement";"ARMO";"Skyrim.esm";"02C181";"Skyrim.esm";"SkinFrostbiteSpiderGiantCold";"Sans nom";"";"Sans nom";"À vérifier"
"skyrim.esm|03636F";"";"Armure / vêtement";"ARMO";"Skyrim.esm";"03636F";"Skyrim.esm";"SkinFrostbiteSpider";"Sans nom";"";"Sans nom";"À vérifier"
"skyrim.esm|03B5AB";"";"Armure / vêtement";"ARMO";"Skyrim.esm";"03B5AB";"Skyrim.esm";"SkinDragonPriest";"Sans nom";"";"Sans nom";"À vérifier"
"skyrim.esm|03BC81";"";"Armure / vêtement";"ARMO";"Skyrim.esm";"03BC81";"Skyrim.esm";"SkinDraugrBeard01";"Sans nom";"";"Sans nom";"À vérifier"
"skyrim.esm|03BC82";"";"Armure / vêtement";"ARMO";"Skyrim.esm";"03BC82";"Skyrim.esm";"SkinDraugrBeard02";"Sans nom";"";"Sans nom";"À vérifier"
"skyrim.esm|03BC83";"";"Armure / vêtement";"ARMO";"Skyrim.esm";"03BC83";"Skyrim.esm";"SkinDraugrHair01";"Sans nom";"";"Sans nom";"À vérifier"
"skyrim.esm|03BC84";"";"Armure / vêtement";"ARMO";"Skyrim.esm";"03BC84";"Skyrim.esm";"SkinDraugrHair02";"Sans nom";"";"Sans nom";"À vérifier"
"skyrim.esm|03F815";"";"Armure / vêtement";"ARMO";"Skyrim.esm";"03F815";"Skyrim.esm";"SkinDragonUnderskin";"Sans nom";"";"Sans nom";"À vérifier"
"skyrim.esm|040731";"";"Armure / vêtement";"ARMO";"Skyrim.esm";"040731";"Dragonborn.esm";"SkinNakedFar";"Sans nom";"";"Sans nom";"À vérifier"
"skyrim.esm|040975";"";"Armure / vêtement";"ARMO";"Skyrim.esm";"040975";"Skyrim.esm";"HorseSaddleImperial";"Sans nom";"";"Sans nom";"À vérifier"
"skyrim.esm|04124A";"";"Armure / vêtement";"ARMO";"Skyrim.esm";"04124A";"Skyrim.esm";"SkinSlaughterfish";"Sans nom";"";"Sans nom";"À vérifier"
"skyrim.esm|042528";"";"Armure / vêtement";"ARMO";"Skyrim.esm";"042528";"Skyrim.esm";"SkinWisp";"Sans nom";"";"Sans nom";"À vérifier"
"skyrim.esm|048C0E";"";"Armure / vêtement";"ARMO";"Skyrim.esm";"048C0E";"Skyrim.esm";"SkinFrostbiteSpiderCold";"Sans nom";"";"Sans nom";"À vérifier"
"skyrim.esm|048D90";"";"Armure / vêtement";"ARMO";"Skyrim.esm";"048D90";"Skyrim.esm";"SkinGiant";"Sans nom";"";"Sans nom";"À vérifier"
"skyrim.esm|048D93";"";"Armure / vêtement";"ARMO";"Skyrim.esm";"048D93";"Skyrim.esm";"SkinGiant01";"Sans nom";"";"Sans nom";"À vérifier"
"skyrim.esm|048D94";"";"Armure / vêtement";"ARMO";"Skyrim.esm";"048D94";"Skyrim.esm";"SkinGiant02";"Sans nom";"";"Sans nom";"À vérifier"
"skyrim.esm|04B2C9";"";"Armure / vêtement";"ARMO";"Skyrim.esm";"04B2C9";"Skyrim.esm";"SkinDog";"Sans nom";"";"Sans nom";"À vérifier"
"skyrim.esm|04E886";"";"Armure / vêtement";"ARMO";"Skyrim.esm";"04E886";"Skyrim.esm";"SkinWolf";"Sans nom";"";"Sans nom";"À vérifier"
"skyrim.esm|050F30";"";"Armure / vêtement";"ARMO";"Skyrim.esm";"050F30";"Skyrim.esm";"SkinFalmer01";"Sans nom";"";"Sans nom";"À vérifier"
"skyrim.esm|050F32";"";"Armure / vêtement";"ARMO";"Skyrim.esm";"050F32";"Skyrim.esm";"SkinFalmer02";"Sans nom";"";"Sans nom";"À vérifier"
"skyrim.esm|050F34";"";"Armure / vêtement";"ARMO";"Skyrim.esm";"050F34";"Skyrim.esm";"SkinFalmer03";"Sans nom";"";"Sans nom";"À vérifier"
"skyrim.esm|050F36";"";"Armure / vêtement";"ARMO";"Skyrim.esm";"050F36";"Skyrim.esm";"SkinFalmer04";"Sans nom";"";"Sans nom";"À vérifier"
"skyrim.esm|050F38";"";"Armure / vêtement";"ARMO";"Skyrim.esm";"050F38";"Skyrim.esm";"SkinFalmer05";"Sans nom";"";"Sans nom";"À vérifier"
"skyrim.esm|050F3A";"";"Armure / vêtement";"ARMO";"Skyrim.esm";"050F3A";"Skyrim.esm";"SkinFalmer06";"Sans nom";"";"Sans nom";"À vérifier"
"skyrim.esm|0538F8";"";"Armure / vêtement";"ARMO";"Skyrim.esm";"0538F8";"Skyrim.esm";"SkinIceWraith";"Sans nom";"";"Sans nom";"À vérifier"
"skyrim.esm|05B2E7";"";"Armure / vêtement";"ARMO";"Skyrim.esm";"05B2E7";"Skyrim.esm";"SkinAtronachFrost";"Sans nom";"";"Sans nom";"À vérifier"
"skyrim.esm|05D008";"";"Armure / vêtement";"ARMO";"Skyrim.esm";"05D008";"Skyrim.esm";"ArmorBriarHeart";"Sans nom";"";"Sans nom";"À vérifier"
"skyrim.esm|05E99C";"";"Armure / vêtement";"ARMO";"Skyrim.esm";"05E99C";"Skyrim.esm";"SkinIceWraithSmokeFins";"Sans nom";"";"Sans nom";"À vérifier"
"skyrim.esm|05F280";"";"Armure / vêtement";"ARMO";"Skyrim.esm";"05F280";"Skyrim.esm";"SkinDragonPriestFXMist";"Sans nom";"";"Sans nom";"À vérifier"
"skyrim.esm|060715";"";"Armure / vêtement";"ARMO";"Skyrim.esm";"060715";"Update.esm";"SkinHorse";"Sans nom";"";"Sans nom";"À vérifier"
"skyrim.esm|060797";"";"Armure / vêtement";"ARMO";"Skyrim.esm";"060797";"Skyrim.esm";"HorseSaddle";"Sans nom";"";"Sans nom";"À vérifier"
"skyrim.esm|060DA7";"";"Armure / vêtement";"ARMO";"Skyrim.esm";"060DA7";"Skyrim.esm";"ArmorAtronachFlameDead";"Sans nom";"";"Sans nom";"À vérifier"
"skyrim.esm|06881E";"";"Armure / vêtement";"ARMO";"Skyrim.esm";"06881E";"Skyrim.esm";"SkinAtronachStorm";"Sans nom";"";"Sans nom";"À vérifier"
"skyrim.esm|069CE3";"";"Armure / vêtement";"ARMO";"Skyrim.esm";"069CE3";"Skyrim.esm";"SkinNakedBeast";"Sans nom";"";"Sans nom";"À vérifier"
"skyrim.esm|06A0A9";"";"Armure / vêtement";"ARMO";"Skyrim.esm";"06A0A9";"Skyrim.esm";"DummyBoots";"Sans nom";"";"Sans nom";"À vérifier"
"skyrim.esm|06A0AB";"";"Armure / vêtement";"ARMO";"Skyrim.esm";"06A0AB";"Skyrim.esm";"DummyCuirass";"Sans nom";"";"Sans nom";"À vérifier"
"skyrim.esm|06A0AD";"";"Armure / vêtement";"ARMO";"Skyrim.esm";"06A0AD";"Skyrim.esm";"DummyGauntlets";"Sans nom";"";"Sans nom";"À vérifier"
"skyrim.esm|06A0AF";"";"Armure / vêtement";"ARMO";"Skyrim.esm";"06A0AF";"Skyrim.esm";"DummyHelmet";"Sans nom";"";"Sans nom";"À vérifier"
"skyrim.esm|06A0B1";"";"Armure / vêtement";"ARMO";"Skyrim.esm";"06A0B1";"Skyrim.esm";"DummyShield";"Sans nom";"";"Sans nom";"À vérifier"
"skyrim.esm|07874B";"";"Armure / vêtement";"ARMO";"Skyrim.esm";"07874B";"Skyrim.esm";"SkinDwarvenSphereCenturion";"Sans nom";"";"Sans nom";"À vérifier"
"skyrim.esm|079BE4";"";"Armure / vêtement";"ARMO";"Skyrim.esm";"079BE4";"Skyrim.esm";"DA09MeridiaBallofLightArmor";"Sans nom";"";"Sans nom";"À vérifier"
"skyrim.esm|081C79";"";"Armure / vêtement";"ARMO";"Skyrim.esm";"081C79";"Skyrim.esm";"SkinDwarvenSpiderCenturion";"Sans nom";"";"Sans nom";"À vérifier"
"skyrim.esm|0829B4";"";"Armure / vêtement";"ARMO";"Skyrim.esm";"0829B4";"Skyrim.esm";"SkinFox";"Sans nom";"";"Sans nom";"À vérifier"
"skyrim.esm|0829B7";"";"Armure / vêtement";"ARMO";"Skyrim.esm";"0829B7";"Skyrim.esm";"SkinFoxArctic";"Sans nom";"";"Sans nom";"À vérifier"
"skyrim.esm|085808";"";"Armure / vêtement";"ARMO";"Skyrim.esm";"085808";"Skyrim.esm";"skinDragonSnow";"Sans nom";"";"Sans nom";"À vérifier"
"skyrim.esm|086503";"";"Armure / vêtement";"ARMO";"Skyrim.esm";"086503";"Update.esm";"SkinHorseShadowmere";"Sans nom";"";"Sans nom";"À vérifier"
"skyrim.esm|08650D";"";"Armure / vêtement";"ARMO";"Skyrim.esm";"08650D";"Update.esm";"SkinHorseBlackHide";"Sans nom";"";"Sans nom";"À vérifier"
"skyrim.esm|08650E";"";"Armure / vêtement";"ARMO";"Skyrim.esm";"08650E";"Update.esm";"SkinHorsePalominoHide";"Sans nom";"";"Sans nom";"À vérifier"
"skyrim.esm|08650F";"";"Armure / vêtement";"ARMO";"Skyrim.esm";"08650F";"Update.esm";"SkinHorseGreyHide";"Sans nom";"";"Sans nom";"À vérifier"
"skyrim.esm|086510";"";"Armure / vêtement";"ARMO";"Skyrim.esm";"086510";"Update.esm";"SkinHorseBlacknWhiteHide";"Sans nom";"";"Sans nom";"À vérifier"
"skyrim.esm|086810";"";"Armure / vêtement";"ARMO";"Skyrim.esm";"086810";"Skyrim.esm";"SkinDragon";"Sans nom";"";"Sans nom";"À vérifier"
"skyrim.esm|08691B";"";"Armure / vêtement";"ARMO";"Skyrim.esm";"08691B";"Skyrim.esm";"SkinAtronachFlame";"Sans nom";"";"Sans nom";"À vérifier"
"skyrim.esm|086F42";"";"Armure / vêtement";"ARMO";"Skyrim.esm";"086F42";"Skyrim.esm";"SkinWitchlight";"Sans nom";"";"Sans nom";"À vérifier"
"skyrim.esm|087556";"";"Armure / vêtement";"ARMO";"Skyrim.esm";"087556";"Skyrim.esm";"skinDragonTundra";"Sans nom";"";"Sans nom";"À vérifier"
"skyrim.esm|087557";"";"Armure / vêtement";"ARMO";"Skyrim.esm";"087557";"Skyrim.esm";"skinDragonForest";"Sans nom";"";"Sans nom";"À vérifier"
"skyrim.esm|092E29";"";"Armure / vêtement";"ARMO";"Skyrim.esm";"092E29";"Skyrim.esm";"SkinSpriggan";"Sans nom";"";"Sans nom";"À vérifier"
"skyrim.esm|093A61";"";"Armure / vêtement";"ARMO";"Skyrim.esm";"093A61";"Skyrim.esm";"DrarvenSpiderSkinnedSteamArmor";"Sans nom";"";"Sans nom";"À vérifier"
"skyrim.esm|097243";"";"Armure / vêtement";"ARMO";"Skyrim.esm";"097243";"Skyrim.esm";"SkinHagraven";"Sans nom";"";"Sans nom";"À vérifier"
"skyrim.esm|097A43";"";"Armure / vêtement";"ARMO";"Skyrim.esm";"097A43";"Skyrim.esm";"ArmorAfflicted";"Sans nom";"";"Sans nom";"À vérifier"
"skyrim.esm|09DA65";"";"Armure / vêtement";"ARMO";"Skyrim.esm";"09DA65";"Skyrim.esm";"SkinSabrecatSnowy";"Sans nom";"";"Sans nom";"À vérifier"
"skyrim.esm|0A350C";"";"Armure / vêtement";"ARMO";"Skyrim.esm";"0A350C";"Skyrim.esm";"SkinGlenmorilWitch";"Sans nom";"";"Sans nom";"À vérifier"
"skyrim.esm|0AF635";"";"Armure / vêtement";"ARMO";"Skyrim.esm";"0AF635";"Skyrim.esm";"SkinGlenmorilWitchHEADLESS";"Sans nom";"";"Sans nom";"À vérifier"
"skyrim.esm|0B1959";"";"Armure / vêtement";"ARMO";"Skyrim.esm";"0B1959";"Skyrim.esm";"skinDragonAlduin";"Sans nom";"";"Sans nom";"À vérifier"
"skyrim.esm|0B6FA0";"";"Armure / vêtement";"ARMO";"Skyrim.esm";"0B6FA0";"Skyrim.esm";"SkinMagicAnomaly";"Sans nom";"";"Sans nom";"À vérifier"
"skyrim.esm|0B799A";"";"Armure / vêtement";"ARMO";"Skyrim.esm";"0B799A";"Skyrim.esm";"SkinSkeleton";"Sans nom";"";"Sans nom";"À vérifier"
"skyrim.esm|0B9C2D";"";"Armure / vêtement";"ARMO";"Skyrim.esm";"0B9C2D";"Skyrim.esm";"skinDragonParthurnax";"Sans nom";"";"Sans nom";"À vérifier"
"skyrim.esm|0BA546";"";"Armure / vêtement";"ARMO";"Skyrim.esm";"0BA546";"Skyrim.esm";"SkinMudcrab";"Sans nom";"";"Sans nom";"À vérifier"
"skyrim.esm|0C02F8";"";"Armure / vêtement";"ARMO";"Skyrim.esm";"0C02F8";"Skyrim.esm";"SkinWolfSummon";"Sans nom";"";"Sans nom";"À vérifier"
"skyrim.esm|0C02FB";"";"Armure / vêtement";"ARMO";"Skyrim.esm";"0C02FB";"Skyrim.esm";"SkinWolfBlack";"Sans nom";"";"Sans nom";"À vérifier"
"skyrim.esm|0C236D";"";"Armure / vêtement";"ARMO";"Skyrim.esm";"0C236D";"Skyrim.esm";"HorseHarness";"Sans nom";"";"Sans nom";"À vérifier"
"skyrim.esm|0C3EE0";"";"Armure / vêtement";"ARMO";"Skyrim.esm";"0C3EE0";"Skyrim.esm";"SkinSkeeverWhite";"Sans nom";"";"Sans nom";"À vérifier"
"skyrim.esm|0C5A9D";"";"Armure / vêtement";"ARMO";"Skyrim.esm";"0C5A9D";"Skyrim.esm";"ArmorChaurusSpitSkin";"Sans nom";"";"Sans nom";"À vérifier"
"skyrim.esm|0CAF77";"";"Armure / vêtement";"ARMO";"Skyrim.esm";"0CAF77";"Skyrim.esm";"DragonBloodHeadFXArmor";"Sans nom";"";"Sans nom";"À vérifier"
"skyrim.esm|0CC84B";"";"Armure / vêtement";"ARMO";"Skyrim.esm";"0CC84B";"Skyrim.esm";"SkinNakedFarSnow";"Sans nom";"";"Sans nom";"À vérifier"
"skyrim.esm|0CC84C";"";"Armure / vêtement";"ARMO";"Skyrim.esm";"0CC84C";"Skyrim.esm";"SkinNakedFarTundra";"Sans nom";"";"Sans nom";"À vérifier"
"skyrim.esm|0CDD86";"";"Armure / vêtement";"ARMO";"Skyrim.esm";"0CDD86";"Skyrim.esm";"SkinNakedWerewolfBeast";"Sans nom";"";"Sans nom";"À vérifier"
"skyrim.esm|0D15A6";"";"Armure / vêtement";"ARMO";"Skyrim.esm";"0D15A6";"Skyrim.esm";"DragonBloodTailFXArmor";"Sans nom";"";"Sans nom";"À vérifier"
"skyrim.esm|0D15A7";"";"Armure / vêtement";"ARMO";"Skyrim.esm";"0D15A7";"Skyrim.esm";"DragonBloodWingLFXArmor";"Sans nom";"";"Sans nom";"À vérifier"
"skyrim.esm|0D15A8";"";"Armure / vêtement";"ARMO";"Skyrim.esm";"0D15A8";"Skyrim.esm";"DragonBloodWingRFXArmor";"Sans nom";"";"Sans nom";"À vérifier"
"skyrim.esm|0DB5D0";"";"Armure / vêtement";"ARMO";"Skyrim.esm";"0DB5D0";"Skyrim.esm";"DecapitatedHead";"Sans nom";"";"Sans nom";"À vérifier"
"skyrim.esm|0E40BA";"";"Armure / vêtement";"ARMO";"Skyrim.esm";"0E40BA";"Skyrim.esm";"SkinMudcrabMedium";"Sans nom";"";"Sans nom";"À vérifier"
"skyrim.esm|0E40BB";"";"Armure / vêtement";"ARMO";"Skyrim.esm";"0E40BB";"Skyrim.esm";"SkinMudcrabLarge";"Sans nom";"";"Sans nom";"À vérifier"
"skyrim.esm|0E7711";"";"Armure / vêtement";"ARMO";"Skyrim.esm";"0E7711";"Skyrim.esm";"skinDragonAlduinUnderskin";"Sans nom";"";"Sans nom";"À vérifier"
"skyrim.esm|0EB874";"";"Armure / vêtement";"ARMO";"Skyrim.esm";"0EB874";"Skyrim.esm";"SkinSkeletonNecro";"Sans nom";"";"Sans nom";"À vérifier"
"skyrim.esm|0EB875";"";"Armure / vêtement";"ARMO";"Skyrim.esm";"0EB875";"Skyrim.esm";"SkinSkeletonNecroImperial";"Sans nom";"";"Sans nom";"À vérifier"
"skyrim.esm|0EB87C";"";"Armure / vêtement";"ARMO";"Skyrim.esm";"0EB87C";"Keizaal.esp";"SkinSkeletonNecroStormCloak";"Sans nom";"";"Sans nom";"À vérifier"
"skyrim.esm|0EBC0B";"";"Armure / vêtement";"ARMO";"Skyrim.esm";"0EBC0B";"Skyrim.esm";"skinDragonOdahviing";"Sans nom";"";"Sans nom";"À vérifier"
"skyrim.esm|0EBE8F";"";"Armure / vêtement";"ARMO";"Skyrim.esm";"0EBE8F";"Skyrim.esm";"SkinSkeletonNecroPriest";"Sans nom";"";"Sans nom";"À vérifier"
"skyrim.esm|0F0779";"";"Armure / vêtement";"ARMO";"Skyrim.esm";"0F0779";"Skyrim.esm";"SkinUderfrykte";"Sans nom";"";"Sans nom";"À vérifier"
"skyrim.esm|0F1187";"";"Armure / vêtement";"ARMO";"Skyrim.esm";"0F1187";"Skyrim.esm";"SkinWispShade";"Sans nom";"";"Sans nom";"À vérifier"
"skyrim.esm|0F3904";"";"Armure / vêtement";"ARMO";"Skyrim.esm";"0F3904";"Skyrim.esm";"SkinSprigganMatron";"Sans nom";"";"Sans nom";"À vérifier"
"skyrim.esm|0F4FD1";"";"Armure / vêtement";"ARMO";"Skyrim.esm";"0F4FD1";"Skyrim.esm";"SkinDwarvenSpiderCenturionNOEYE";"Sans nom";"";"Sans nom";"À vérifier"
"skyrim.esm|0F6002";"";"Armure / vêtement";"ARMO";"Skyrim.esm";"0F6002";"Skyrim.esm";"ArmorFXWerewolfTransitionSkin";"Sans nom";"";"Sans nom";"À vérifier"
"skyrim.esm|0F69C9";"";"Armure / vêtement";"ARMO";"Skyrim.esm";"0F69C9";"Skyrim.esm";"SkinDragonHider";"Sans nom";"";"Sans nom";"À vérifier"
"skyrim.esm|0F71DB";"";"Armure / vêtement";"ARMO";"Skyrim.esm";"0F71DB";"Skyrim.esm";"dunLabrynthianDraugrArmorFX";"Sans nom";"";"Sans nom";"À vérifier"
"skyrim.esm|0F71DF";"";"Armure / vêtement";"ARMO";"Skyrim.esm";"0F71DF";"Skyrim.esm";"ElderScrollHandAttachArmor";"Sans nom";"";"Sans nom";"À vérifier"
"skyrim.esm|0F7C91";"";"Armure / vêtement";"ARMO";"Skyrim.esm";"0F7C91";"Skyrim.esm";"SkinNakedFarForest";"Sans nom";"";"Sans nom";"À vérifier"
"skyrim.esm|0F7C94";"";"Armure / vêtement";"ARMO";"Skyrim.esm";"0F7C94";"Skyrim.esm";"SkinNakedFarOhdaviing";"Sans nom";"";"Sans nom";"À vérifier"
"skyrim.esm|0F9062";"";"Armure / vêtement";"ARMO";"Skyrim.esm";"0F9062";"Skyrim.esm";"SkinDogMG07";"Sans nom";"";"Sans nom";"À vérifier"
"skyrim.esm|0F9070";"";"Armure / vêtement";"ARMO";"Skyrim.esm";"0F9070";"Skyrim.esm";"FXDwarvenSphereCenturion";"Sans nom";"";"Sans nom";"À vérifier"
"skyrim.esm|109C3D";"";"Armure / vêtement";"ARMO";"Skyrim.esm";"109C3D";"Skyrim.esm";"HorseSaddleShadowmere";"Sans nom";"";"Sans nom";"À vérifier"
"skyrim.esm|109DE0";"";"Armure / vêtement";"ARMO";"Skyrim.esm";"109DE0";"Skyrim.esm";"Dragon_Parthurnax_BloodHeadFXArmor";"Sans nom";"";"Sans nom";"À vérifier"
"skyrim.esm|109DE2";"";"Armure / vêtement";"ARMO";"Skyrim.esm";"109DE2";"Skyrim.esm";"Dragon_Snow_BloodHeadFXArmor";"Sans nom";"";"Sans nom";"À vérifier"
"skyrim.esm|109DE6";"";"Armure / vêtement";"ARMO";"Skyrim.esm";"109DE6";"Skyrim.esm";"Dragon_Snow_BloodTailFXArmor";"Sans nom";"";"Sans nom";"À vérifier"
"skyrim.esm|109DE7";"";"Armure / vêtement";"ARMO";"Skyrim.esm";"109DE7";"Skyrim.esm";"Dragon_Snow_BloodWingRFXArmor";"Sans nom";"";"Sans nom";"À vérifier"
"skyrim.esm|109DE8";"";"Armure / vêtement";"ARMO";"Skyrim.esm";"109DE8";"Skyrim.esm";"Dragon_Snow_BloodWingLFXArmor";"Sans nom";"";"Sans nom";"À vérifier"
"skyrim.esm|109DED";"";"Armure / vêtement";"ARMO";"Skyrim.esm";"109DED";"Skyrim.esm";"Dragon_Tundra_BloodHeadFXArmor";"Sans nom";"";"Sans nom";"À vérifier"
"skyrim.esm|109DEE";"";"Armure / vêtement";"ARMO";"Skyrim.esm";"109DEE";"Skyrim.esm";"Dragon_Tundra_BloodTailFXArmor";"Sans nom";"";"Sans nom";"À vérifier"
"skyrim.esm|109DEF";"";"Armure / vêtement";"ARMO";"Skyrim.esm";"109DEF";"Skyrim.esm";"Dragon_Tundra_BloodWingLFXArmor";"Sans nom";"";"Sans nom";"À vérifier"
"skyrim.esm|109DF0";"";"Armure / vêtement";"ARMO";"Skyrim.esm";"109DF0";"Skyrim.esm";"Dragon_Tundra_BloodWingRFXArmor";"Sans nom";"";"Sans nom";"À vérifier"
"skyrim.esm|109DF5";"";"Armure / vêtement";"ARMO";"Skyrim.esm";"109DF5";"Skyrim.esm";"Dragon_Green_BloodHeadFXArmor";"Sans nom";"";"Sans nom";"À vérifier"
"skyrim.esm|109DF6";"";"Armure / vêtement";"ARMO";"Skyrim.esm";"109DF6";"Skyrim.esm";"Dragon_Green_BloodTailFXArmor";"Sans nom";"";"Sans nom";"À vérifier"
"skyrim.esm|109DF7";"";"Armure / vêtement";"ARMO";"Skyrim.esm";"109DF7";"Skyrim.esm";"Dragon_Green_BloodWingLFXArmor";"Sans nom";"";"Sans nom";"À vérifier"
"skyrim.esm|109DF8";"";"Armure / vêtement";"ARMO";"Skyrim.esm";"109DF8";"Skyrim.esm";"Dragon_Green_BloodWingRFXArmor";"Sans nom";"";"Sans nom";"À vérifier"
"skyrim.esm|109DFB";"";"Armure / vêtement";"ARMO";"Skyrim.esm";"109DFB";"Skyrim.esm";"Dragon_Odahviing_BloodTailFXArmor";"Sans nom";"";"Sans nom";"À vérifier"
"skyrim.esm|109DFC";"";"Armure / vêtement";"ARMO";"Skyrim.esm";"109DFC";"Skyrim.esm";"Dragon_Odahviing_BloodHeadFXArmor";"Sans nom";"";"Sans nom";"À vérifier"
"skyrim.esm|10B2D7";"";"Armure / vêtement";"ARMO";"Skyrim.esm";"10B2D7";"Skyrim.esm";"SkinDwarvenSpiderCenturionFX";"Sans nom";"";"Sans nom";"À vérifier"
"skyrim.esm|10C1DF";"";"Armure / vêtement";"ARMO";"Skyrim.esm";"10C1DF";"Skyrim.esm";"FXAtronachStormArmor";"Sans nom";"";"Sans nom";"À vérifier"
"skyrim.esm|10E3C5";"";"Armure / vêtement";"ARMO";"Skyrim.esm";"10E3C5";"Skyrim.esm";"skinDragonBoss";"Sans nom";"";"Sans nom";"À vérifier"
"skyrim.esm|10F5A5";"";"Armure / vêtement";"ARMO";"Skyrim.esm";"10F5A5";"Skyrim.esm";"SkinWolfFire";"Sans nom";"";"Sans nom";"À vérifier"
"update.esm|0030BA";"";"Armure / vêtement";"ARMO";"Update.esm";"0030BA";"Update.esm";"CCHorseArmorDummy";"Sans nom";"";"Sans nom";"À vérifier"
"update.esm|0030BC";"";"Armure / vêtement";"ARMO";"Update.esm";"0030BC";"Update.esm";"CCHorseArmorElven";"Sans nom";"";"Sans nom";"À vérifier"
"update.esm|0030BD";"";"Armure / vêtement";"ARMO";"Update.esm";"0030BD";"Update.esm";"CCHorseArmorSteel";"Sans nom";"";"Sans nom";"À vérifier"
"update.esm|0030CB";"";"Armure / vêtement";"ARMO";"Update.esm";"0030CB";"Update.esm";"CCHorseArmorElvenUnicorn";"Sans nom";"";"Sans nom";"À vérifier"
"update.esm|0030CC";"";"Armure / vêtement";"ARMO";"Update.esm";"0030CC";"Update.esm";"CCHorseArmorSteelUnicorn";"Sans nom";"";"Sans nom";"À vérifier"
"skyrim.esm|0FDEAF";"Amulette d'articulation";"Armure / vêtement";"ARMO";"Skyrim.esm";"0FDEAF";"Skyrim.esm";"TGAmuletofArticulationNPCVersion";"Table française";"Skyrim - Interface.bsa : strings\skyrim_french.strings";"Non jouable (drapeau)";"À vérifier"
"dawnguard.esm|00CFB0";"Armure d'acier";"Armure / vêtement";"ARMO";"Dawnguard.esm";"00CFB0";"Dawnguard.esm";"DLC1LD_ArmorSteelCuirassBNP";"Table française";"Skyrim - Interface.bsa : strings\dawnguard_french.strings";"Non jouable (drapeau)";"À vérifier"
"skyrim.esm|0F1ABE";"Armure daedra";"Armure / vêtement";"ARMO";"Skyrim.esm";"0F1ABE";"Skyrim.esm";"DremoraDaedricCuirass";"Table française";"Skyrim - Interface.bsa : strings\skyrim_french.strings";"Non jouable (drapeau)";"À vérifier"
"skyrim.esm|036584";"Armure de la Guilde des voleurs";"Armure / vêtement";"ARMO";"Skyrim.esm";"036584";"Skyrim.esm";"ArmorThievesGuildCuirass";"Table française";"Skyrim - Interface.bsa : strings\skyrim_french.strings";"Non jouable (drapeau)";"À vérifier"
"skyrim.esm|1092B5";"Armure de maître de guilde";"Armure / vêtement";"ARMO";"Skyrim.esm";"1092B5";"Skyrim.esm";"ArmorThievesGuildLeaderCuirassMercer";"Table française";"Skyrim - Interface.bsa : strings\skyrim_french.strings";"Non jouable (drapeau)";"À vérifier"
"skyrim.esm|05D009";"Armure de Parjure";"Armure / vêtement";"ARMO";"Skyrim.esm";"05D009";"Skyrim.esm";"ArmorBriarHeartEmpty";"Table française";"Skyrim - Interface.bsa : strings\skyrim_french.strings";"Non jouable (drapeau)";"À vérifier"
"skyrim.esm|07EAF1";"Armure de Parjure";"Armure / vêtement";"ARMO";"Skyrim.esm";"07EAF1";"Skyrim.esm";"ArmorAstrid";"Table française";"Skyrim - Interface.bsa : strings\skyrim_french.strings";"Non jouable (drapeau)";"À vérifier"
"skyrim.esm|10B2FD";"Armure de plates";"Armure / vêtement";"ARMO";"Skyrim.esm";"10B2FD";"Skyrim.esm";"dunWaywardPassGhostArmor";"Table française";"Skyrim - Interface.bsa : strings\skyrim_french.strings";"Non jouable (drapeau)";"À vérifier"
"skyrim.esm|0483C2";"Armure de Rossignol";"Armure / vêtement";"ARMO";"Skyrim.esm";"0483C2";"Skyrim.esm";"ArmorNightingaleCuirass";"Table française";"Skyrim - Interface.bsa : strings\skyrim_french.strings";"Non jouable (drapeau)";"À vérifier"
"skyrim.esm|108540";"Armure des Ombres de l'Automne";"Armure / vêtement";"ARMO";"Skyrim.esm";"108540";"Skyrim.esm";"ArmorSummersetShadowsGuildCuirass";"Table française";"Skyrim - Interface.bsa : strings\skyrim_french.strings";"Non jouable (drapeau)";"À vérifier"
"dragonborn.esm|037FEF";"Armure du Balafré";"Armure / vêtement";"ARMO";"Dragonborn.esm";"037FEF";"Dragonborn.esm";"DLC2dunHaknirArmorCuirassNP";"Table française";"Skyrim - Interface.bsa : strings\dragonborn_french.strings";"Non jouable (drapeau)";"À vérifier"
"dragonborn.esm|0376F1";"Armure du général Carius";"Armure / vêtement";"ARMO";"Dragonborn.esm";"0376F1";"Dragonborn.esm";"DLC2GeneralCariusArmor";"Table française";"Skyrim - Interface.bsa : strings\dragonborn_french.strings";"Non jouable (drapeau)";"À vérifier"
"skyrim.esm|1019CC";"Armure nordique antique";"Armure / vêtement";"ARMO";"Skyrim.esm";"1019CC";"Skyrim.esm";"ArmorDraugrCuirassUnplayable";"Table française";"Skyrim - Interface.bsa : strings\skyrim_french.strings";"Non jouable (drapeau)";"À vérifier"
"dawnguard.esm|0074C9";"Armure pendragon";"Armure / vêtement";"ARMO";"Dawnguard.esm";"0074C9";"Dawnguard.esm";"ArmorDragonplateCuirassUnplayable";"Table française";"Skyrim - Interface.bsa : strings\dawnguard_french.strings";"Non jouable (drapeau)";"À vérifier"
"dawnguard.esm|017F76";"Armure pendragon";"Armure / vêtement";"ARMO";"Dawnguard.esm";"017F76";"Dawnguard.esm";"DLC1KeeperArmor";"Table française";"Skyrim - Interface.bsa : strings\dawnguard_french.strings";"Non jouable (drapeau)";"À vérifier"
"dawnguard.esm|011A85";"Armure royale de vampire";"Armure / vêtement";"ARMO";"Dawnguard.esm";"011A85";"Dawnguard.esm";"DLC1ClothesVampireLordRoyalArmor";"Table française";"Skyrim - Interface.bsa : strings\dawnguard_french.strings";"Non jouable (drapeau)";"À vérifier"
"skyrim.esm|05ABC3";"Armure sibylline";"Armure / vêtement";"ARMO";"Skyrim.esm";"05ABC3";"Skyrim.esm";"DBArmorShortSleeve";"Table française";"Skyrim - Interface.bsa : strings\skyrim_french.strings";"Non jouable (drapeau)";"À vérifier"
"skyrim.esm|105966";"Armure sybilline usée";"Armure / vêtement";"ARMO";"Skyrim.esm";"105966";"Skyrim.esm";"DBArmorWorn";"Table française";"Skyrim - Interface.bsa : strings\skyrim_french.strings";"Non jouable (drapeau)";"À vérifier"
"skyrim.esm|04F006";"Bandage de bras";"Armure / vêtement";"ARMO";"Skyrim.esm";"04F006";"Skyrim.esm";"ClothesArmBandages";"Table française";"Skyrim - Interface.bsa : strings\skyrim_french.strings";"Non jouable (drapeau)";"À vérifier"
"skyrim.esm|04F000";"Bandage de tête";"Armure / vêtement";"ARMO";"Skyrim.esm";"04F000";"Skyrim.esm";"ClothesHeadBandages";"Table française";"Skyrim - Interface.bsa : strings\skyrim_french.strings";"Non jouable (drapeau)";"À vérifier"
"dawnguard.esm|0047DA";"Bandeau de prêtre de la Phalène";"Armure / vêtement";"ARMO";"Dawnguard.esm";"0047DA";"Dawnguard.esm";"DLC1ClothesMothPriestBlindfold";"Table française";"Skyrim - Interface.bsa : strings\dawnguard_french.strings";"Non jouable (drapeau)";"À vérifier"
"dragonborn.esm|0179D0";"BoarRiekling";"Armure / vêtement";"ARMO";"Dragonborn.esm";"0179D0";"Dragonborn.esm";"DLC2_SkinMountedRiekling";"Table française";"Skyrim - Interface.bsa : strings\dragonborn_french.strings";"Non jouable (drapeau)";"À vérifier"
"dragonborn.esm|038404";"BoarRiekling";"Armure / vêtement";"ARMO";"Dragonborn.esm";"038404";"Dragonborn.esm";"DLC2_SkinMountedRiekling_VariantA";"Table française";"Skyrim - Interface.bsa : strings\dragonborn_french.strings";"Non jouable (drapeau)";"À vérifier"
"dragonborn.esm|038407";"BoarRiekling";"Armure / vêtement";"ARMO";"Dragonborn.esm";"038407";"Dragonborn.esm";"DLC2_SkinMountedRiekling_VariantB";"Table française";"Skyrim - Interface.bsa : strings\dragonborn_french.strings";"Non jouable (drapeau)";"À vérifier"
"dragonborn.esm|03840A";"BoarRiekling";"Armure / vêtement";"ARMO";"Dragonborn.esm";"03840A";"Dragonborn.esm";"DLC2_SkinMountedRiekling_VariantC";"Table française";"Skyrim - Interface.bsa : strings\dragonborn_french.strings";"Non jouable (drapeau)";"À vérifier"
"dragonborn.esm|038410";"BoarRiekling";"Armure / vêtement";"ARMO";"Dragonborn.esm";"038410";"Dragonborn.esm";"DLC2_SkinMountedRiekling_VariantD";"Table française";"Skyrim - Interface.bsa : strings\dragonborn_french.strings";"Non jouable (drapeau)";"À vérifier"
"dragonborn.esm|038411";"BoarRiekling";"Armure / vêtement";"ARMO";"Dragonborn.esm";"038411";"Dragonborn.esm";"DLC2_SkinMountedRiekling_VariantE";"Table française";"Skyrim - Interface.bsa : strings\dragonborn_french.strings";"Non jouable (drapeau)";"À vérifier"
"dragonborn.esm|038412";"BoarRiekling";"Armure / vêtement";"ARMO";"Dragonborn.esm";"038412";"Dragonborn.esm";"DLC2_SkinMountedRiekling_VariantF";"Table française";"Skyrim - Interface.bsa : strings\dragonborn_french.strings";"Non jouable (drapeau)";"À vérifier"
"dragonborn.esm|038413";"BoarRiekling";"Armure / vêtement";"ARMO";"Dragonborn.esm";"038413";"Dragonborn.esm";"DLC2_SkinMountedRiekling_VariantG";"Table française";"Skyrim - Interface.bsa : strings\dragonborn_french.strings";"Non jouable (drapeau)";"À vérifier"
"dawnguard.esm|01570B";"Bottes";"Armure / vêtement";"ARMO";"Dawnguard.esm";"01570B";"Dawnguard.esm";"DLC1ClothesPrelateBoots";"Table française";"Skyrim - Interface.bsa : strings\dawnguard_french.strings";"Non jouable (drapeau)";"À vérifier"
"dragonborn.esm|0376D9";"Bottes";"Armure / vêtement";"ARMO";"Dragonborn.esm";"0376D9";"Dragonborn.esm";"DLC2DremoraBoots";"Table française";"Skyrim - Interface.bsa : strings\dragonborn_french.strings";"Non jouable (drapeau)";"À vérifier"
"skyrim.esm|016FFF";"Bottes";"Armure / vêtement";"ARMO";"Skyrim.esm";"016FFF";"Skyrim.esm";"DremoraBoots";"Table française";"Skyrim - Interface.bsa : strings\skyrim_french.strings";"Non jouable (drapeau)";"À vérifier"
"skyrim.esm|0F1ABD";"Bottes daedras";"Armure / vêtement";"ARMO";"Skyrim.esm";"0F1ABD";"Skyrim.esm";"DremoraDaedricBoots";"Table française";"Skyrim - Interface.bsa : strings\skyrim_french.strings";"Non jouable (drapeau)";"À vérifier"
"skyrim.esm|036A46";"Bottes de Grise-barbe";"Armure / vêtement";"ARMO";"Skyrim.esm";"036A46";"Skyrim.esm";"ClothesRobesGreybeardBoots";"Table française";"Skyrim - Interface.bsa : strings\skyrim_french.strings";"Non jouable (drapeau)";"À vérifier"
"skyrim.esm|036583";"Bottes de la Guilde des voleurs";"Armure / vêtement";"ARMO";"Skyrim.esm";"036583";"Skyrim.esm";"ArmorThievesGuildBoots";"Table française";"Skyrim - Interface.bsa : strings\skyrim_french.strings";"Non jouable (drapeau)";"À vérifier"
"skyrim.esm|1092B4";"Bottes de maître de guilde";"Armure / vêtement";"ARMO";"Skyrim.esm";"1092B4";"Skyrim.esm";"ArmorThievesGuildLeaderBootsMercer";"Table française";"Skyrim - Interface.bsa : strings\skyrim_french.strings";"Non jouable (drapeau)";"À vérifier"
"skyrim.esm|10B2FF";"Bottes de plates";"Armure / vêtement";"ARMO";"Skyrim.esm";"10B2FF";"Skyrim.esm";"ArmorSteelPlateBootsUnplayable";"Table française";"Skyrim - Interface.bsa : strings\skyrim_french.strings";"Non jouable (drapeau)";"À vérifier"
"skyrim.esm|0483C1";"Bottes de Rossignol";"Armure / vêtement";"ARMO";"Skyrim.esm";"0483C1";"Skyrim.esm";"ArmorNightingaleBoots";"Table française";"Skyrim - Interface.bsa : strings\skyrim_french.strings";"Non jouable (drapeau)";"À vérifier"
"skyrim.esm|0C0166";"Bottes de Tsun";"Armure / vêtement";"ARMO";"Skyrim.esm";"0C0166";"Skyrim.esm";"ArmorTsunBoots";"Table française";"Skyrim - Interface.bsa : strings\skyrim_french.strings";"Non jouable (drapeau)";"À vérifier"
"skyrim.esm|10853F";"Bottes des Ombres de l'Automne";"Armure / vêtement";"ARMO";"Skyrim.esm";"10853F";"Skyrim.esm";"ArmorSummersetShadowsGuildBoots";"Table française";"Skyrim - Interface.bsa : strings\skyrim_french.strings";"Non jouable (drapeau)";"À vérifier"
"dragonborn.esm|037FEE";"Bottes du Balafré";"Armure / vêtement";"ARMO";"Dragonborn.esm";"037FEE";"Dragonborn.esm";"DLC2dunHaknirArmorBootsNP";"Table française";"Skyrim - Interface.bsa : strings\dragonborn_french.strings";"Non jouable (drapeau)";"À vérifier"
"skyrim.esm|1019CD";"Bottes nordiques antiques";"Armure / vêtement";"ARMO";"Skyrim.esm";"1019CD";"Skyrim.esm";"ArmorDraugrBootsUnplayable";"Table française";"Skyrim - Interface.bsa : strings\skyrim_french.strings";"Non jouable (drapeau)";"À vérifier"
"dawnguard.esm|0074C7";"Bottes pendragon";"Armure / vêtement";"ARMO";"Dawnguard.esm";"0074C7";"Dawnguard.esm";"ArmorDragonplateBootsUnplayable";"Table française";"Skyrim - Interface.bsa : strings\dawnguard_french.strings";"Non jouable (drapeau)";"À vérifier"
"dawnguard.esm|017F73";"Bottes pendragon";"Armure / vêtement";"ARMO";"Dawnguard.esm";"017F73";"Dawnguard.esm";"DLC1ArmorKeeperBoots";"Table française";"Skyrim - Interface.bsa : strings\dawnguard_french.strings";"Non jouable (drapeau)";"À vérifier"
"skyrim.esm|105967";"Bottes sybillines usées";"Armure / vêtement";"ARMO";"Skyrim.esm";"105967";"Skyrim.esm";"DBArmorBootsWorn";"Table française";"Skyrim - Interface.bsa : strings\skyrim_french.strings";"Non jouable (drapeau)";"À vérifier"
"skyrim.esm|04408F";"Bouclier d'acier";"Armure / vêtement";"ARMO";"Skyrim.esm";"04408F";"Skyrim.esm";"ArmorAtronachFrostShield";"Table française";"Skyrim - Interface.bsa : strings\skyrim_french.strings";"Non jouable (drapeau)";"À vérifier"
"skyrim.esm|08FB79";"Bouclier d'acier";"Armure / vêtement";"ARMO";"Skyrim.esm";"08FB79";"Skyrim.esm";"crWispShield";"Table française";"Skyrim - Interface.bsa : strings\skyrim_french.strings";"Non jouable (drapeau)";"À vérifier"
"skyrim.esm|0F1186";"Bouclier d'acier";"Armure / vêtement";"ARMO";"Skyrim.esm";"0F1186";"Skyrim.esm";"crWispShadeShield";"Table française";"Skyrim - Interface.bsa : strings\skyrim_french.strings";"Non jouable (drapeau)";"À vérifier"
"skyrim.esm|0EC8B1";"Bouclier de spriggan";"Armure / vêtement";"ARMO";"Skyrim.esm";"0EC8B1";"Skyrim.esm";"ArmorSprigganShield";"Table française";"Skyrim - Interface.bsa : strings\skyrim_french.strings";"Non jouable (drapeau)";"À vérifier"
"skyrim.esm|07B937";"Bouclier dwemer";"Armure / vêtement";"ARMO";"Skyrim.esm";"07B937";"Skyrim.esm";"crArmorDwarvenSphereBowDummyObject";"Table française";"Skyrim - Interface.bsa : strings\skyrim_french.strings";"Non jouable (drapeau)";"À vérifier"
"dawnguard.esm|018065";"Bouclier pendragon";"Armure / vêtement";"ARMO";"Dawnguard.esm";"018065";"Dawnguard.esm";"DLC1KeeperShield";"Table française";"Skyrim - Interface.bsa : strings\dawnguard_french.strings";"Non jouable (drapeau)";"À vérifier"
"dawnguard.esm|01A73F";"Capuchon de faucheur";"Armure / vêtement";"ARMO";"Dawnguard.esm";"01A73F";"Dawnguard.esm";"DLC01SoulCairnReaperHood";"Table française";"Skyrim - Interface.bsa : strings\dawnguard_french.strings";"Non jouable (drapeau)";"À vérifier"
"skyrim.esm|036A45";"Capuchon de Grise-barbe";"Armure / vêtement";"ARMO";"Skyrim.esm";"036A45";"Skyrim.esm";"ClothesRobesGreybeardHood";"Table française";"Skyrim - Interface.bsa : strings\skyrim_french.strings";"Non jouable (drapeau)";"À vérifier"
"skyrim.esm|036585";"Capuchon de la Guilde des voleurs";"Armure / vêtement";"ARMO";"Skyrim.esm";"036585";"Skyrim.esm";"ArmorThievesGuildHelmet";"Table française";"Skyrim - Interface.bsa : strings\skyrim_french.strings";"Non jouable (drapeau)";"À vérifier"
"dawnguard.esm|017E9B";"Capuchon de mage noir";"Armure / vêtement";"ARMO";"Dawnguard.esm";"017E9B";"Dawnguard.esm";"DLC1VCClothesWarlockHoodUnplayable";"Table française";"Skyrim - Interface.bsa : strings\dawnguard_french.strings";"Non jouable (drapeau)";"À vérifier"
"skyrim.esm|0C5D10";"Capuchon de mage noir";"Armure / vêtement";"ARMO";"Skyrim.esm";"0C5D10";"Skyrim.esm";"ClothesWarlockHoodUnplayable";"Table française";"Skyrim - Interface.bsa : strings\skyrim_french.strings";"Non jouable (drapeau)";"À vérifier"
"skyrim.esm|0487D8";"Capuchon de Rossignol";"Armure / vêtement";"ARMO";"Skyrim.esm";"0487D8";"Skyrim.esm";"ArmorNightingaleHelmet";"Table française";"Skyrim - Interface.bsa : strings\skyrim_french.strings";"Non jouable (drapeau)";"À vérifier"
"dawnguard.esm|00E6A0";"Capuchon de Sérana";"Armure / vêtement";"ARMO";"Dawnguard.esm";"00E6A0";"Dawnguard.esm";"DLC1SeranaHood";"Table française";"Skyrim - Interface.bsa : strings\dawnguard_french.strings";"Non jouable (drapeau)";"À vérifier"
"skyrim.esm|108542";"Capuchon des ombres de l'automne";"Armure / vêtement";"ARMO";"Skyrim.esm";"108542";"Skyrim.esm";"ArmorSummersetShadowsGuildHelmet";"Table française";"Skyrim - Interface.bsa : strings\skyrim_french.strings";"Non jouable (drapeau)";"À vérifier"
"skyrim.esm|10F75F";"Casque daedra";"Armure / vêtement";"ARMO";"Skyrim.esm";"10F75F";"Skyrim.esm";"DremoraDaedricHelmet";"Table française";"Skyrim - Interface.bsa : strings\skyrim_french.strings";"Non jouable (drapeau)";"À vérifier"
"dragonborn.esm|037FF1";"Casque du Balafré";"Armure / vêtement";"ARMO";"Dragonborn.esm";"037FF1";"Dragonborn.esm";"DLC2dunHaknirArmorHelmNP";"Table française";"Skyrim - Interface.bsa : strings\dragonborn_french.strings";"Non jouable (drapeau)";"À vérifier"
"skyrim.esm|01FD77";"Casque nordique antique";"Armure / vêtement";"ARMO";"Skyrim.esm";"01FD77";"Skyrim.esm";"DraugrHelmet01";"Table française";"Skyrim - Interface.bsa : strings\skyrim_french.strings";"Non jouable (drapeau)";"À vérifier"
"skyrim.esm|01FD7B";"Casque nordique antique";"Armure / vêtement";"ARMO";"Skyrim.esm";"01FD7B";"Skyrim.esm";"DraugrHelmet02";"Table française";"Skyrim - Interface.bsa : strings\skyrim_french.strings";"Non jouable (drapeau)";"À vérifier"
"skyrim.esm|01FD7C";"Casque nordique antique";"Armure / vêtement";"ARMO";"Skyrim.esm";"01FD7C";"Skyrim.esm";"DraugrHelmet03";"Table française";"Skyrim - Interface.bsa : strings\skyrim_french.strings";"Non jouable (drapeau)";"À vérifier"
"skyrim.esm|1019CA";"Casque nordique antique";"Armure / vêtement";"ARMO";"Skyrim.esm";"1019CA";"Skyrim.esm";"ArmorDraugrHelmetUnplayable";"Table française";"Skyrim - Interface.bsa : strings\skyrim_french.strings";"Non jouable (drapeau)";"À vérifier"
"skyrim.esm|104F44";"Cerf blanc";"Armure / vêtement";"ARMO";"Skyrim.esm";"104F44";"Skyrim.esm";"SkinWhiteStag";"Table française";"Skyrim - Interface.bsa : strings\skyrim_french.strings";"Non jouable (drapeau)";"À vérifier"
"dawnguard.esm|016125";"Chaurus";"Armure / vêtement";"ARMO";"Dawnguard.esm";"016125";"Dawnguard.esm";"DLC1SkinChaurusFrozen";"Table française";"Skyrim - Interface.bsa : strings\dawnguard_french.strings";"Non jouable (drapeau)";"À vérifier"
"skyrim.esm|058E2A";"Chaurus";"Armure / vêtement";"ARMO";"Skyrim.esm";"058E2A";"Skyrim.esm";"SkinChaurus";"Table française";"Skyrim - Interface.bsa : strings\skyrim_french.strings";"Non jouable (drapeau)";"À vérifier"
"dawnguard.esm|0029A7";"ChaurusFlyer";"Armure / vêtement";"ARMO";"Dawnguard.esm";"0029A7";"Dawnguard.esm";"SkinChaurusFlyer2";"Table française";"Skyrim - Interface.bsa : strings\dawnguard_french.strings";"Non jouable (drapeau)";"À vérifier"
"dawnguard.esm|0051FE";"ChaurusFlyer";"Armure / vêtement";"ARMO";"Dawnguard.esm";"0051FE";"Dawnguard.esm";"SkinChaurusFlyer";"Table française";"Skyrim - Interface.bsa : strings\dawnguard_french.strings";"Non jouable (drapeau)";"À vérifier"
"skyrim.esm|06F278";"Chèvre";"Armure / vêtement";"ARMO";"Skyrim.esm";"06F278";"Skyrim.esm";"SkinGoat";"Table française";"Skyrim - Interface.bsa : strings\skyrim_french.strings";"Non jouable (drapeau)";"À vérifier"
"skyrim.esm|06FC49";"Chèvre";"Armure / vêtement";"ARMO";"Skyrim.esm";"06FC49";"Skyrim.esm";"SkinGoatDomestic";"Table française";"Skyrim - Interface.bsa : strings\skyrim_french.strings";"Non jouable (drapeau)";"À vérifier"
"dawnguard.esm|002C04";"Chevrette luisante";"Armure / vêtement";"ARMO";"Dawnguard.esm";"002C04";"Dawnguard.esm";"DLC1SkinDeerGlow";"Table française";"Skyrim - Interface.bsa : strings\dawnguard_french.strings";"Non jouable (drapeau)";"À vérifier"
"oarsrest.esp|04D086";"Chicken";"Armure / vêtement";"ARMO";"OarsRest.esp";"04D086";"OarsRest.esp";"OR_SkinChicken";"Nom intégré au plugin";"OarsRest.esp";"Non jouable (drapeau)";"À vérifier"
"windhelmsse.esp|188290";"Child's Outfit";"Armure / vêtement";"ARMO";"WindhelmSSE.esp";"188290";"WindhelmSSE.esp";"ClothesChild03WHArmor";"Nom intégré au plugin";"WindhelmSSE.esp";"Non jouable (drapeau)";"À vérifier"
"dragonborn.esm|0376EF";"Collier d'or";"Armure / vêtement";"ARMO";"Dragonborn.esm";"0376EF";"Dragonborn.esm";"DLC2HeartstoneNecklace";"Table française";"Skyrim - Interface.bsa : strings\dragonborn_french.strings";"Non jouable (drapeau)";"À vérifier"
"skyrim.esm|105969";"Coule sibylline usée";"Armure / vêtement";"ARMO";"Skyrim.esm";"105969";"Skyrim.esm";"DBArmorHelmetWorn";"Table française";"Skyrim - Interface.bsa : strings\skyrim_french.strings";"Non jouable (drapeau)";"À vérifier"
"skyrim.esm|0F9670";"Couronne d'Ulfric";"Armure / vêtement";"ARMO";"Skyrim.esm";"0F9670";"Skyrim.esm";"ArmorGag";"Table française";"Skyrim - Interface.bsa : strings\skyrim_french.strings";"Non jouable (drapeau)";"À vérifier"
"dawnguard.esm|00CAD3";"Cuirasse falmer ancienne";"Armure / vêtement";"ARMO";"Dawnguard.esm";"00CAD3";"Dawnguard.esm";"DLC1IvoryCuirassAlternate";"Table française";"Skyrim - Interface.bsa : strings\dawnguard_french.strings";"Non jouable (drapeau)";"À vérifier"
"dragonborn.esm|0376DA";"Daedric Robes";"Armure / vêtement";"ARMO";"Dragonborn.esm";"0376DA";"Sentinel - Priests and Acolytes.esp";"DLC2DremoraRobesBlack";"Nom intégré au plugin";"Sentinel - Priests and Acolytes.esp";"Non jouable (drapeau)";"À vérifier"
"skyrim.esm|016FFE";"Daedric Robes";"Armure / vêtement";"ARMO";"Skyrim.esm";"016FFE";"Sentinel - Priests and Acolytes.esp";"DremoraRobesBlack";"Nom intégré au plugin";"Sentinel - Priests and Acolytes.esp";"Non jouable (drapeau)";"À vérifier"
"dawnguard.esm|015BC1";"DLC1VampireLordCape";"Armure / vêtement";"ARMO";"Dawnguard.esm";"015BC1";"Dawnguard.esm";"DLC1VampireLordCape";"Table française";"Skyrim - Interface.bsa : strings\dawnguard_french.strings";"Non jouable (drapeau)";"À vérifier"
"skyrim.esm|0800EA";"DwarvenSteamCenturion";"Armure / vêtement";"ARMO";"Skyrim.esm";"0800EA";"Skyrim.esm";"SkinDwarvenSteamCenturion";"Table française";"Skyrim - Interface.bsa : strings\skyrim_french.strings";"Non jouable (drapeau)";"À vérifier"
"skyrim.esm|0F906D";"DwarvenSteamCenturion";"Armure / vêtement";"ARMO";"Skyrim.esm";"0F906D";"Skyrim.esm";"FXDwarvenSteamCenturion";"Table française";"Skyrim - Interface.bsa : strings\skyrim_french.strings";"Non jouable (drapeau)";"À vérifier"
"skyrim.esm|05E977";"Élan";"Armure / vêtement";"ARMO";"Skyrim.esm";"05E977";"Skyrim.esm";"SkinDeerMale";"Table française";"Skyrim - Interface.bsa : strings\skyrim_french.strings";"Non jouable (drapeau)";"À vérifier"
"skyrim.esm|05E979";"Elkmale";"Armure / vêtement";"ARMO";"Skyrim.esm";"05E979";"Skyrim.esm";"SkinDeer";"Table française";"Skyrim - Interface.bsa : strings\skyrim_french.strings";"Non jouable (drapeau)";"À vérifier"
"dawnguard.esm|015C3D";"Forgeron";"Armure / vêtement";"ARMO";"Dawnguard.esm";"015C3D";"Dawnguard.esm";"DLC1LD_ForgemasterSkin";"Table française";"Skyrim - Interface.bsa : strings\dawnguard_french.strings";"Non jouable (drapeau)";"À vérifier"
"dawnguard.esm|010E15";"FX Vamp Skeleton";"Armure / vêtement";"ARMO";"Dawnguard.esm";"010E15";"Dawnguard.esm";"DLC1VampireSkeletonFXArmor";"Table française";"Skyrim - Interface.bsa : strings\dawnguard_french.strings";"Non jouable (drapeau)";"À vérifier"
"skyrim.esm|0F1AC0";"Gantelets daedras";"Armure / vêtement";"ARMO";"Skyrim.esm";"0F1AC0";"Skyrim.esm";"DremoraDaedricGauntlets";"Table française";"Skyrim - Interface.bsa : strings\skyrim_french.strings";"Non jouable (drapeau)";"À vérifier"
"dawnguard.esm|01A755";"Gantelets de faucheur";"Armure / vêtement";"ARMO";"Dawnguard.esm";"01A755";"Dawnguard.esm";"DLC01ReaperBracers";"Table française";"Skyrim - Interface.bsa : strings\dawnguard_french.strings";"Non jouable (drapeau)";"À vérifier"
"skyrim.esm|10B300";"Gantelets de plates";"Armure / vêtement";"ARMO";"Skyrim.esm";"10B300";"Skyrim.esm";"ArmorSteelPlateGauntletsUnplayable";"Table française";"Skyrim - Interface.bsa : strings\skyrim_french.strings";"Non jouable (drapeau)";"À vérifier"
"dragonborn.esm|037FF0";"Gantelets du Balafré";"Armure / vêtement";"ARMO";"Dragonborn.esm";"037FF0";"Dragonborn.esm";"DLC2dunHaknirArmorGauntletsNP";"Table française";"Skyrim - Interface.bsa : strings\dragonborn_french.strings";"Non jouable (drapeau)";"À vérifier"
"dawnguard.esm|00CFB2";"Gantelets en peau";"Armure / vêtement";"ARMO";"Dawnguard.esm";"00CFB2";"Dawnguard.esm";"DLC1LD_ArmorHideGauntletsNP";"Table française";"Skyrim - Interface.bsa : strings\dawnguard_french.strings";"Non jouable (drapeau)";"À vérifier"
"skyrim.esm|1019CB";"Gantelets nordiques antiques";"Armure / vêtement";"ARMO";"Skyrim.esm";"1019CB";"Skyrim.esm";"ArmorDraugrGauntletsUnplayable";"Table française";"Skyrim - Interface.bsa : strings\skyrim_french.strings";"Non jouable (drapeau)";"À vérifier"
"dawnguard.esm|0074F7";"Gantelets pendragon";"Armure / vêtement";"ARMO";"Dawnguard.esm";"0074F7";"Dawnguard.esm";"ArmorDragonplateGauntletsUnplayable";"Table française";"Skyrim - Interface.bsa : strings\dawnguard_french.strings";"Non jouable (drapeau)";"À vérifier"
"dawnguard.esm|017F75";"Gantelets pendragon";"Armure / vêtement";"ARMO";"Dawnguard.esm";"017F75";"Dawnguard.esm";"DLC1KeeperGauntlets";"Table française";"Skyrim - Interface.bsa : strings\dawnguard_french.strings";"Non jouable (drapeau)";"À vérifier"
"skyrim.esm|042BE9";"Gants de la Guilde des voleurs";"Armure / vêtement";"ARMO";"Skyrim.esm";"042BE9";"Skyrim.esm";"ArmorThievesGuildGauntlets";"Table française";"Skyrim - Interface.bsa : strings\skyrim_french.strings";"Non jouable (drapeau)";"À vérifier"
"skyrim.esm|1092B6";"Gants de maître de guilde";"Armure / vêtement";"ARMO";"Skyrim.esm";"1092B6";"Skyrim.esm";"ArmorThievesGuildLeaderGauntletsMercer";"Table française";"Skyrim - Interface.bsa : strings\skyrim_french.strings";"Non jouable (drapeau)";"À vérifier"
"skyrim.esm|0487D1";"Gants de Rossignol";"Armure / vêtement";"ARMO";"Skyrim.esm";"0487D1";"Skyrim.esm";"ArmorNightingaleGauntlets";"Table française";"Skyrim - Interface.bsa : strings\skyrim_french.strings";"Non jouable (drapeau)";"À vérifier"
"skyrim.esm|108541";"Gants des Ombres de l'Automne";"Armure / vêtement";"ARMO";"Skyrim.esm";"108541";"Skyrim.esm";"ArmorSummersetShadowsGuildGauntlets";"Table française";"Skyrim - Interface.bsa : strings\skyrim_french.strings";"Non jouable (drapeau)";"À vérifier"
"skyrim.esm|105968";"Gants sybillins usés";"Armure / vêtement";"ARMO";"Skyrim.esm";"105968";"Skyrim.esm";"DBArmorGlovesWorn";"Table française";"Skyrim - Interface.bsa : strings\skyrim_french.strings";"Non jouable (drapeau)";"À vérifier"
"dragonborn.esm|027118";"Gardien des cendres";"Armure / vêtement";"ARMO";"Dragonborn.esm";"027118";"Dragonborn.esm";"DLC2SkinAshGuardian";"Table française";"Skyrim - Interface.bsa : strings\dragonborn_french.strings";"Non jouable (drapeau)";"À vérifier"
"dragonborn.esm|02B04B";"Gardien des cendres";"Armure / vêtement";"ARMO";"Dragonborn.esm";"02B04B";"Dragonborn.esm";"DLC2SkinAshSpawn";"Table française";"Skyrim - Interface.bsa : strings\dragonborn_french.strings";"Non jouable (drapeau)";"À vérifier"
"morecraftableequipment.esp|0009E7";"Giant Bracers";"Armure / vêtement";"ARMO";"MoreCraftableEquipment.esp";"0009E7";"MoreCraftableEquipment.esp";"MCEGiantHeavyBracers";"Nom intégré au plugin";"MoreCraftableEquipment.esp";"Non jouable (drapeau)";"À vérifier"
"morecraftableequipment.esp|0009EB";"Giant Bracers";"Armure / vêtement";"ARMO";"MoreCraftableEquipment.esp";"0009EB";"MoreCraftableEquipment.esp";"MCEGiantMediumBracers";"Nom intégré au plugin";"MoreCraftableEquipment.esp";"Non jouable (drapeau)";"À vérifier"
"morecraftableequipment.esp|0009E6";"Giant Clothes";"Armure / vêtement";"ARMO";"MoreCraftableEquipment.esp";"0009E6";"MoreCraftableEquipment.esp";"MCEGiantHeavyCloth";"Nom intégré au plugin";"MoreCraftableEquipment.esp";"Non jouable (drapeau)";"À vérifier"
"morecraftableequipment.esp|0009EA";"Giant Clothes";"Armure / vêtement";"ARMO";"MoreCraftableEquipment.esp";"0009EA";"MoreCraftableEquipment.esp";"MCEGiantMediumCloth";"Nom intégré au plugin";"MoreCraftableEquipment.esp";"Non jouable (drapeau)";"À vérifier"
"morecraftableequipment.esp|0009E8";"Giant Legwraps";"Armure / vêtement";"ARMO";"MoreCraftableEquipment.esp";"0009E8";"MoreCraftableEquipment.esp";"MCEGiantLegwraps";"Nom intégré au plugin";"MoreCraftableEquipment.esp";"Non jouable (drapeau)";"À vérifier"
"skyrim.esm|04E784";"HighlandCow";"Armure / vêtement";"ARMO";"Skyrim.esm";"04E784";"Skyrim.esm";"SkinCow";"Table française";"Skyrim - Interface.bsa : strings\skyrim_french.strings";"Non jouable (drapeau)";"À vérifier"
"skyrim.esm|0C39F0";"HighlandCow";"Armure / vêtement";"ARMO";"Skyrim.esm";"0C39F0";"Skyrim.esm";"SkinCowPainted";"Table française";"Skyrim - Interface.bsa : strings\skyrim_french.strings";"Non jouable (drapeau)";"À vérifier"
"dragonborn.esm|01DCB7";"HMDaedra";"Armure / vêtement";"ARMO";"Dragonborn.esm";"01DCB7";"Dragonborn.esm";"SkinHMDaedra";"Table française";"Skyrim - Interface.bsa : strings\dragonborn_french.strings";"Non jouable (drapeau)";"À vérifier"
"skyrim.esm|08CA6A";"Horqueur";"Armure / vêtement";"ARMO";"Skyrim.esm";"08CA6A";"Skyrim.esm";"SkinHorker";"Table française";"Skyrim - Interface.bsa : strings\skyrim_french.strings";"Non jouable (drapeau)";"À vérifier"
"dawnguard.esm|018B31";"Husky en armure";"Armure / vêtement";"ARMO";"Dawnguard.esm";"018B31";"Dawnguard.esm";"SkinHuskyArmored";"Table française";"Skyrim - Interface.bsa : strings\dawnguard_french.strings";"Non jouable (drapeau)";"À vérifier"
"dawnguard.esm|018B37";"Husky en armure";"Armure / vêtement";"ARMO";"Dawnguard.esm";"018B37";"Dawnguard.esm";"SkinHuskyBare";"Table française";"Skyrim - Interface.bsa : strings\dawnguard_french.strings";"Non jouable (drapeau)";"À vérifier"
"dawnguard.esm|00CFAF";"Jambières d'acier";"Armure / vêtement";"ARMO";"Dawnguard.esm";"00CFAF";"Dawnguard.esm";"DLC1LD_ArmorSteelBootsBNP";"Table française";"Skyrim - Interface.bsa : strings\dawnguard_french.strings";"Non jouable (drapeau)";"À vérifier"
"skyrim.esm|06DC9B";"Lapin";"Armure / vêtement";"ARMO";"Skyrim.esm";"06DC9B";"Skyrim.esm";"SkinHare";"Table française";"Skyrim - Interface.bsa : strings\skyrim_french.strings";"Non jouable (drapeau)";"À vérifier"
"skyrim.esm|059254";"Mammouth";"Armure / vêtement";"ARMO";"Skyrim.esm";"059254";"Skyrim.esm";"SkinMammothBranded";"Table française";"Skyrim - Interface.bsa : strings\skyrim_french.strings";"Non jouable (drapeau)";"À vérifier"
"skyrim.esm|059253";"Mammouth sauvage";"Armure / vêtement";"ARMO";"Skyrim.esm";"059253";"Skyrim.esm";"SkinMammothWild";"Table française";"Skyrim - Interface.bsa : strings\skyrim_french.strings";"Non jouable (drapeau)";"À vérifier"
"skyrim.esm|107611";"Manakin";"Armure / vêtement";"ARMO";"Skyrim.esm";"107611";"Skyrim.esm";"ArmorManakin";"Table française";"Skyrim - Interface.bsa : strings\skyrim_french.strings";"Non jouable (drapeau)";"À vérifier"
"dragonborn.esm|03C0F1";"Masque de Miraak";"Armure / vêtement";"ARMO";"Dragonborn.esm";"03C0F1";"Dragonborn.esm";"DLC2MKMiraakFightMask1";"Table française";"Skyrim - Interface.bsa : strings\dragonborn_french.strings";"Non jouable (drapeau)";"À vérifier"
"dragonborn.esm|03C0F2";"Masque de Miraak";"Armure / vêtement";"ARMO";"Dragonborn.esm";"03C0F2";"Dragonborn.esm";"DLC2MKMiraakFightMask2";"Table française";"Skyrim - Interface.bsa : strings\dragonborn_french.strings";"Non jouable (drapeau)";"À vérifier"
"dragonborn.esm|03C0F3";"Masque de Miraak";"Armure / vêtement";"ARMO";"Dragonborn.esm";"03C0F3";"Dragonborn.esm";"DLC2MKMiraakFightMask3";"Table française";"Skyrim - Interface.bsa : strings\dragonborn_french.strings";"Non jouable (drapeau)";"À vérifier"
"dragonborn.esm|03C0F4";"Masque de Miraak";"Armure / vêtement";"ARMO";"Dragonborn.esm";"03C0F4";"Dragonborn.esm";"DLC2MKMiraakFightMask4";"Table française";"Skyrim - Interface.bsa : strings\dragonborn_french.strings";"Non jouable (drapeau)";"À vérifier"
"dragonborn.esm|03C0F5";"Masque de Miraak";"Armure / vêtement";"ARMO";"Dragonborn.esm";"03C0F5";"Dragonborn.esm";"DLC2MKMiraakFightMask5";"Table française";"Skyrim - Interface.bsa : strings\dragonborn_french.strings";"Non jouable (drapeau)";"À vérifier"
"dragonborn.esm|03C0F6";"Masque de Miraak";"Armure / vêtement";"ARMO";"Dragonborn.esm";"03C0F6";"Dragonborn.esm";"DLC2MKMiraakFightMask6";"Table française";"Skyrim - Interface.bsa : strings\dragonborn_french.strings";"Non jouable (drapeau)";"À vérifier"
"skyrim.esm|103941";"Menottes de prisonnier";"Armure / vêtement";"ARMO";"Skyrim.esm";"103941";"Update.esm";"PrisonerCuffs";"Table française";"Skyrim - Interface.bsa : strings\update_french.strings";"Non jouable (drapeau)";"À vérifier"
"skyrim.esm|10E2D8";"Menottes de prisonnier";"Armure / vêtement";"ARMO";"Skyrim.esm";"10E2D8";"Update.esm";"PrisonerCuffsSolitude";"Table française";"Skyrim - Interface.bsa : strings\update_french.strings";"Non jouable (drapeau)";"À vérifier"
"keizaal.esp|006BB4";"Nocturnal's Clothes";"Armure / vêtement";"ARMO";"Keizaal.esp";"006BB4";"Keizaal.esp";"ClothesNocturnalDUPLICATE001";"Nom intégré au plugin";"Keizaal.esp";"Non jouable (drapeau)";"À vérifier"
"skyrim.esm|0868FD";"Ours brun";"Armure / vêtement";"ARMO";"Skyrim.esm";"0868FD";"Skyrim.esm";"SkinBearBrown";"Table française";"Skyrim - Interface.bsa : strings\skyrim_french.strings";"Non jouable (drapeau)";"À vérifier"
"skyrim.esm|0187FD";"Ours des neiges";"Armure / vêtement";"ARMO";"Skyrim.esm";"0187FD";"Skyrim.esm";"SkinBearWhite";"Table française";"Skyrim - Interface.bsa : strings\skyrim_french.strings";"Non jouable (drapeau)";"À vérifier"
"skyrim.esm|0187FE";"Ours troglodyte";"Armure / vêtement";"ARMO";"Skyrim.esm";"0187FE";"Skyrim.esm";"SkinBearCave";"Table française";"Skyrim - Interface.bsa : strings\skyrim_french.strings";"Non jouable (drapeau)";"À vérifier"
"skyrim.esm|01FE7F";"Peau de draugr";"Armure / vêtement";"ARMO";"Skyrim.esm";"01FE7F";"Skyrim.esm";"SkinDraugrMale02";"Table française";"Skyrim - Interface.bsa : strings\skyrim_french.strings";"Non jouable (drapeau)";"À vérifier"
"skyrim.esm|01FE80";"Peau de draugr";"Armure / vêtement";"ARMO";"Skyrim.esm";"01FE80";"Skyrim.esm";"SkinDraugrMale03";"Table française";"Skyrim - Interface.bsa : strings\skyrim_french.strings";"Non jouable (drapeau)";"À vérifier"
"skyrim.esm|01FE81";"Peau de draugr";"Armure / vêtement";"ARMO";"Skyrim.esm";"01FE81";"Skyrim.esm";"SkinDraugrMale04";"Table française";"Skyrim - Interface.bsa : strings\skyrim_french.strings";"Non jouable (drapeau)";"À vérifier"
"skyrim.esm|01FE82";"Peau de draugr";"Armure / vêtement";"ARMO";"Skyrim.esm";"01FE82";"Skyrim.esm";"SkinDraugrMale05";"Table française";"Skyrim - Interface.bsa : strings\skyrim_french.strings";"Non jouable (drapeau)";"À vérifier"
"skyrim.esm|01FE83";"Peau de draugr";"Armure / vêtement";"ARMO";"Skyrim.esm";"01FE83";"Skyrim.esm";"SkinDraugrMale06";"Table française";"Skyrim - Interface.bsa : strings\skyrim_french.strings";"Non jouable (drapeau)";"À vérifier"
"skyrim.esm|01FE84";"Peau de draugr";"Armure / vêtement";"ARMO";"Skyrim.esm";"01FE84";"Skyrim.esm";"SkinDraugrMale07";"Table française";"Skyrim - Interface.bsa : strings\skyrim_french.strings";"Non jouable (drapeau)";"À vérifier"
"dragonborn.esm|028581";"Peau de jeune netch";"Armure / vêtement";"ARMO";"Dragonborn.esm";"028581";"Dragonborn.esm";"DLC2NetchCalfSkin";"Table française";"Skyrim - Interface.bsa : strings\dragonborn_french.strings";"Non jouable (drapeau)";"À vérifier"
"dragonborn.esm|01FEBB";"Peau de netch";"Armure / vêtement";"ARMO";"Dragonborn.esm";"01FEBB";"Dragonborn.esm";"DLC2NetchSkin";"Table française";"Skyrim - Interface.bsa : strings\dragonborn_french.strings";"Non jouable (drapeau)";"À vérifier"
"dragonborn.esm|019B0A";"Peau de scrib";"Armure / vêtement";"ARMO";"Dragonborn.esm";"019B0A";"Dragonborn.esm";"DLC2ScribSkin";"Table française";"Skyrim - Interface.bsa : strings\dragonborn_french.strings";"Non jouable (drapeau)";"À vérifier"
"skyrim.esm|0A919C";"Poulet";"Armure / vêtement";"ARMO";"Skyrim.esm";"0A919C";"Skyrim.esm";"SkinChicken";"Table française";"Skyrim - Interface.bsa : strings\skyrim_french.strings";"Non jouable (drapeau)";"À vérifier"
"skyrim.esm|0CF89C";"Renne";"Armure / vêtement";"ARMO";"Skyrim.esm";"0CF89C";"Skyrim.esm";"SkinReinDeer";"Table française";"Skyrim - Interface.bsa : strings\skyrim_french.strings";"Non jouable (drapeau)";"À vérifier"
"dawnguard.esm|01A752";"Robe de faucheur";"Armure / vêtement";"ARMO";"Dawnguard.esm";"01A752";"Dawnguard.esm";"DLC01SoulCairnReaperRobe";"Table française";"Skyrim - Interface.bsa : strings\dawnguard_french.strings";"Non jouable (drapeau)";"À vérifier"
"dragonborn.esm|03C0F7";"Robe de Miraak";"Armure / vêtement";"ARMO";"Dragonborn.esm";"03C0F7";"Dragonborn.esm";"DLC2MKMiraakFightRobes1";"Table française";"Skyrim - Interface.bsa : strings\dragonborn_french.strings";"Non jouable (drapeau)";"À vérifier"
"dragonborn.esm|03C0F9";"Robe de Miraak";"Armure / vêtement";"ARMO";"Dragonborn.esm";"03C0F9";"Dragonborn.esm";"DLC2MKMiraakFightRobes2";"Table française";"Skyrim - Interface.bsa : strings\dragonborn_french.strings";"Non jouable (drapeau)";"À vérifier"
"dragonborn.esm|03C0FA";"Robe de Miraak";"Armure / vêtement";"ARMO";"Dragonborn.esm";"03C0FA";"Dragonborn.esm";"DLC2MKMiraakFightRobes3";"Table française";"Skyrim - Interface.bsa : strings\dragonborn_french.strings";"Non jouable (drapeau)";"À vérifier"
"dragonborn.esm|03C0FB";"Robe de Miraak";"Armure / vêtement";"ARMO";"Dragonborn.esm";"03C0FB";"Dragonborn.esm";"DLC2MKMiraakFightRobes4";"Table française";"Skyrim - Interface.bsa : strings\dragonborn_french.strings";"Non jouable (drapeau)";"À vérifier"
"dragonborn.esm|03C0FC";"Robe de Miraak";"Armure / vêtement";"ARMO";"Dragonborn.esm";"03C0FC";"Dragonborn.esm";"DLC2MKMiraakFightRobes5";"Table française";"Skyrim - Interface.bsa : strings\dragonborn_french.strings";"Non jouable (drapeau)";"À vérifier"
"dragonborn.esm|03C0FD";"Robe de Miraak";"Armure / vêtement";"ARMO";"Dragonborn.esm";"03C0FD";"Dragonborn.esm";"DLC2MKMiraakFightRobes6";"Table française";"Skyrim - Interface.bsa : strings\dragonborn_french.strings";"Non jouable (drapeau)";"À vérifier"
"dragonborn.esm|03D306";"Robe de Miraak";"Armure / vêtement";"ARMO";"Dragonborn.esm";"03D306";"Dragonborn.esm";"DLC2MiraakSkeleton";"Table française";"Skyrim - Interface.bsa : strings\dragonborn_french.strings";"Non jouable (drapeau)";"À vérifier"
"dawnguard.esm|01570C";"Robe de moine";"Armure / vêtement";"ARMO";"Dawnguard.esm";"01570C";"Dawnguard.esm";"DLC1ClothesPrelateRobes";"Table française";"Skyrim - Interface.bsa : strings\dawnguard_french.strings";"Non jouable (drapeau)";"À vérifier"
"dragonborn.esm|024039";"Sanglier";"Armure / vêtement";"ARMO";"Dragonborn.esm";"024039";"Dragonborn.esm";"DLC2_SkinBoar";"Table française";"Skyrim - Interface.bsa : strings\dragonborn_french.strings";"Non jouable (drapeau)";"À vérifier"
"dragonborn.esm|03BD0B";"Sanglier";"Armure / vêtement";"ARMO";"Dragonborn.esm";"03BD0B";"Dragonborn.esm";"DLC2_DetectLifeBox";"Table française";"Skyrim - Interface.bsa : strings\dragonborn_french.strings";"Non jouable (drapeau)";"À vérifier"
"evgnnsmpaccessories.esp|000D63";"Satchel 1 Chain";"Armure / vêtement";"ARMO";"evgnnsmpaccessories.esp";"000D63";"evgnnsmpaccessories.esp";"evgsmpsatchel1armor";"Nom intégré au plugin";"evgnnsmpaccessories.esp";"Non jouable (drapeau)";"À vérifier"
"evgnnsmpaccessories.esp|000801";"Satchel 2 Chains";"Armure / vêtement";"ARMO";"evgnnsmpaccessories.esp";"000801";"evgnnsmpaccessories.esp";"evgsmpsatchel2armor";"Nom intégré au plugin";"evgnnsmpaccessories.esp";"Non jouable (drapeau)";"À vérifier"
"skyrim.esm|106390";"Test - Blessure";"Armure / vêtement";"ARMO";"Skyrim.esm";"106390";"Skyrim.esm";"MS11WoundSusanna";"Table française";"Skyrim - Interface.bsa : strings\skyrim_french.strings";"Non jouable (drapeau)";"À vérifier"
"skyrim.esm|106392";"Test - Blessure";"Armure / vêtement";"ARMO";"Skyrim.esm";"106392";"Skyrim.esm";"MS11WoundArivanya";"Table française";"Skyrim - Interface.bsa : strings\skyrim_french.strings";"Non jouable (drapeau)";"À vérifier"
"evgnnsmpaccessories.esp|00086F";"Tied Linen Pouch (Left)";"Armure / vêtement";"ARMO";"evgnnsmpaccessories.esp";"00086F";"KzlOnlineMods.esp";"evgsmpbasicpouchLarmor";"Nom intégré au plugin";"KzlOnlineMods.esp";"Non jouable (drapeau)";"À vérifier"
"evgnnsmpaccessories.esp|000870";"Tied Linen Pouch (Left)";"Armure / vêtement";"ARMO";"evgnnsmpaccessories.esp";"000870";"KzlOnlineMods.esp";"evgsmpbasicpouchLDARKarmor";"Nom intégré au plugin";"KzlOnlineMods.esp";"Non jouable (drapeau)";"À vérifier"
"evgnnsmpaccessories.esp|000DF5";"Tied Linen Pouch (Right)";"Armure / vêtement";"ARMO";"evgnnsmpaccessories.esp";"000DF5";"KzlOnlineMods.esp";"evgsmpbasicpouchRarmor";"Nom intégré au plugin";"KzlOnlineMods.esp";"Non jouable (drapeau)";"À vérifier"
"evgnnsmpaccessories.esp|000DF6";"Tied Linen Pouch (Right)";"Armure / vêtement";"ARMO";"evgnnsmpaccessories.esp";"000DF6";"KzlOnlineMods.esp";"evgsmpbasicpouchRDARKarmor";"Nom intégré au plugin";"KzlOnlineMods.esp";"Non jouable (drapeau)";"À vérifier"
"dragonborn.esm|03C819";"Vêtements d'enfant";"Armure / vêtement";"ARMO";"Dragonborn.esm";"03C819";"Dragonborn.esm";"DLC2SkaalClothesChild";"Table française";"Skyrim - Interface.bsa : strings\dragonborn_french.strings";"Non jouable (drapeau)";"À vérifier"
"hearthfires.esm|00C73E";"Vêtements d'enfant";"Armure / vêtement";"ARMO";"HearthFires.esm";"00C73E";"HearthFires.esm";"ClothesChild04";"Table française";"Skyrim - Interface.bsa : strings\hearthfires_french.strings";"Non jouable (drapeau)";"À vérifier"
"hearthfires.esm|00C740";"Vêtements d'enfant";"Armure / vêtement";"ARMO";"HearthFires.esm";"00C740";"HearthFires.esm";"ClothesChild05";"Table française";"Skyrim - Interface.bsa : strings\hearthfires_french.strings";"Non jouable (drapeau)";"À vérifier"
"skyrim.esm|0467BF";"Vêtements d'enfant";"Armure / vêtement";"ARMO";"Skyrim.esm";"0467BF";"HearthFires.esm";"ClothesChild02";"Table française";"Skyrim - Interface.bsa : strings\hearthfires_french.strings";"Non jouable (drapeau)";"À vérifier"
"skyrim.esm|0467C0";"Vêtements d'enfant";"Armure / vêtement";"ARMO";"Skyrim.esm";"0467C0";"HearthFires.esm";"ClothesChild03";"Table française";"Skyrim - Interface.bsa : strings\hearthfires_french.strings";"Non jouable (drapeau)";"À vérifier"
"skyrim.esm|06D92C";"Vêtements d'enfant";"Armure / vêtement";"ARMO";"Skyrim.esm";"06D92C";"HearthFires.esm";"ClothesChild01";"Table française";"Skyrim - Interface.bsa : strings\hearthfires_french.strings";"Non jouable (drapeau)";"À vérifier"
"dragonborn.esm|0323EF";"Word Chest";"Armure / vêtement";"ARMO";"Dragonborn.esm";"0323EF";"Dragonborn.esm";"DLC2WordBurnedInChest";"Table française";"Skyrim - Interface.bsa : strings\dragonborn_french.strings";"Non jouable (drapeau)";"À vérifier"
"dragonborn.esm|0398CC";"Word Chest";"Armure / vêtement";"ARMO";"Dragonborn.esm";"0398CC";"Dragonborn.esm";"DLC2WordBurnedInChestAfter";"Table française";"Skyrim - Interface.bsa : strings\dragonborn_french.strings";"Non jouable (drapeau)";"À vérifier"
"dragonborn.esm|03BE38";"Word Chest";"Armure / vêtement";"ARMO";"Dragonborn.esm";"03BE38";"Dragonborn.esm";"DLC2HMKillsMiraak";"Table française";"Skyrim - Interface.bsa : strings\dragonborn_french.strings";"Non jouable (drapeau)";"À vérifier"
"skyrim.esm|06A0C2";"";"Gemme spirituelle";"SLGM";"Skyrim.esm";"06A0C2";"Skyrim.esm";"DummySoulGem";"Sans nom";"";"Sans nom";"À vérifier"
"keizaal.esp|00B276";"";"Livre / sort";"BOOK";"Keizaal.esp";"00B276";"Keizaal.esp";"KzlMiningNovice";"Sans nom";"";"Sans nom";"À vérifier"
"keizaal.esp|00B277";"";"Livre / sort";"BOOK";"Keizaal.esp";"00B277";"Keizaal.esp";"KzlMiningAdvanced";"Sans nom";"";"Sans nom";"À vérifier"
"keizaal.esp|00B278";"";"Livre / sort";"BOOK";"Keizaal.esp";"00B278";"Keizaal.esp";"KzlMiningExpert";"Sans nom";"";"Sans nom";"À vérifier"
"keizaal.esp|00B279";"";"Livre / sort";"BOOK";"Keizaal.esp";"00B279";"Keizaal.esp";"KzlMiningMaster";"Sans nom";"";"Sans nom";"À vérifier"
"keizaal.esp|00B27A";"";"Livre / sort";"BOOK";"Keizaal.esp";"00B27A";"Keizaal.esp";"KzlSmithingAdvanced";"Sans nom";"";"Sans nom";"À vérifier"
"keizaal.esp|00B27B";"";"Livre / sort";"BOOK";"Keizaal.esp";"00B27B";"Keizaal.esp";"KzlSmithingNovice";"Sans nom";"";"Sans nom";"À vérifier"
"keizaal.esp|00B27C";"";"Livre / sort";"BOOK";"Keizaal.esp";"00B27C";"Keizaal.esp";"KzlSmithingExpert";"Sans nom";"";"Sans nom";"À vérifier"
"keizaal.esp|00B27D";"";"Livre / sort";"BOOK";"Keizaal.esp";"00B27D";"Keizaal.esp";"KzlSmithingMaster";"Sans nom";"";"Sans nom";"À vérifier"
"keizaal.esp|015489";"";"Livre / sort";"BOOK";"Keizaal.esp";"015489";"Keizaal.esp";"KzlWoodcutterNovice";"Sans nom";"";"Sans nom";"À vérifier"
"keizaal.esp|01548A";"";"Livre / sort";"BOOK";"Keizaal.esp";"01548A";"Keizaal.esp";"KzlWoodcutterAdvanced";"Sans nom";"";"Sans nom";"À vérifier"
"keizaal.esp|01548B";"";"Livre / sort";"BOOK";"Keizaal.esp";"01548B";"Keizaal.esp";"KzlWoodcutterExpert";"Sans nom";"";"Sans nom";"À vérifier"
"keizaal.esp|01548C";"";"Livre / sort";"BOOK";"Keizaal.esp";"01548C";"Keizaal.esp";"KzlWoodcutterMaster";"Sans nom";"";"Sans nom";"À vérifier"
"keizaal.esp|047F6C";"";"Livre / sort";"BOOK";"Keizaal.esp";"047F6C";"Keizaal.esp";"KzlAlchemyAdvanced";"Sans nom";"";"Sans nom";"À vérifier"
"keizaal.esp|047F6D";"";"Livre / sort";"BOOK";"Keizaal.esp";"047F6D";"Keizaal.esp";"KzlAlchemyExpert";"Sans nom";"";"Sans nom";"À vérifier"
"keizaal.esp|047F6E";"";"Livre / sort";"BOOK";"Keizaal.esp";"047F6E";"Keizaal.esp";"KzlAlchemyMaster";"Sans nom";"";"Sans nom";"À vérifier"
"keizaal.esp|DC4E14";"";"Livre / sort";"BOOK";"Keizaal.esp";"DC4E14";"Keizaal.esp";"KzlChestLootBook";"Sans nom";"";"Sans nom";"À vérifier"
"keizaal.esp|E81D82";"";"Livre / sort";"BOOK";"Keizaal.esp";"E81D82";"Keizaal.esp";"KzlTailorAdvanced";"Sans nom";"";"Sans nom";"À vérifier"
"keizaal.esp|E81D83";"";"Livre / sort";"BOOK";"Keizaal.esp";"E81D83";"Keizaal.esp";"KzlTailorExpert";"Sans nom";"";"Sans nom";"À vérifier"
"keizaal.esp|E81D84";"";"Livre / sort";"BOOK";"Keizaal.esp";"E81D84";"Keizaal.esp";"KzlTailorMaster";"Sans nom";"";"Sans nom";"À vérifier"
"keizaal.esp|E8BFFB";"";"Livre / sort";"BOOK";"Keizaal.esp";"E8BFFB";"Keizaal.esp";"KzlCookingAdvanced";"Sans nom";"";"Sans nom";"À vérifier"
"keizaal.esp|E8BFFC";"";"Livre / sort";"BOOK";"Keizaal.esp";"E8BFFC";"Keizaal.esp";"KzlCookingExpert";"Sans nom";"";"Sans nom";"À vérifier"
"keizaal.esp|E8BFFD";"";"Livre / sort";"BOOK";"Keizaal.esp";"E8BFFD";"Keizaal.esp";"KzlCookingMaster";"Sans nom";"";"Sans nom";"À vérifier"
"skyrim.esm|0D7866";"";"Livre / sort";"BOOK";"Skyrim.esm";"0D7866";"Skyrim.esm";"DummyBook";"Sans nom";"";"Sans nom";"À vérifier"
"skyrim.esm|0DB0C9";"";"Livre / sort";"BOOK";"Skyrim.esm";"0DB0C9";"Skyrim.esm";"DefaultBookShelfBookMarker";"Sans nom";"";"Sans nom";"À vérifier"
"dawnguard.esm|0059C0";"";"Lumière / torche";"LIGH";"Dawnguard.esm";"0059C0";"Dawnguard.esm";"DLC01SCPurple";"Sans nom";"";"Sans nom";"À vérifier"
"dawnguard.esm|0059C2";"";"Lumière / torche";"LIGH";"Dawnguard.esm";"0059C2";"Dawnguard.esm";"DLC01SCPurpleNS";"Sans nom";"";"Sans nom";"À vérifier"
"dawnguard.esm|007CBD";"";"Lumière / torche";"LIGH";"Dawnguard.esm";"007CBD";"Dawnguard.esm";"MagicLightDLC01SoulRendProj";"Sans nom";"";"Sans nom";"À vérifier"
"dawnguard.esm|008CBD";"";"Lumière / torche";"LIGH";"Dawnguard.esm";"008CBD";"Dawnguard.esm";"DLC1dunRedwaterDenLight";"Sans nom";"";"Sans nom";"À vérifier"
"dawnguard.esm|00A3BA";"";"Lumière / torche";"LIGH";"Dawnguard.esm";"00A3BA";"Dawnguard.esm";"DLC1MagicLightSunLightSpell01";"Sans nom";"";"Sans nom";"À vérifier"
"dawnguard.esm|00A5AE";"";"Lumière / torche";"LIGH";"Dawnguard.esm";"00A5AE";"Dawnguard.esm";"DLC1dunRedwaterDenLightBright";"Sans nom";"";"Sans nom";"À vérifier"
"dawnguard.esm|00AEB7";"";"Lumière / torche";"LIGH";"Dawnguard.esm";"00AEB7";"Dawnguard.esm";"DLC1WaterLight";"Sans nom";"";"Sans nom";"À vérifier"
"dawnguard.esm|00BF49";"";"Lumière / torche";"LIGH";"Dawnguard.esm";"00BF49";"Dawnguard.esm";"DLC01IdealMasterCrystalLight";"Sans nom";"";"Sans nom";"À vérifier"
"dawnguard.esm|00D259";"";"Lumière / torche";"LIGH";"Dawnguard.esm";"00D259";"Dawnguard.esm";"DLC1SETempleDoor01NS";"Sans nom";"";"Sans nom";"À vérifier"
"dawnguard.esm|00D260";"";"Lumière / torche";"LIGH";"Dawnguard.esm";"00D260";"Dawnguard.esm";"FXCandleLight";"Sans nom";"";"Sans nom";"À vérifier"
"dawnguard.esm|00D665";"";"Lumière / torche";"LIGH";"Dawnguard.esm";"00D665";"Dawnguard.esm";"DLC1MagicAurielSpellLight01";"Sans nom";"";"Sans nom";"À vérifier"
"dawnguard.esm|00D704";"";"Lumière / torche";"LIGH";"Dawnguard.esm";"00D704";"Dawnguard.esm";"FXCandleLight2";"Sans nom";"";"Sans nom";"À vérifier"
"dawnguard.esm|00E6CF";"";"Lumière / torche";"LIGH";"Dawnguard.esm";"00E6CF";"Dawnguard.esm";"FalmerDarkBlueLight01NS";"Sans nom";"";"Sans nom";"À vérifier"
"dawnguard.esm|00EFE3";"";"Lumière / torche";"LIGH";"Dawnguard.esm";"00EFE3";"Dawnguard.esm";"DLC1FalmerPurple01NS";"Sans nom";"";"Sans nom";"À vérifier"
"dawnguard.esm|00F64B";"";"Lumière / torche";"LIGH";"Dawnguard.esm";"00F64B";"Dawnguard.esm";"DLC1MagicLightSunProjectile";"Sans nom";"";"Sans nom";"À vérifier"
"dawnguard.esm|00F6A2";"";"Lumière / torche";"LIGH";"Dawnguard.esm";"00F6A2";"Dawnguard.esm";"DLC1FXRedBossFountainLight";"Sans nom";"";"Sans nom";"À vérifier"
"dawnguard.esm|01036F";"";"Lumière / torche";"LIGH";"Dawnguard.esm";"01036F";"Dawnguard.esm";"DawnGuardIntFireLight01";"Sans nom";"";"Sans nom";"À vérifier"
"dawnguard.esm|012D71";"";"Lumière / torche";"LIGH";"Dawnguard.esm";"012D71";"Dawnguard.esm";"DLC1ForbearsBarrierLight";"Sans nom";"";"Sans nom";"À vérifier"
"dawnguard.esm|0147FD";"";"Lumière / torche";"LIGH";"Dawnguard.esm";"0147FD";"Dawnguard.esm";"DLC1dunRedwaterDenLightBrightRed";"Sans nom";"";"Sans nom";"À vérifier"
"dawnguard.esm|014C52";"";"Lumière / torche";"LIGH";"Dawnguard.esm";"014C52";"Dawnguard.esm";"DLC1VCCourtyardNightLight";"Sans nom";"";"Sans nom";"À vérifier"
"dawnguard.esm|01540C";"";"Lumière / torche";"LIGH";"Dawnguard.esm";"01540C";"Dawnguard.esm";"testSuperMageLight1";"Sans nom";"";"Sans nom";"À vérifier"
"dawnguard.esm|01540D";"";"Lumière / torche";"LIGH";"Dawnguard.esm";"01540D";"Dawnguard.esm";"testSuperMageLight2";"Sans nom";"";"Sans nom";"À vérifier"
"dawnguard.esm|01575D";"";"Lumière / torche";"LIGH";"Dawnguard.esm";"01575D";"Dawnguard.esm";"EvernightSunlight";"Sans nom";"";"Sans nom";"À vérifier"
"dawnguard.esm|016123";"";"Lumière / torche";"LIGH";"Dawnguard.esm";"016123";"Dawnguard.esm";"MagicLightDLC01SoulRendProjWeak";"Sans nom";"";"Sans nom";"À vérifier"
"dawnguard.esm|017650";"";"Lumière / torche";"LIGH";"Dawnguard.esm";"017650";"Dawnguard.esm";"DLC01SCPurpleDesatNS";"Sans nom";"";"Sans nom";"À vérifier"
"dawnguard.esm|0182CA";"";"Lumière / torche";"LIGH";"Dawnguard.esm";"0182CA";"Dawnguard.esm";"FarmInteriorFireLight01NoShadow";"Sans nom";"";"Sans nom";"À vérifier"
"dawnguard.esm|0195A1";"";"Lumière / torche";"LIGH";"Dawnguard.esm";"0195A1";"Dawnguard.esm";"DLC1BFroomLight";"Sans nom";"";"Sans nom";"À vérifier"
"dawnguard.esm|019965";"";"Lumière / torche";"LIGH";"Dawnguard.esm";"019965";"Dawnguard.esm";"DLC1PortalShadLight";"Sans nom";"";"Sans nom";"À vérifier"
"dragonborn.esm|01DBC2";"";"Lumière / torche";"LIGH";"Dragonborn.esm";"01DBC2";"Dragonborn.esm";"DLC2dunKolbjornRitualLight";"Sans nom";"";"Sans nom";"À vérifier"
"dragonborn.esm|01EA79";"";"Lumière / torche";"LIGH";"Dragonborn.esm";"01EA79";"Dragonborn.esm";"DLC2APOMovingLightShadow";"Sans nom";"";"Sans nom";"À vérifier"
"dragonborn.esm|01EA7D";"";"Lumière / torche";"LIGH";"Dragonborn.esm";"01EA7D";"Dragonborn.esm";"DLC2APOMovingLightNoShadow";"Sans nom";"";"Sans nom";"À vérifier"
"dragonborn.esm|027484";"";"Lumière / torche";"LIGH";"Dragonborn.esm";"027484";"Dragonborn.esm";"DLC2ExpSpiderGlowingLight";"Sans nom";"";"Sans nom";"À vérifier"
"dragonborn.esm|02ACF6";"";"Lumière / torche";"LIGH";"Dragonborn.esm";"02ACF6";"Dragonborn.esm";"DLC2CZLightCampFireShadow01";"Sans nom";"";"Sans nom";"À vérifier"
"dragonborn.esm|02B5FB";"";"Lumière / torche";"LIGH";"Dragonborn.esm";"02B5FB";"Dragonborn.esm";"DLC2CZLightTorchShadow01";"Sans nom";"";"Sans nom";"À vérifier"
"dragonborn.esm|02B5FD";"";"Lumière / torche";"LIGH";"Dragonborn.esm";"02B5FD";"Dragonborn.esm";"DLC2CZLightTorch01";"Sans nom";"";"Sans nom";"À vérifier"
"dragonborn.esm|02BCA4";"";"Lumière / torche";"LIGH";"Dragonborn.esm";"02BCA4";"Dragonborn.esm";"DLC2IceCaveBlueDesat";"Sans nom";"";"Sans nom";"À vérifier"
"dragonborn.esm|02BCA5";"";"Lumière / torche";"LIGH";"Dragonborn.esm";"02BCA5";"Dragonborn.esm";"DLC2IceCaveBlueDesatShad";"Sans nom";"";"Sans nom";"À vérifier"
"dragonborn.esm|030CE9";"";"Lumière / torche";"LIGH";"Dragonborn.esm";"030CE9";"Dragonborn.esm";"DLC2DwarvenOmniLight_Desat";"Sans nom";"";"Sans nom";"À vérifier"
"dragonborn.esm|0325D8";"";"Lumière / torche";"LIGH";"Dragonborn.esm";"0325D8";"Dragonborn.esm";"DLC2APOMovingLightNoShadowNOSCRIPT";"Sans nom";"";"Sans nom";"À vérifier"
"dragonborn.esm|0325D9";"";"Lumière / torche";"LIGH";"Dragonborn.esm";"0325D9";"Dragonborn.esm";"DLC2APOMovingLightShadowNOSCRIPT";"Sans nom";"";"Sans nom";"À vérifier"
"dragonborn.esm|032691";"";"Lumière / torche";"LIGH";"Dragonborn.esm";"032691";"Dragonborn.esm";"DLC2HighPointGlowLight";"Sans nom";"";"Sans nom";"À vérifier"
"dragonborn.esm|0327AF";"";"Lumière / torche";"LIGH";"Dragonborn.esm";"0327AF";"Dragonborn.esm";"DLC2ApoMagicLight01NS";"Sans nom";"";"Sans nom";"À vérifier"
"dragonborn.esm|0327BF";"";"Lumière / torche";"LIGH";"Dragonborn.esm";"0327BF";"Dragonborn.esm";"DLC2ApoMagicLight02NS";"Sans nom";"";"Sans nom";"À vérifier"
"dragonborn.esm|03280C";"";"Lumière / torche";"LIGH";"Dragonborn.esm";"03280C";"Dragonborn.esm";"DLC2MagicSmallLightFireInHand";"Sans nom";"";"Sans nom";"À vérifier"
"dragonborn.esm|0336E7";"";"Lumière / torche";"LIGH";"Dragonborn.esm";"0336E7";"Dragonborn.esm";"DLC2RedoranFireLight01";"Sans nom";"";"Sans nom";"À vérifier"
"dragonborn.esm|0336E8";"";"Lumière / torche";"LIGH";"Dragonborn.esm";"0336E8";"Dragonborn.esm";"DLC2RedoranLight01";"Sans nom";"";"Sans nom";"À vérifier"
"dragonborn.esm|033970";"";"Lumière / torche";"LIGH";"Dragonborn.esm";"033970";"Dragonborn.esm";"DLC2RRLightForgeFire01";"Sans nom";"";"Sans nom";"À vérifier"
"dragonborn.esm|03523F";"";"Lumière / torche";"LIGH";"Dragonborn.esm";"03523F";"Dragonborn.esm";"DLC2RedoranShadowLight01";"Sans nom";"";"Sans nom";"À vérifier"
"dragonborn.esm|035C9E";"";"Lumière / torche";"LIGH";"Dragonborn.esm";"035C9E";"Dragonborn.esm";"DefaultCandleLight01_DesatFXExtraDark";"Sans nom";"";"Sans nom";"À vérifier"
"dragonborn.esm|03770B";"";"Lumière / torche";"LIGH";"Dragonborn.esm";"03770B";"Dragonborn.esm";"DLC2FXLightElectricBlueGlow";"Sans nom";"";"Sans nom";"À vérifier"
"dragonborn.esm|038839";"";"Lumière / torche";"LIGH";"Dragonborn.esm";"038839";"Dragonborn.esm";"DLC2FXLightElectricBlueGlowDUPLICATE001";"Sans nom";"";"Sans nom";"À vérifier"
"dragonborn.esm|039006";"";"Lumière / torche";"LIGH";"Dragonborn.esm";"039006";"Dragonborn.esm";"DLC2ApoMagicLight01";"Sans nom";"";"Sans nom";"À vérifier"
"dragonborn.esm|039007";"";"Lumière / torche";"LIGH";"Dragonborn.esm";"039007";"Dragonborn.esm";"DLC2ApoMagicLight02";"Sans nom";"";"Sans nom";"À vérifier"
"dragonborn.esm|03AC61";"";"Lumière / torche";"LIGH";"Dragonborn.esm";"03AC61";"Dragonborn.esm";"DLC2SpiderEggLight";"Sans nom";"";"Sans nom";"À vérifier"
"dragonborn.esm|03CF1E";"";"Lumière / torche";"LIGH";"Dragonborn.esm";"03CF1E";"Dragonborn.esm";"DLC2RedoranShadowLight02";"Sans nom";"";"Sans nom";"À vérifier"
"dragonborn.esm|03D4A8";"";"Lumière / torche";"LIGH";"Dragonborn.esm";"03D4A8";"Dragonborn.esm";"DLC2BulwarkCaveLight";"Sans nom";"";"Sans nom";"À vérifier"
"dragonborn.esm|03D4AB";"";"Lumière / torche";"LIGH";"Dragonborn.esm";"03D4AB";"Dragonborn.esm";"DLC2BulwarkCaveLight02";"Sans nom";"";"Sans nom";"À vérifier"
"hearthfires.esm|000BC6";"";"Lumière / torche";"LIGH";"HearthFires.esm";"000BC6";"HearthFires.esm";"BYOHHouseWarmLightNS";"Sans nom";"";"Sans nom";"À vérifier"
"skyrim.esm|012FD6";"";"Lumière / torche";"LIGH";"Skyrim.esm";"012FD6";"Skyrim.esm";"MagicLightWhite01";"Sans nom";"";"Sans nom";"À vérifier"
"skyrim.esm|013234";"";"Lumière / torche";"LIGH";"Skyrim.esm";"013234";"Skyrim.esm";"TestGrantIntLightWhite";"Sans nom";"";"Sans nom";"À vérifier"
"skyrim.esm|0137D9";"";"Lumière / torche";"LIGH";"Skyrim.esm";"0137D9";"Skyrim.esm";"TestLightingBlue";"Sans nom";"";"Sans nom";"À vérifier"
"skyrim.esm|013CA1";"";"Lumière / torche";"LIGH";"Skyrim.esm";"013CA1";"Skyrim.esm";"TestPurkeyOmni";"Sans nom";"";"Sans nom";"À vérifier"
"skyrim.esm|013E86";"";"Lumière / torche";"LIGH";"Skyrim.esm";"013E86";"Skyrim.esm";"TestCoryYellow01";"Sans nom";"";"Sans nom";"À vérifier"
"skyrim.esm|013FD4";"";"Lumière / torche";"LIGH";"Skyrim.esm";"013FD4";"Skyrim.esm";"TestCoryLightOrange";"Sans nom";"";"Sans nom";"À vérifier"
"skyrim.esm|013FE9";"";"Lumière / torche";"LIGH";"Skyrim.esm";"013FE9";"Skyrim.esm";"TestCoryLightBlue";"Sans nom";"";"Sans nom";"À vérifier"
"skyrim.esm|0140EC";"";"Lumière / torche";"LIGH";"Skyrim.esm";"0140EC";"Skyrim.esm";"MagicLightFireInHand";"Sans nom";"";"Sans nom";"À vérifier"
"skyrim.esm|01560F";"";"Lumière / torche";"LIGH";"Skyrim.esm";"01560F";"Skyrim.esm";"FrostmereCryptLight01NS";"Sans nom";"";"Sans nom";"À vérifier"
"skyrim.esm|015610";"";"Lumière / torche";"LIGH";"Skyrim.esm";"015610";"Skyrim.esm";"FrostmereCryptLight02NS";"Sans nom";"";"Sans nom";"À vérifier"
"skyrim.esm|0172C4";"";"Lumière / torche";"LIGH";"Skyrim.esm";"0172C4";"Skyrim.esm";"DefaultSunlightHalfOmni01";"Sans nom";"";"Sans nom";"À vérifier"
"skyrim.esm|018125";"";"Lumière / torche";"LIGH";"Skyrim.esm";"018125";"Skyrim.esm";"MagicLightWard01";"Sans nom";"";"Sans nom";"À vérifier"
"skyrim.esm|018E23";"";"Lumière / torche";"LIGH";"Skyrim.esm";"018E23";"Skyrim.esm";"TestShadowOmniDirectional";"Sans nom";"";"Sans nom";"À vérifier"
"skyrim.esm|018FBF";"";"Lumière / torche";"LIGH";"Skyrim.esm";"018FBF";"Skyrim.esm";"NocturnalLight";"Sans nom";"";"Sans nom";"À vérifier"
"skyrim.esm|018FE4";"";"Lumière / torche";"LIGH";"Skyrim.esm";"018FE4";"Skyrim.esm";"RiftenLight01_Desat";"Sans nom";"";"Sans nom";"À vérifier"
"skyrim.esm|018FE5";"";"Lumière / torche";"LIGH";"Skyrim.esm";"018FE5";"Skyrim.esm";"RiftenLight01Shad_Desat";"Sans nom";"";"Sans nom";"À vérifier"
"skyrim.esm|018FE9";"";"Lumière / torche";"LIGH";"Skyrim.esm";"018FE9";"Skyrim.esm";"RiftenLight01ShadNoFlicker_Desat";"Sans nom";"";"Sans nom";"À vérifier"
"skyrim.esm|018FEA";"";"Lumière / torche";"LIGH";"Skyrim.esm";"018FEA";"Skyrim.esm";"RiftenLight01ShadSpot_Desat";"Sans nom";"";"Sans nom";"À vérifier"
"skyrim.esm|018FED";"";"Lumière / torche";"LIGH";"Skyrim.esm";"018FED";"Skyrim.esm";"SolitudeInnLight07_Desat";"Sans nom";"";"Sans nom";"À vérifier"
"skyrim.esm|0194F3";"";"Lumière / torche";"LIGH";"Skyrim.esm";"0194F3";"Skyrim.esm";"IceBounce01NS";"Sans nom";"";"Sans nom";"À vérifier"
"skyrim.esm|0194F4";"";"Lumière / torche";"LIGH";"Skyrim.esm";"0194F4";"Skyrim.esm";"IceCandleLight01";"Sans nom";"";"Sans nom";"À vérifier"
"skyrim.esm|0194F5";"";"Lumière / torche";"LIGH";"Skyrim.esm";"0194F5";"Skyrim.esm";"IceCandleLight01_Desat";"Sans nom";"";"Sans nom";"À vérifier"
"skyrim.esm|0194F6";"";"Lumière / torche";"LIGH";"Skyrim.esm";"0194F6";"Skyrim.esm";"IceCandleLight01_DesatMoveLess";"Sans nom";"";"Sans nom";"À vérifier"
"skyrim.esm|019500";"";"Lumière / torche";"LIGH";"Skyrim.esm";"019500";"Skyrim.esm";"IceCandleLight01_MoveLess";"Sans nom";"";"Sans nom";"À vérifier"
"skyrim.esm|019506";"";"Lumière / torche";"LIGH";"Skyrim.esm";"019506";"Skyrim.esm";"IceCandleLight01_NoMove";"Sans nom";"";"Sans nom";"À vérifier"
"skyrim.esm|019507";"";"Lumière / torche";"LIGH";"Skyrim.esm";"019507";"Skyrim.esm";"IceCandleLight01NS";"Sans nom";"";"Sans nom";"À vérifier"
"skyrim.esm|01950B";"";"Lumière / torche";"LIGH";"Skyrim.esm";"01950B";"Skyrim.esm";"IceCandleLight01NSDesat";"Sans nom";"";"Sans nom";"À vérifier"
"skyrim.esm|01950C";"";"Lumière / torche";"LIGH";"Skyrim.esm";"01950C";"Skyrim.esm";"IceSunlightBounceAmb01NS";"Sans nom";"";"Sans nom";"À vérifier"
"skyrim.esm|01950D";"";"Lumière / torche";"LIGH";"Skyrim.esm";"01950D";"Skyrim.esm";"IceTorch01";"Sans nom";"";"Sans nom";"À vérifier"
"skyrim.esm|01950E";"";"Lumière / torche";"LIGH";"Skyrim.esm";"01950E";"Skyrim.esm";"IceTorch01_Fast";"Sans nom";"";"Sans nom";"À vérifier"
"skyrim.esm|01950F";"";"Lumière / torche";"LIGH";"Skyrim.esm";"01950F";"Skyrim.esm";"IceTorch01_FastDesat";"Sans nom";"";"Sans nom";"À vérifier"
"skyrim.esm|019521";"";"Lumière / torche";"LIGH";"Skyrim.esm";"019521";"Skyrim.esm";"IceTorch01_SuperFast";"Sans nom";"";"Sans nom";"À vérifier"
"skyrim.esm|019526";"";"Lumière / torche";"LIGH";"Skyrim.esm";"019526";"Skyrim.esm";"IceTorch01Desat";"Sans nom";"";"Sans nom";"À vérifier"
"skyrim.esm|019527";"";"Lumière / torche";"LIGH";"Skyrim.esm";"019527";"Skyrim.esm";"IceTorch01NS";"Sans nom";"";"Sans nom";"À vérifier"
"skyrim.esm|019528";"";"Lumière / torche";"LIGH";"Skyrim.esm";"019528";"Skyrim.esm";"IceTorch01NS_Fast";"Sans nom";"";"Sans nom";"À vérifier"
"skyrim.esm|019529";"";"Lumière / torche";"LIGH";"Skyrim.esm";"019529";"Skyrim.esm";"IceTorch01NS_FastDesat";"Sans nom";"";"Sans nom";"À vérifier"
"skyrim.esm|01952A";"";"Lumière / torche";"LIGH";"Skyrim.esm";"01952A";"Skyrim.esm";"IceTorch01NS_NoMove";"Sans nom";"";"Sans nom";"À vérifier"
"skyrim.esm|01952B";"";"Lumière / torche";"LIGH";"Skyrim.esm";"01952B";"Skyrim.esm";"IceTorch01NS_SuperFast";"Sans nom";"";"Sans nom";"À vérifier"
"skyrim.esm|01952C";"";"Lumière / torche";"LIGH";"Skyrim.esm";"01952C";"Skyrim.esm";"IceTorch01NSDesat";"Sans nom";"";"Sans nom";"À vérifier"
"skyrim.esm|0195BC";"";"Lumière / torche";"LIGH";"Skyrim.esm";"0195BC";"Skyrim.esm";"IceBounce01NSDesat";"Sans nom";"";"Sans nom";"À vérifier"
"skyrim.esm|01B7C2";"";"Lumière / torche";"LIGH";"Skyrim.esm";"01B7C2";"Skyrim.esm";"DarylLightOrangeShadow";"Sans nom";"";"Sans nom";"À vérifier"
"skyrim.esm|01CBB3";"";"Lumière / torche";"LIGH";"Skyrim.esm";"01CBB3";"Skyrim.esm";"MagicLightFireball01";"Sans nom";"";"Sans nom";"À vérifier"
"skyrim.esm|01E013";"";"Lumière / torche";"LIGH";"Skyrim.esm";"01E013";"Skyrim.esm";"MagicLightAltPosHand01";"Sans nom";"";"Sans nom";"À vérifier"
"skyrim.esm|01EEB5";"";"Lumière / torche";"LIGH";"Skyrim.esm";"01EEB5";"Skyrim.esm";"MS06specialLightHemisphere";"Sans nom";"";"Sans nom";"À vérifier"
"skyrim.esm|01F5B8";"";"Lumière / torche";"LIGH";"Skyrim.esm";"01F5B8";"Skyrim.esm";"DwarvenOmniLight_FlickerLess";"Sans nom";"";"Sans nom";"À vérifier"
"skyrim.esm|01F8B0";"";"Lumière / torche";"LIGH";"Skyrim.esm";"01F8B0";"Skyrim.esm";"DefaultBlueBounceWater01NS";"Sans nom";"";"Sans nom";"À vérifier"
"skyrim.esm|01F8C9";"";"Lumière / torche";"LIGH";"Skyrim.esm";"01F8C9";"Skyrim.esm";"DwarvenOmniLight_Desat_NoMove";"Sans nom";"";"Sans nom";"À vérifier"
"skyrim.esm|01FCD8";"";"Lumière / torche";"LIGH";"Skyrim.esm";"01FCD8";"Skyrim.esm";"DwarvenOmni_ShadLightHalfOmni";"Sans nom";"";"Sans nom";"À vérifier"
"skyrim.esm|01FD03";"";"Lumière / torche";"LIGH";"Skyrim.esm";"01FD03";"Skyrim.esm";"MagicVoiceDragonRendProjectileLight";"Sans nom";"";"Sans nom";"À vérifier"
"skyrim.esm|01FD9B";"";"Lumière / torche";"LIGH";"Skyrim.esm";"01FD9B";"Skyrim.esm";"DefaultBlueBounceWater01NS_MoveLess";"Sans nom";"";"Sans nom";"À vérifier"
"skyrim.esm|02016B";"";"Lumière / torche";"LIGH";"Skyrim.esm";"02016B";"Skyrim.esm";"MagicLightTelekinesisHand01";"Sans nom";"";"Sans nom";"À vérifier"
"skyrim.esm|020BF4";"";"Lumière / torche";"LIGH";"Skyrim.esm";"020BF4";"Skyrim.esm";"MagicLightFrost01";"Sans nom";"";"Sans nom";"À vérifier"
"skyrim.esm|021660";"";"Lumière / torche";"LIGH";"Skyrim.esm";"021660";"Skyrim.esm";"MagicLightFireBarrier01";"Sans nom";"";"Sans nom";"À vérifier"
"skyrim.esm|0224B0";"";"Lumière / torche";"LIGH";"Skyrim.esm";"0224B0";"Skyrim.esm";"AAAPurkeyBlueDark01";"Sans nom";"";"Sans nom";"À vérifier"
"skyrim.esm|0253D4";"";"Lumière / torche";"LIGH";"Skyrim.esm";"0253D4";"Skyrim.esm";"MagicLightFPSFire";"Sans nom";"";"Sans nom";"À vérifier"
"skyrim.esm|028530";"";"Lumière / torche";"LIGH";"Skyrim.esm";"028530";"Skyrim.esm";"MagicLightInvisHand01";"Sans nom";"";"Sans nom";"À vérifier"
"skyrim.esm|02A601";"";"Lumière / torche";"LIGH";"Skyrim.esm";"02A601";"Skyrim.esm";"dunAzurasStarLightBlue";"Sans nom";"";"Sans nom";"À vérifier"
"skyrim.esm|02C857";"";"Lumière / torche";"LIGH";"Skyrim.esm";"02C857";"Skyrim.esm";"BleakFallsWhiteOmniShadow";"Sans nom";"";"Sans nom";"À vérifier"
"skyrim.esm|02EDEC";"";"Lumière / torche";"LIGH";"Skyrim.esm";"02EDEC";"Skyrim.esm";"BleakFallsSunlight01";"Sans nom";"";"Sans nom";"À vérifier"
"skyrim.esm|02EDED";"";"Lumière / torche";"LIGH";"Skyrim.esm";"02EDED";"Skyrim.esm";"BleakFallsTorchlight01";"Sans nom";"";"Sans nom";"À vérifier"
"skyrim.esm|02EDF0";"";"Lumière / torche";"LIGH";"Skyrim.esm";"02EDF0";"Skyrim.esm";"BleakFallsSunlightBounce01NS";"Sans nom";"";"Sans nom";"À vérifier"
"skyrim.esm|02EDF5";"";"Lumière / torche";"LIGH";"Skyrim.esm";"02EDF5";"Skyrim.esm";"BleakFallsTorchlight01NS";"Sans nom";"";"Sans nom";"À vérifier"
"skyrim.esm|02EDF7";"";"Lumière / torche";"LIGH";"Skyrim.esm";"02EDF7";"Skyrim.esm";"BleakFallsSunlightOmniNS01";"Sans nom";"";"Sans nom";"À vérifier"
"skyrim.esm|02EDFC";"";"Lumière / torche";"LIGH";"Skyrim.esm";"02EDFC";"Skyrim.esm";"BleakFallsDraugrTorch01";"Sans nom";"";"Sans nom";"À vérifier"
"skyrim.esm|02EE00";"";"Lumière / torche";"LIGH";"Skyrim.esm";"02EE00";"Skyrim.esm";"BleakFallsDraugrTorch01NS";"Sans nom";"";"Sans nom";"À vérifier"
"skyrim.esm|02EE04";"";"Lumière / torche";"LIGH";"Skyrim.esm";"02EE04";"Skyrim.esm";"BleakFallsCandleLight01";"Sans nom";"";"Sans nom";"À vérifier"
"skyrim.esm|02EE05";"";"Lumière / torche";"LIGH";"Skyrim.esm";"02EE05";"Skyrim.esm";"BleakFallsCandleLight01NS";"Sans nom";"";"Sans nom";"À vérifier"
"skyrim.esm|02EE07";"";"Lumière / torche";"LIGH";"Skyrim.esm";"02EE07";"Skyrim.esm";"BleakFallsDraugrTorch01Spot";"Sans nom";"";"Sans nom";"À vérifier"
"skyrim.esm|02F363";"";"Lumière / torche";"LIGH";"Skyrim.esm";"02F363";"Skyrim.esm";"BleakFallsDraugrTorch02";"Sans nom";"";"Sans nom";"À vérifier"
"skyrim.esm|02F364";"";"Lumière / torche";"LIGH";"Skyrim.esm";"02F364";"Skyrim.esm";"BleakFallsDraugrTorch02ns";"Sans nom";"";"Sans nom";"À vérifier"
"skyrim.esm|02F37B";"";"Lumière / torche";"LIGH";"Skyrim.esm";"02F37B";"Skyrim.esm";"BleakFallsSunlight01Omni";"Sans nom";"";"Sans nom";"À vérifier"
"skyrim.esm|02F3EF";"";"Lumière / torche";"LIGH";"Skyrim.esm";"02F3EF";"Skyrim.esm";"MagicLightWardHand01";"Sans nom";"";"Sans nom";"À vérifier"
"skyrim.esm|032DAA";"";"Lumière / torche";"LIGH";"Skyrim.esm";"032DAA";"Skyrim.esm";"MagicLightFrostHand01";"Sans nom";"";"Sans nom";"À vérifier"
"skyrim.esm|0346CF";"";"Lumière / torche";"LIGH";"Skyrim.esm";"0346CF";"Skyrim.esm";"DefaultTorch01_FastDesat";"Sans nom";"";"Sans nom";"À vérifier"
"skyrim.esm|0354ED";"";"Lumière / torche";"LIGH";"Skyrim.esm";"0354ED";"Skyrim.esm";"BleakFallsWaterBounce01NS_MoveLess";"Sans nom";"";"Sans nom";"À vérifier"
"skyrim.esm|03559C";"";"Lumière / torche";"LIGH";"Skyrim.esm";"03559C";"Skyrim.esm";"DefaultTorch01NS_NoMove";"Sans nom";"";"Sans nom";"À vérifier"
"skyrim.esm|035F62";"";"Lumière / torche";"LIGH";"Skyrim.esm";"035F62";"Skyrim.esm";"DefaultCandleLight01NSDesatNPS";"Sans nom";"";"Sans nom";"À vérifier"
"skyrim.esm|03611F";"";"Lumière / torche";"LIGH";"Skyrim.esm";"03611F";"Skyrim.esm";"SolitudeInnCandleDefault";"Sans nom";"";"Sans nom";"À vérifier"
"skyrim.esm|036365";"";"Lumière / torche";"LIGH";"Skyrim.esm";"036365";"Skyrim.esm";"DefaultSunlightBluerOmniNS";"Sans nom";"";"Sans nom";"À vérifier"
"skyrim.esm|036464";"";"Lumière / torche";"LIGH";"Skyrim.esm";"036464";"Skyrim.esm";"DefaultTorch01_Fast";"Sans nom";"";"Sans nom";"À vérifier"
"skyrim.esm|036AA4";"";"Lumière / torche";"LIGH";"Skyrim.esm";"036AA4";"Skyrim.esm";"BleakFallsSunlight02Hemi";"Sans nom";"";"Sans nom";"À vérifier"
"skyrim.esm|036B0D";"";"Lumière / torche";"LIGH";"Skyrim.esm";"036B0D";"Skyrim.esm";"DefaultTorch01_SuperFast";"Sans nom";"";"Sans nom";"À vérifier"
"skyrim.esm|03845F";"";"Lumière / torche";"LIGH";"Skyrim.esm";"03845F";"Skyrim.esm";"UstengravSunlight";"Sans nom";"";"Sans nom";"À vérifier"
"skyrim.esm|038A77";"";"Lumière / torche";"LIGH";"Skyrim.esm";"038A77";"Skyrim.esm";"DefaultTorch01NS_FastDesat";"Sans nom";"";"Sans nom";"À vérifier"
"skyrim.esm|038C1C";"";"Lumière / torche";"LIGH";"Skyrim.esm";"038C1C";"Skyrim.esm";"MagicVoicePush01";"Sans nom";"";"Sans nom";"À vérifier"
"skyrim.esm|038C1D";"";"Lumière / torche";"LIGH";"Skyrim.esm";"038C1D";"Skyrim.esm";"MagicVoicePush02";"Sans nom";"";"Sans nom";"À vérifier"
"skyrim.esm|038C1E";"";"Lumière / torche";"LIGH";"Skyrim.esm";"038C1E";"Skyrim.esm";"MagicVoicePush03";"Sans nom";"";"Sans nom";"À vérifier"
"skyrim.esm|0395FE";"";"Lumière / torche";"LIGH";"Skyrim.esm";"0395FE";"Skyrim.esm";"BleakFallsSunlight02";"Sans nom";"";"Sans nom";"À vérifier"
"skyrim.esm|039C4C";"";"Lumière / torche";"LIGH";"Skyrim.esm";"039C4C";"Skyrim.esm";"TestGrantIntLightSpotSun";"Sans nom";"";"Sans nom";"À vérifier"
"skyrim.esm|039C4E";"";"Lumière / torche";"LIGH";"Skyrim.esm";"039C4E";"Skyrim.esm";"TestGrantIntLightBounce";"Sans nom";"";"Sans nom";"À vérifier"
"skyrim.esm|039C58";"";"Lumière / torche";"LIGH";"Skyrim.esm";"039C58";"Skyrim.esm";"TestGrantLightBlue";"Sans nom";"";"Sans nom";"À vérifier"
"skyrim.esm|039E0E";"";"Lumière / torche";"LIGH";"Skyrim.esm";"039E0E";"Skyrim.esm";"TestGrantCandleLight01NS";"Sans nom";"";"Sans nom";"À vérifier"
"skyrim.esm|039EEA";"";"Lumière / torche";"LIGH";"Skyrim.esm";"039EEA";"Skyrim.esm";"TestGrantLightCampFire01";"Sans nom";"";"Sans nom";"À vérifier"
"skyrim.esm|03B9B1";"";"Lumière / torche";"LIGH";"Skyrim.esm";"03B9B1";"Skyrim.esm";"FireLightOilTrapHazard";"Sans nom";"";"Sans nom";"À vérifier"
"skyrim.esm|03BA90";"";"Lumière / torche";"LIGH";"Skyrim.esm";"03BA90";"Skyrim.esm";"MagicLightSummon01";"Sans nom";"";"Sans nom";"À vérifier"
"skyrim.esm|03C3E1";"";"Lumière / torche";"LIGH";"Skyrim.esm";"03C3E1";"Skyrim.esm";"TestLightingViolet";"Sans nom";"";"Sans nom";"À vérifier"
"skyrim.esm|03C415";"";"Lumière / torche";"LIGH";"Skyrim.esm";"03C415";"Skyrim.esm";"IceCavern_SunlightSpot02";"Sans nom";"";"Sans nom";"À vérifier"
"skyrim.esm|03C5A5";"";"Lumière / torche";"LIGH";"Skyrim.esm";"03C5A5";"Skyrim.esm";"BleakFallsSunlight01NS";"Sans nom";"";"Sans nom";"À vérifier"
"skyrim.esm|03C5A6";"";"Lumière / torche";"LIGH";"Skyrim.esm";"03C5A6";"Skyrim.esm";"BleakFallsSunlight01OmniNS";"Sans nom";"";"Sans nom";"À vérifier"
"skyrim.esm|03C5A7";"";"Lumière / torche";"LIGH";"Skyrim.esm";"03C5A7";"Skyrim.esm";"BleakFallsSunlightBounce01Shadow";"Sans nom";"";"Sans nom";"À vérifier"
"skyrim.esm|03CDFA";"";"Lumière / torche";"LIGH";"Skyrim.esm";"03CDFA";"Skyrim.esm";"SummonTargetFXLight";"Sans nom";"";"Sans nom";"À vérifier"
"skyrim.esm|03CDFB";"";"Lumière / torche";"LIGH";"Skyrim.esm";"03CDFB";"Skyrim.esm";"SummonTargetFXLightAnim";"Sans nom";"";"Sans nom";"À vérifier"
"skyrim.esm|03F1B5";"";"Lumière / torche";"LIGH";"Skyrim.esm";"03F1B5";"Skyrim.esm";"MagicLightHealHand01";"Sans nom";"";"Sans nom";"À vérifier"
"skyrim.esm|03F29D";"";"Lumière / torche";"LIGH";"Skyrim.esm";"03F29D";"Skyrim.esm";"BleakFallsCandleLight01NSDesat";"Sans nom";"";"Sans nom";"À vérifier"
"skyrim.esm|03FA58";"";"Lumière / torche";"LIGH";"Skyrim.esm";"03FA58";"Skyrim.esm";"MagicLightLightSpell01";"Sans nom";"";"Sans nom";"À vérifier"
"skyrim.esm|0411C7";"";"Lumière / torche";"LIGH";"Skyrim.esm";"0411C7";"Skyrim.esm";"ForelhostSunlight01";"Sans nom";"";"Sans nom";"À vérifier"
"skyrim.esm|041F09";"";"Lumière / torche";"LIGH";"Skyrim.esm";"041F09";"Skyrim.esm";"MagicLightLightSpellHand01";"Sans nom";"";"Sans nom";"À vérifier"
"skyrim.esm|045D7B";"";"Lumière / torche";"LIGH";"Skyrim.esm";"045D7B";"Skyrim.esm";"GreenPoisonGasLight";"Sans nom";"";"Sans nom";"À vérifier"
"skyrim.esm|048C2C";"";"Lumière / torche";"LIGH";"Skyrim.esm";"048C2C";"Skyrim.esm";"BlackreachWater01NS";"Sans nom";"";"Sans nom";"À vérifier"
"skyrim.esm|04C6DB";"";"Lumière / torche";"LIGH";"Skyrim.esm";"04C6DB";"Skyrim.esm";"MagicLightTurnUndead01";"Sans nom";"";"Sans nom";"À vérifier"
"skyrim.esm|04C6DC";"";"Lumière / torche";"LIGH";"Skyrim.esm";"04C6DC";"Skyrim.esm";"MagicLightTurnUndeadHand01";"Sans nom";"";"Sans nom";"À vérifier"
"skyrim.esm|04D3F6";"";"Lumière / torche";"LIGH";"Skyrim.esm";"04D3F6";"Skyrim.esm";"MagicLightTurnUndead02";"Sans nom";"";"Sans nom";"À vérifier"
"skyrim.esm|04E224";"";"Lumière / torche";"LIGH";"Skyrim.esm";"04E224";"Skyrim.esm";"MagicLightHealMystHand01";"Sans nom";"";"Sans nom";"À vérifier"
"skyrim.esm|04E807";"";"Lumière / torche";"LIGH";"Skyrim.esm";"04E807";"Skyrim.esm";"TestGrantLightBlue2";"Sans nom";"";"Sans nom";"À vérifier"
"skyrim.esm|04E809";"";"Lumière / torche";"LIGH";"Skyrim.esm";"04E809";"Skyrim.esm";"MagicLightTurnUndeadArea";"Sans nom";"";"Sans nom";"À vérifier"
"skyrim.esm|056ACA";"";"Lumière / torche";"LIGH";"Skyrim.esm";"056ACA";"Skyrim.esm";"MagicLightShockProjectile01";"Sans nom";"";"Sans nom";"À vérifier"
"skyrim.esm|0576E5";"";"Lumière / torche";"LIGH";"Skyrim.esm";"0576E5";"Skyrim.esm";"SolitudeInnLight02XLg";"Sans nom";"";"Sans nom";"À vérifier"
"skyrim.esm|057A43";"";"Lumière / torche";"LIGH";"Skyrim.esm";"057A43";"Skyrim.esm";"SolitudeInnWindowYDefault";"Sans nom";"";"Sans nom";"À vérifier"
"skyrim.esm|057A6B";"";"Lumière / torche";"LIGH";"Skyrim.esm";"057A6B";"Skyrim.esm";"SolitudeInteriorLightLG";"Sans nom";"";"Sans nom";"À vérifier"
"skyrim.esm|057C68";"";"Lumière / torche";"LIGH";"Skyrim.esm";"057C68";"Skyrim.esm";"MagicLightShockHand";"Sans nom";"";"Sans nom";"À vérifier"
"skyrim.esm|0592D9";"";"Lumière / torche";"LIGH";"Skyrim.esm";"0592D9";"Skyrim.esm";"MagicLightShockHandBig";"Sans nom";"";"Sans nom";"À vérifier"
"skyrim.esm|059A70";"";"Lumière / torche";"LIGH";"Skyrim.esm";"059A70";"Skyrim.esm";"FarmSpotlight01";"Sans nom";"";"Sans nom";"À vérifier"
"skyrim.esm|059A77";"";"Lumière / torche";"LIGH";"Skyrim.esm";"059A77";"Skyrim.esm";"BthardamzWorldLightBottom01NS";"Sans nom";"";"Sans nom";"À vérifier"
"skyrim.esm|059A78";"";"Lumière / torche";"LIGH";"Skyrim.esm";"059A78";"Skyrim.esm";"BthardamzWorldLightTop01NS";"Sans nom";"";"Sans nom";"À vérifier"
"skyrim.esm|059A93";"";"Lumière / torche";"LIGH";"Skyrim.esm";"059A93";"Skyrim.esm";"FarmInteriorLight01";"Sans nom";"";"Sans nom";"À vérifier"
"skyrim.esm|059B5F";"";"Lumière / torche";"LIGH";"Skyrim.esm";"059B5F";"Skyrim.esm";"FarmInteriorBounce01";"Sans nom";"";"Sans nom";"À vérifier"
"skyrim.esm|059B71";"";"Lumière / torche";"LIGH";"Skyrim.esm";"059B71";"Skyrim.esm";"FarmInteriorFireLight01";"Sans nom";"";"Sans nom";"À vérifier"
"skyrim.esm|05C009";"";"Lumière / torche";"LIGH";"Skyrim.esm";"05C009";"Skyrim.esm";"FarmInteriorShadowLight01";"Sans nom";"";"Sans nom";"À vérifier"
"skyrim.esm|05C677";"";"Lumière / torche";"LIGH";"Skyrim.esm";"05C677";"Skyrim.esm";"DefaultCandleLight01_NoMove";"Sans nom";"";"Sans nom";"À vérifier"
"skyrim.esm|05C70D";"";"Lumière / torche";"LIGH";"Skyrim.esm";"05C70D";"Skyrim.esm";"DefaultCandleLight01_MoveLess";"Sans nom";"";"Sans nom";"À vérifier"
"skyrim.esm|05C777";"";"Lumière / torche";"LIGH";"Skyrim.esm";"05C777";"Skyrim.esm";"DefaultSunlight01Closer02";"Sans nom";"";"Sans nom";"À vérifier"
"skyrim.esm|05D948";"";"Lumière / torche";"LIGH";"Skyrim.esm";"05D948";"Skyrim.esm";"WRLightFire01";"Sans nom";"";"Sans nom";"À vérifier"
"skyrim.esm|05D9B3";"";"Lumière / torche";"LIGH";"Skyrim.esm";"05D9B3";"Skyrim.esm";"WRShadowDirectional";"Sans nom";"";"Sans nom";"À vérifier"
"skyrim.esm|05EAD6";"";"Lumière / torche";"LIGH";"Skyrim.esm";"05EAD6";"Skyrim.esm";"DefaultTorch01NS_NotPortalStrict";"Sans nom";"";"Sans nom";"À vérifier"
"skyrim.esm|05EAE2";"";"Lumière / torche";"LIGH";"Skyrim.esm";"05EAE2";"Skyrim.esm";"DefaultSunlight01NS_NotPortalStrict";"Sans nom";"";"Sans nom";"À vérifier"
"skyrim.esm|0625E0";"";"Lumière / torche";"LIGH";"Skyrim.esm";"0625E0";"Skyrim.esm";"SolitudeInnCandleDefaultShadow";"Sans nom";"";"Sans nom";"À vérifier"
"skyrim.esm|0636D2";"";"Lumière / torche";"LIGH";"Skyrim.esm";"0636D2";"Skyrim.esm";"SolitudeInnLight07";"Sans nom";"";"Sans nom";"À vérifier"
"skyrim.esm|0655EB";"";"Lumière / torche";"LIGH";"Skyrim.esm";"0655EB";"Skyrim.esm";"BleakFallsFungus01";"Sans nom";"";"Sans nom";"À vérifier"
"skyrim.esm|0655EC";"";"Lumière / torche";"LIGH";"Skyrim.esm";"0655EC";"Skyrim.esm";"BleakFallsFungus01NS";"Sans nom";"";"Sans nom";"À vérifier"
"skyrim.esm|065628";"";"Lumière / torche";"LIGH";"Skyrim.esm";"065628";"Skyrim.esm";"BleakFallsCandleLight01NSTESTTEST";"Sans nom";"";"Sans nom";"À vérifier"
"skyrim.esm|0668F2";"";"Lumière / torche";"LIGH";"Skyrim.esm";"0668F2";"Skyrim.esm";"DefaultCandleLight01_Desat";"Sans nom";"";"Sans nom";"À vérifier"
"skyrim.esm|068DEA";"";"Lumière / torche";"LIGH";"Skyrim.esm";"068DEA";"Skyrim.esm";"DefaultCandleLight02Spot";"Sans nom";"";"Sans nom";"À vérifier"
"skyrim.esm|0691D2";"";"Lumière / torche";"LIGH";"Skyrim.esm";"0691D2";"Skyrim.esm";"DefaultCandleLight01_DesatMoveLess";"Sans nom";"";"Sans nom";"À vérifier"
"skyrim.esm|06ACEE";"";"Lumière / torche";"LIGH";"Skyrim.esm";"06ACEE";"Skyrim.esm";"SolitudeInteriorLight01NEW";"Sans nom";"";"Sans nom";"À vérifier"
"skyrim.esm|06AF07";"";"Lumière / torche";"LIGH";"Skyrim.esm";"06AF07";"Skyrim.esm";"BleakFallsDraugrTorchDesat01";"Sans nom";"";"Sans nom";"À vérifier"
"skyrim.esm|06B110";"";"Lumière / torche";"LIGH";"Skyrim.esm";"06B110";"Skyrim.esm";"MagicLightNightEyeHand01";"Sans nom";"";"Sans nom";"À vérifier"
"skyrim.esm|06C04E";"";"Lumière / torche";"LIGH";"Skyrim.esm";"06C04E";"Skyrim.esm";"SolitudeInnBlueDark01";"Sans nom";"";"Sans nom";"À vérifier"
"skyrim.esm|06C056";"";"Lumière / torche";"LIGH";"Skyrim.esm";"06C056";"Skyrim.esm";"SolitudeInnSpotlightDefaultShadow";"Sans nom";"";"Sans nom";"À vérifier"
"skyrim.esm|06EBC9";"";"Lumière / torche";"LIGH";"Skyrim.esm";"06EBC9";"Skyrim.esm";"MagicLightParalyze";"Sans nom";"";"Sans nom";"À vérifier"
"skyrim.esm|06EBCC";"";"Lumière / torche";"LIGH";"Skyrim.esm";"06EBCC";"Skyrim.esm";"MagicLightParalyzeHand";"Sans nom";"";"Sans nom";"À vérifier"
"skyrim.esm|06ED46";"";"Lumière / torche";"LIGH";"Skyrim.esm";"06ED46";"Skyrim.esm";"WRInteriorLightBrite01";"Sans nom";"";"Sans nom";"À vérifier"
"skyrim.esm|06ED58";"";"Lumière / torche";"LIGH";"Skyrim.esm";"06ED58";"Skyrim.esm";"FXLightBlueGlow";"Sans nom";"";"Sans nom";"À vérifier"
"skyrim.esm|06ED65";"";"Lumière / torche";"LIGH";"Skyrim.esm";"06ED65";"Skyrim.esm";"BleakFallsSunlightBounceAmb01NS";"Sans nom";"";"Sans nom";"À vérifier"
"skyrim.esm|06ED6F";"";"Lumière / torche";"LIGH";"Skyrim.esm";"06ED6F";"Skyrim.esm";"FXLightBrightBluishLight";"Sans nom";"";"Sans nom";"À vérifier"
"skyrim.esm|06F799";"";"Lumière / torche";"LIGH";"Skyrim.esm";"06F799";"Skyrim.esm";"MagicLightSummonBan01";"Sans nom";"";"Sans nom";"À vérifier"
"skyrim.esm|06FF42";"";"Lumière / torche";"LIGH";"Skyrim.esm";"06FF42";"Skyrim.esm";"SolitudeInnLight02Sm";"Sans nom";"";"Sans nom";"À vérifier"
"skyrim.esm|0717CE";"";"Lumière / torche";"LIGH";"Skyrim.esm";"0717CE";"Skyrim.esm";"dunUstengravDragonSwitchLight";"Sans nom";"";"Sans nom";"À vérifier"
"skyrim.esm|07274C";"";"Lumière / torche";"LIGH";"Skyrim.esm";"07274C";"Skyrim.esm";"FXLightWhiteBasic";"Sans nom";"";"Sans nom";"À vérifier"
"skyrim.esm|072759";"";"Lumière / torche";"LIGH";"Skyrim.esm";"072759";"Skyrim.esm";"LightSpellLightStatic";"Sans nom";"";"Sans nom";"À vérifier"
"skyrim.esm|07331B";"";"Lumière / torche";"LIGH";"Skyrim.esm";"07331B";"Skyrim.esm";"MagicLightIllusionPosHand01";"Sans nom";"";"Sans nom";"À vérifier"
"skyrim.esm|07331E";"";"Lumière / torche";"LIGH";"Skyrim.esm";"07331E";"Skyrim.esm";"MagicLightIllusionPosProjectile01";"Sans nom";"";"Sans nom";"À vérifier"
"skyrim.esm|073C32";"";"Lumière / torche";"LIGH";"Skyrim.esm";"073C32";"Skyrim.esm";"WRTempleofKLightShadow";"Sans nom";"";"Sans nom";"À vérifier"
"skyrim.esm|07479A";"";"Lumière / torche";"LIGH";"Skyrim.esm";"07479A";"Skyrim.esm";"MagicLightIllusionNegHand01";"Sans nom";"";"Sans nom";"À vérifier"
"skyrim.esm|07479B";"";"Lumière / torche";"LIGH";"Skyrim.esm";"07479B";"Skyrim.esm";"MagicLightIllusionNegProjectile01";"Sans nom";"";"Sans nom";"À vérifier"
"skyrim.esm|074ED2";"";"Lumière / torche";"LIGH";"Skyrim.esm";"074ED2";"Skyrim.esm";"WRInteriorLightYellow";"Sans nom";"";"Sans nom";"À vérifier"
"skyrim.esm|074ED6";"";"Lumière / torche";"LIGH";"Skyrim.esm";"074ED6";"Skyrim.esm";"WRInteriorLightBounce01";"Sans nom";"";"Sans nom";"À vérifier"
"skyrim.esm|07531E";"";"Lumière / torche";"LIGH";"Skyrim.esm";"07531E";"Skyrim.esm";"TestGrantIntLightHurtBright";"Sans nom";"";"Sans nom";"À vérifier"
"skyrim.esm|07531F";"";"Lumière / torche";"LIGH";"Skyrim.esm";"07531F";"Skyrim.esm";"AAAGrantIntLightHurtBrightBounce";"Sans nom";"";"Sans nom";"À vérifier"
"skyrim.esm|075347";"";"Lumière / torche";"LIGH";"Skyrim.esm";"075347";"Skyrim.esm";"MagicLightReanimateHand";"Sans nom";"";"Sans nom";"À vérifier"
"skyrim.esm|075477";"";"Lumière / torche";"LIGH";"Skyrim.esm";"075477";"Skyrim.esm";"BorderWallSmoke01";"Sans nom";"";"Sans nom";"À vérifier"
"skyrim.esm|075489";"";"Lumière / torche";"LIGH";"Skyrim.esm";"075489";"Skyrim.esm";"DefaultSunlight01Closer03";"Sans nom";"";"Sans nom";"À vérifier"
"skyrim.esm|075ACB";"";"Lumière / torche";"LIGH";"Skyrim.esm";"075ACB";"Skyrim.esm";"MiddenTreoyBlueLightPulse";"Sans nom";"";"Sans nom";"À vérifier"
"skyrim.esm|075C32";"";"Lumière / torche";"LIGH";"Skyrim.esm";"075C32";"Skyrim.esm";"SolitudeInnFiretDefault";"Sans nom";"";"Sans nom";"À vérifier"
"skyrim.esm|075D7B";"";"Lumière / torche";"LIGH";"Skyrim.esm";"075D7B";"Skyrim.esm";"WRInteriorLightBlue";"Sans nom";"";"Sans nom";"À vérifier"
"skyrim.esm|075DCF";"";"Lumière / torche";"LIGH";"Skyrim.esm";"075DCF";"Skyrim.esm";"BleakFallsSunlightBounceAmbWarmNS";"Sans nom";"";"Sans nom";"À vérifier"
"skyrim.esm|075DE4";"";"Lumière / torche";"LIGH";"Skyrim.esm";"075DE4";"Skyrim.esm";"BleakFallsSunlightBlueOmniNS";"Sans nom";"";"Sans nom";"À vérifier"
"skyrim.esm|077083";"";"Lumière / torche";"LIGH";"Skyrim.esm";"077083";"Skyrim.esm";"SolitudeInnLight03FireMd";"Sans nom";"";"Sans nom";"À vérifier"
"skyrim.esm|077761";"";"Lumière / torche";"LIGH";"Skyrim.esm";"077761";"Skyrim.esm";"DweLightFireLamp01";"Sans nom";"";"Sans nom";"À vérifier"
"skyrim.esm|077788";"";"Lumière / torche";"LIGH";"Skyrim.esm";"077788";"Skyrim.esm";"CaveLightPlantsBounced01";"Sans nom";"";"Sans nom";"À vérifier"
"skyrim.esm|07779A";"";"Lumière / torche";"LIGH";"Skyrim.esm";"07779A";"Skyrim.esm";"TestGrantLightRainColor";"Sans nom";"";"Sans nom";"À vérifier"
"skyrim.esm|077FCE";"";"Lumière / torche";"LIGH";"Skyrim.esm";"077FCE";"Skyrim.esm";"WRFireLightShadow01";"Sans nom";"";"Sans nom";"À vérifier"
"skyrim.esm|079AB6";"";"Lumière / torche";"LIGH";"Skyrim.esm";"079AB6";"Skyrim.esm";"DefaultCandleLight03Spot";"Sans nom";"";"Sans nom";"À vérifier"
"skyrim.esm|07BA11";"";"Lumière / torche";"LIGH";"Skyrim.esm";"07BA11";"Skyrim.esm";"WRUderforgeOmniBrightShadow";"Sans nom";"";"Sans nom";"À vérifier"
"skyrim.esm|08180F";"";"Lumière / torche";"LIGH";"Skyrim.esm";"08180F";"Skyrim.esm";"ShadowDepthBiasTestLight";"Sans nom";"";"Sans nom";"À vérifier"
"skyrim.esm|081810";"";"Lumière / torche";"LIGH";"Skyrim.esm";"081810";"Skyrim.esm";"ShadowDepthBiasTestLightSpot";"Sans nom";"";"Sans nom";"À vérifier"
"skyrim.esm|081811";"";"Lumière / torche";"LIGH";"Skyrim.esm";"081811";"Skyrim.esm";"ShadowDepthBiasTestLightHemi";"Sans nom";"";"Sans nom";"À vérifier"
"skyrim.esm|08278A";"";"Lumière / torche";"LIGH";"Skyrim.esm";"08278A";"Skyrim.esm";"WRLightFireStreet01";"Sans nom";"";"Sans nom";"À vérifier"
"skyrim.esm|0838A6";"";"Lumière / torche";"LIGH";"Skyrim.esm";"0838A6";"Skyrim.esm";"FarmInteriorShadowSunLight01";"Sans nom";"";"Sans nom";"À vérifier"
"skyrim.esm|0877A6";"";"Lumière / torche";"LIGH";"Skyrim.esm";"0877A6";"Skyrim.esm";"SolitudeSunlightShadowXLG";"Sans nom";"";"Sans nom";"À vérifier"
"skyrim.esm|08799C";"";"Lumière / torche";"LIGH";"Skyrim.esm";"08799C";"Skyrim.esm";"DwarvenMushroomLight";"Sans nom";"";"Sans nom";"À vérifier"
"skyrim.esm|0879AC";"";"Lumière / torche";"LIGH";"Skyrim.esm";"0879AC";"Skyrim.esm";"DwarvenOmniLight";"Sans nom";"";"Sans nom";"À vérifier"
"skyrim.esm|0879AD";"";"Lumière / torche";"LIGH";"Skyrim.esm";"0879AD";"Skyrim.esm";"DwarvenOmni_ShadLight";"Sans nom";"";"Sans nom";"À vérifier"
"skyrim.esm|0879AF";"";"Lumière / torche";"LIGH";"Skyrim.esm";"0879AF";"Skyrim.esm";"DwarvenOmni_NoFlickerLight";"Sans nom";"";"Sans nom";"À vérifier"
"skyrim.esm|088237";"";"Lumière / torche";"LIGH";"Skyrim.esm";"088237";"Skyrim.esm";"DefaultCandleLight01";"Sans nom";"";"Sans nom";"À vérifier"
"skyrim.esm|088238";"";"Lumière / torche";"LIGH";"Skyrim.esm";"088238";"Skyrim.esm";"DefaultCandleLight01NS";"Sans nom";"";"Sans nom";"À vérifier"
"skyrim.esm|088241";"";"Lumière / torche";"LIGH";"Skyrim.esm";"088241";"Skyrim.esm";"DefaultCandleLight01NSDesat";"Sans nom";"";"Sans nom";"À vérifier"
"skyrim.esm|088242";"";"Lumière / torche";"LIGH";"Skyrim.esm";"088242";"Skyrim.esm";"DefaultTorch01";"Sans nom";"";"Sans nom";"À vérifier"
"skyrim.esm|088243";"";"Lumière / torche";"LIGH";"Skyrim.esm";"088243";"Skyrim.esm";"DefaultTorch01NS";"Sans nom";"";"Sans nom";"À vérifier"
"skyrim.esm|088244";"";"Lumière / torche";"LIGH";"Skyrim.esm";"088244";"Skyrim.esm";"DefaultTorch01Spot";"Sans nom";"";"Sans nom";"À vérifier"
"skyrim.esm|088245";"";"Lumière / torche";"LIGH";"Skyrim.esm";"088245";"Skyrim.esm";"DefaultSunlight01";"Sans nom";"";"Sans nom";"À vérifier"
"skyrim.esm|088246";"";"Lumière / torche";"LIGH";"Skyrim.esm";"088246";"Skyrim.esm";"DefaultSunlight01NS";"Sans nom";"";"Sans nom";"À vérifier"
"skyrim.esm|088247";"";"Lumière / torche";"LIGH";"Skyrim.esm";"088247";"Skyrim.esm";"DefaultSunlight01Omni";"Sans nom";"";"Sans nom";"À vérifier"
"skyrim.esm|088248";"";"Lumière / torche";"LIGH";"Skyrim.esm";"088248";"Skyrim.esm";"DefaultSunlight01OmniNS";"Sans nom";"";"Sans nom";"À vérifier"
"skyrim.esm|088249";"";"Lumière / torche";"LIGH";"Skyrim.esm";"088249";"Skyrim.esm";"DefaultSunlightBlueOmniNS";"Sans nom";"";"Sans nom";"À vérifier"
"skyrim.esm|08824A";"";"Lumière / torche";"LIGH";"Skyrim.esm";"08824A";"Skyrim.esm";"DefaultSunlightBounce01Shadow";"Sans nom";"";"Sans nom";"À vérifier"
"skyrim.esm|08824B";"";"Lumière / torche";"LIGH";"Skyrim.esm";"08824B";"Skyrim.esm";"DefaultSunlightBounceAmb01NS";"Sans nom";"";"Sans nom";"À vérifier"
"skyrim.esm|08824C";"";"Lumière / torche";"LIGH";"Skyrim.esm";"08824C";"Skyrim.esm";"DefaultSunlightBounceAmbWarmNS";"Sans nom";"";"Sans nom";"À vérifier"
"skyrim.esm|08824D";"";"Lumière / torche";"LIGH";"Skyrim.esm";"08824D";"Skyrim.esm";"DefaultWhiteOmniShadow";"Sans nom";"";"Sans nom";"À vérifier"
"skyrim.esm|08824E";"";"Lumière / torche";"LIGH";"Skyrim.esm";"08824E";"Skyrim.esm";"DefaultTorch01HalfOmni";"Sans nom";"";"Sans nom";"À vérifier"
"skyrim.esm|088250";"";"Lumière / torche";"LIGH";"Skyrim.esm";"088250";"Skyrim.esm";"DefaultTorch01Desat";"Sans nom";"";"Sans nom";"À vérifier"
"skyrim.esm|088251";"";"Lumière / torche";"LIGH";"Skyrim.esm";"088251";"Skyrim.esm";"DefaultTorch01HalfOmniDesat";"Sans nom";"";"Sans nom";"À vérifier"
"skyrim.esm|088252";"";"Lumière / torche";"LIGH";"Skyrim.esm";"088252";"Skyrim.esm";"DefaultTorch01NSDesat";"Sans nom";"";"Sans nom";"À vérifier"
"skyrim.esm|088253";"";"Lumière / torche";"LIGH";"Skyrim.esm";"088253";"Skyrim.esm";"DefaultTorch01SpotDesat";"Sans nom";"";"Sans nom";"À vérifier"
"skyrim.esm|088C9A";"";"Lumière / torche";"LIGH";"Skyrim.esm";"088C9A";"Skyrim.esm";"DwarvenOmni_Warm";"Sans nom";"";"Sans nom";"À vérifier"
"skyrim.esm|088CF3";"";"Lumière / torche";"LIGH";"Skyrim.esm";"088CF3";"Skyrim.esm";"DwarvenOmni_WarmShad";"Sans nom";"";"Sans nom";"À vérifier"
"skyrim.esm|0897B3";"";"Lumière / torche";"LIGH";"Skyrim.esm";"0897B3";"Skyrim.esm";"DwarvenOmni_Desat_ShadLight";"Sans nom";"";"Sans nom";"À vérifier"
"skyrim.esm|0897B4";"";"Lumière / torche";"LIGH";"Skyrim.esm";"0897B4";"Skyrim.esm";"DwarvenOmniLight_Desat";"Sans nom";"";"Sans nom";"À vérifier"
"skyrim.esm|0897B5";"";"Lumière / torche";"LIGH";"Skyrim.esm";"0897B5";"Skyrim.esm";"DwarvenOmni_Desat_NoFlickerLight";"Sans nom";"";"Sans nom";"À vérifier"
"skyrim.esm|0897C9";"";"Lumière / torche";"LIGH";"Skyrim.esm";"0897C9";"Skyrim.esm";"DwarvenOmni_Spot";"Sans nom";"";"Sans nom";"À vérifier"
"skyrim.esm|089AF6";"";"Lumière / torche";"LIGH";"Skyrim.esm";"089AF6";"Skyrim.esm";"DwarvenOmni_Desat_ShadLight_LessMove";"Sans nom";"";"Sans nom";"À vérifier"
"skyrim.esm|089F27";"";"Lumière / torche";"LIGH";"Skyrim.esm";"089F27";"Skyrim.esm";"MagicLightFireStormHand";"Sans nom";"";"Sans nom";"À vérifier"
"skyrim.esm|08AD5E";"";"Lumière / torche";"LIGH";"Skyrim.esm";"08AD5E";"Skyrim.esm";"Ilinaltas_OmniLight_Blue";"Sans nom";"";"Sans nom";"À vérifier"
"skyrim.esm|08AD60";"";"Lumière / torche";"LIGH";"Skyrim.esm";"08AD60";"Skyrim.esm";"Ilinaltas_OmniLight_Warm";"Sans nom";"";"Sans nom";"À vérifier"
"skyrim.esm|08CB6F";"";"Lumière / torche";"LIGH";"Skyrim.esm";"08CB6F";"Skyrim.esm";"Ilinaltas_OmniLight_Shadows";"Sans nom";"";"Sans nom";"À vérifier"
"skyrim.esm|08CB70";"";"Lumière / torche";"LIGH";"Skyrim.esm";"08CB70";"Skyrim.esm";"Ilinaltas_OmniLight_Blue_Shadows";"Sans nom";"";"Sans nom";"À vérifier"
"skyrim.esm|08CB79";"";"Lumière / torche";"LIGH";"Skyrim.esm";"08CB79";"Skyrim.esm";"Ilinaltas_OmniLight_Warm_Shadows1";"Sans nom";"";"Sans nom";"À vérifier"
"skyrim.esm|08CBA7";"";"Lumière / torche";"LIGH";"Skyrim.esm";"08CBA7";"Skyrim.esm";"Ilinalta_OrangeFlicker";"Sans nom";"";"Sans nom";"À vérifier"
"skyrim.esm|08CC7C";"";"Lumière / torche";"LIGH";"Skyrim.esm";"08CC7C";"Skyrim.esm";"Ilinaltas_OmniLight_Whiter";"Sans nom";"";"Sans nom";"À vérifier"
"skyrim.esm|08E788";"";"Lumière / torche";"LIGH";"Skyrim.esm";"08E788";"Skyrim.esm";"MarkarthGuardTower_OmniLight";"Sans nom";"";"Sans nom";"À vérifier"
"skyrim.esm|08E796";"";"Lumière / torche";"LIGH";"Skyrim.esm";"08E796";"Skyrim.esm";"IceCave_Blue_Omni";"Sans nom";"";"Sans nom";"À vérifier"
"skyrim.esm|08E797";"";"Lumière / torche";"LIGH";"Skyrim.esm";"08E797";"Skyrim.esm";"IceCave_Blue_Omni_Shadow";"Sans nom";"";"Sans nom";"À vérifier"
"skyrim.esm|08E798";"";"Lumière / torche";"LIGH";"Skyrim.esm";"08E798";"Skyrim.esm";"IceCavern_OmniLight_Warm";"Sans nom";"";"Sans nom";"À vérifier"
"skyrim.esm|08E799";"";"Lumière / torche";"LIGH";"Skyrim.esm";"08E799";"Skyrim.esm";"IceCavern_Warm_OmniLight_Shadow";"Sans nom";"";"Sans nom";"À vérifier"
"skyrim.esm|08E79A";"";"Lumière / torche";"LIGH";"Skyrim.esm";"08E79A";"Skyrim.esm";"IceCavern_Sunlight";"Sans nom";"";"Sans nom";"À vérifier"
"skyrim.esm|08E7A0";"";"Lumière / torche";"LIGH";"Skyrim.esm";"08E7A0";"Skyrim.esm";"IceCavern_OrangeFlicker";"Sans nom";"";"Sans nom";"À vérifier"
"skyrim.esm|08E7A1";"";"Lumière / torche";"LIGH";"Skyrim.esm";"08E7A1";"Skyrim.esm";"IceCavern_OrangeFlicker_Shadow";"Sans nom";"";"Sans nom";"À vérifier"
"skyrim.esm|08E7DC";"";"Lumière / torche";"LIGH";"Skyrim.esm";"08E7DC";"Skyrim.esm";"IceCavern_SunlightSpot";"Sans nom";"";"Sans nom";"À vérifier"
"skyrim.esm|090007";"";"Lumière / torche";"LIGH";"Skyrim.esm";"090007";"Skyrim.esm";"IchorLight";"Sans nom";"";"Sans nom";"À vérifier"
"skyrim.esm|0907E5";"";"Lumière / torche";"LIGH";"Skyrim.esm";"0907E5";"Skyrim.esm";"CharusEggLight";"Sans nom";"";"Sans nom";"À vérifier"
"skyrim.esm|092500";"";"Lumière / torche";"LIGH";"Skyrim.esm";"092500";"Skyrim.esm";"CidhnaMine_OrangeFlicker";"Sans nom";"";"Sans nom";"À vérifier"
"skyrim.esm|092503";"";"Lumière / torche";"LIGH";"Skyrim.esm";"092503";"Skyrim.esm";"CidhnaMine_OrangeFlickerShad";"Sans nom";"";"Sans nom";"À vérifier"
"skyrim.esm|09250B";"";"Lumière / torche";"LIGH";"Skyrim.esm";"09250B";"Skyrim.esm";"Cidhna_OmniLight_Warm";"Sans nom";"";"Sans nom";"À vérifier"
"skyrim.esm|092ADE";"";"Lumière / torche";"LIGH";"Skyrim.esm";"092ADE";"Skyrim.esm";"Cidhna_OmniLight_WarmShad";"Sans nom";"";"Sans nom";"À vérifier"
"skyrim.esm|094E65";"";"Lumière / torche";"LIGH";"Skyrim.esm";"094E65";"Skyrim.esm";"Alikr_OrangeFlicker";"Sans nom";"";"Sans nom";"À vérifier"
"skyrim.esm|094E66";"";"Lumière / torche";"LIGH";"Skyrim.esm";"094E66";"Skyrim.esm";"Alikr_OmniLight_Warm";"Sans nom";"";"Sans nom";"À vérifier"
"skyrim.esm|094E67";"";"Lumière / torche";"LIGH";"Skyrim.esm";"094E67";"Skyrim.esm";"Alikr_OmniLight_WarmShad";"Sans nom";"";"Sans nom";"À vérifier"
"skyrim.esm|094E68";"";"Lumière / torche";"LIGH";"Skyrim.esm";"094E68";"Skyrim.esm";"Alikr_OrangeFlickerShad";"Sans nom";"";"Sans nom";"À vérifier"
"skyrim.esm|094E6B";"";"Lumière / torche";"LIGH";"Skyrim.esm";"094E6B";"Skyrim.esm";"CaveSunlight";"Sans nom";"";"Sans nom";"À vérifier"
"skyrim.esm|094E6E";"";"Lumière / torche";"LIGH";"Skyrim.esm";"094E6E";"Skyrim.esm";"CaveSunlight_bounce";"Sans nom";"";"Sans nom";"À vérifier"
"skyrim.esm|0958C7";"";"Lumière / torche";"LIGH";"Skyrim.esm";"0958C7";"Skyrim.esm";"IceCavern_Sunlight2";"Sans nom";"";"Sans nom";"À vérifier"
"skyrim.esm|09A9CD";"";"Lumière / torche";"LIGH";"Skyrim.esm";"09A9CD";"Skyrim.esm";"HHLight01";"Sans nom";"";"Sans nom";"À vérifier"
"skyrim.esm|09A9D4";"";"Lumière / torche";"LIGH";"Skyrim.esm";"09A9D4";"Skyrim.esm";"HHnnLightWin01";"Sans nom";"";"Sans nom";"À vérifier"
"skyrim.esm|09A9E0";"";"Lumière / torche";"LIGH";"Skyrim.esm";"09A9E0";"Skyrim.esm";"HHnnLightWin02";"Sans nom";"";"Sans nom";"À vérifier"
"skyrim.esm|09A9F1";"";"Lumière / torche";"LIGH";"Skyrim.esm";"09A9F1";"Skyrim.esm";"HHIntLightFireSm";"Sans nom";"";"Sans nom";"À vérifier"
"skyrim.esm|09B1DB";"";"Lumière / torche";"LIGH";"Skyrim.esm";"09B1DB";"Skyrim.esm";"Ilinaltas_OmniLight_Dim";"Sans nom";"";"Sans nom";"À vérifier"
"skyrim.esm|09CB00";"";"Lumière / torche";"LIGH";"Skyrim.esm";"09CB00";"Skyrim.esm";"Alikr_OmniLight_WarmFlicker";"Sans nom";"";"Sans nom";"À vérifier"
"skyrim.esm|09D745";"";"Lumière / torche";"LIGH";"Skyrim.esm";"09D745";"Skyrim.esm";"Sun_Markarth";"Sans nom";"";"Sans nom";"À vérifier"
"skyrim.esm|09DAE8";"";"Lumière / torche";"LIGH";"Skyrim.esm";"09DAE8";"Skyrim.esm";"HHShadowOmni01";"Sans nom";"";"Sans nom";"À vérifier"
"skyrim.esm|09EE7C";"";"Lumière / torche";"LIGH";"Skyrim.esm";"09EE7C";"Skyrim.esm";"MagicLightDragonFire";"Sans nom";"";"Sans nom";"À vérifier"
"skyrim.esm|0A0E74";"";"Lumière / torche";"LIGH";"Skyrim.esm";"0A0E74";"Skyrim.esm";"BlackDoorLightExterior01NS";"Sans nom";"";"Sans nom";"À vérifier"
"skyrim.esm|0A0F3E";"";"Lumière / torche";"LIGH";"Skyrim.esm";"0A0F3E";"Skyrim.esm";"HHIntLightFireMd";"Sans nom";"";"Sans nom";"À vérifier"
"skyrim.esm|0A0F3F";"";"Lumière / torche";"LIGH";"Skyrim.esm";"0A0F3F";"Skyrim.esm";"HHIntLightFireLG";"Sans nom";"";"Sans nom";"À vérifier"
"skyrim.esm|0A0F4D";"";"Lumière / torche";"LIGH";"Skyrim.esm";"0A0F4D";"Skyrim.esm";"HHnnLightWin03";"Sans nom";"";"Sans nom";"À vérifier"
"skyrim.esm|0A2697";"";"Lumière / torche";"LIGH";"Skyrim.esm";"0A2697";"Skyrim.esm";"IceTorch01NS_Saturate";"Sans nom";"";"Sans nom";"À vérifier"
"skyrim.esm|0A56A9";"";"Lumière / torche";"LIGH";"Skyrim.esm";"0A56A9";"Skyrim.esm";"SolitudeInnFirePlacesShadowDefault";"Sans nom";"";"Sans nom";"À vérifier"
"skyrim.esm|0A56AE";"";"Lumière / torche";"LIGH";"Skyrim.esm";"0A56AE";"Skyrim.esm";"SolitudeInteriorLightBlue";"Sans nom";"";"Sans nom";"À vérifier"
"skyrim.esm|0A6E23";"";"Lumière / torche";"LIGH";"Skyrim.esm";"0A6E23";"Skyrim.esm";"SolitudeInnBlueDark01Pulse";"Sans nom";"";"Sans nom";"À vérifier"
"skyrim.esm|0A85E2";"";"Lumière / torche";"LIGH";"Skyrim.esm";"0A85E2";"Skyrim.esm";"HHShadowOmni02";"Sans nom";"";"Sans nom";"À vérifier"
"skyrim.esm|0A9280";"";"Lumière / torche";"LIGH";"Skyrim.esm";"0A9280";"Skyrim.esm";"SleepingTreeCampMagicWaterLight";"Sans nom";"";"Sans nom";"À vérifier"
"skyrim.esm|0AAEB4";"";"Lumière / torche";"LIGH";"Skyrim.esm";"0AAEB4";"Skyrim.esm";"FXLightBleakDraugrTorch";"Sans nom";"";"Sans nom";"À vérifier"
"skyrim.esm|0ABEFE";"";"Lumière / torche";"LIGH";"Skyrim.esm";"0ABEFE";"Skyrim.esm";"MagicLightAbsorbHealthProjectile";"Sans nom";"";"Sans nom";"À vérifier"
"skyrim.esm|0ABF05";"";"Lumière / torche";"LIGH";"Skyrim.esm";"0ABF05";"Skyrim.esm";"MagicLightAbsorbGreenProjectile";"Sans nom";"";"Sans nom";"À vérifier"
"skyrim.esm|0ABF06";"";"Lumière / torche";"LIGH";"Skyrim.esm";"0ABF06";"Skyrim.esm";"MagicLightAbsorbBlueProjectile";"Sans nom";"";"Sans nom";"À vérifier"
"skyrim.esm|0AD392";"";"Lumière / torche";"LIGH";"Skyrim.esm";"0AD392";"Skyrim.esm";"MagicLightAuraWhisperProjectile";"Sans nom";"";"Sans nom";"À vérifier"
"skyrim.esm|0AE2B3";"";"Lumière / torche";"LIGH";"Skyrim.esm";"0AE2B3";"Skyrim.esm";"DwarvenOmni_Spot_Narrow";"Sans nom";"";"Sans nom";"À vérifier"
"skyrim.esm|0AF8BA";"";"Lumière / torche";"LIGH";"Skyrim.esm";"0AF8BA";"Skyrim.esm";"LightCampFire01";"Sans nom";"";"Sans nom";"À vérifier"
"skyrim.esm|0B15EE";"";"Lumière / torche";"LIGH";"Skyrim.esm";"0B15EE";"Skyrim.esm";"LightForgeFire01";"Sans nom";"";"Sans nom";"À vérifier"
"skyrim.esm|0B215E";"";"Lumière / torche";"LIGH";"Skyrim.esm";"0B215E";"Skyrim.esm";"RiftenLight01";"Sans nom";"";"Sans nom";"À vérifier"
"skyrim.esm|0B2160";"";"Lumière / torche";"LIGH";"Skyrim.esm";"0B2160";"Skyrim.esm";"RiftenLight01Shad";"Sans nom";"";"Sans nom";"À vérifier"
"skyrim.esm|0B2FAF";"";"Lumière / torche";"LIGH";"Skyrim.esm";"0B2FAF";"Skyrim.esm";"RiftenLight01ShadSpot";"Sans nom";"";"Sans nom";"À vérifier"
"skyrim.esm|0B2FB4";"";"Lumière / torche";"LIGH";"Skyrim.esm";"0B2FB4";"Skyrim.esm";"RiftenLight01NoFlicker";"Sans nom";"";"Sans nom";"À vérifier"
"skyrim.esm|0B3214";"";"Lumière / torche";"LIGH";"Skyrim.esm";"0B3214";"Skyrim.esm";"RiftenLight01ShadNoFlicker";"Sans nom";"";"Sans nom";"À vérifier"
"skyrim.esm|0B33EA";"";"Lumière / torche";"LIGH";"Skyrim.esm";"0B33EA";"Skyrim.esm";"BlackDoorLightInterior01DesatNS";"Sans nom";"";"Sans nom";"À vérifier"
"skyrim.esm|0B33F0";"";"Lumière / torche";"LIGH";"Skyrim.esm";"0B33F0";"Skyrim.esm";"BleakFallsDraugrTorch01NS_MoveLess";"Sans nom";"";"Sans nom";"À vérifier"
"skyrim.esm|0B33F2";"";"Lumière / torche";"LIGH";"Skyrim.esm";"0B33F2";"Skyrim.esm";"BleakFallsDraugrTorch01_HalfOmni";"Sans nom";"";"Sans nom";"À vérifier"
"skyrim.esm|0B33F7";"";"Lumière / torche";"LIGH";"Skyrim.esm";"0B33F7";"Skyrim.esm";"BleakFallsCandleLight01_Flicker";"Sans nom";"";"Sans nom";"À vérifier"
"skyrim.esm|0B3404";"";"Lumière / torche";"LIGH";"Skyrim.esm";"0B3404";"Skyrim.esm";"BleakFallsWaterBounce01NS";"Sans nom";"";"Sans nom";"À vérifier"
"skyrim.esm|0B3405";"";"Lumière / torche";"LIGH";"Skyrim.esm";"0B3405";"Skyrim.esm";"BleakFallsWaterBounce01NS_MoveMore";"Sans nom";"";"Sans nom";"À vérifier"
"skyrim.esm|0B345A";"";"Lumière / torche";"LIGH";"Skyrim.esm";"0B345A";"Skyrim.esm";"DBFireLight01";"Sans nom";"";"Sans nom";"À vérifier"
"skyrim.esm|0B345B";"";"Lumière / torche";"LIGH";"Skyrim.esm";"0B345B";"Skyrim.esm";"DBFireLight01NS";"Sans nom";"";"Sans nom";"À vérifier"
"skyrim.esm|0B346D";"";"Lumière / torche";"LIGH";"Skyrim.esm";"0B346D";"Skyrim.esm";"DBCandlePost01NS";"Sans nom";"";"Sans nom";"À vérifier"
"skyrim.esm|0B3472";"";"Lumière / torche";"LIGH";"Skyrim.esm";"0B3472";"Skyrim.esm";"DBPostBounceLight01NS";"Sans nom";"";"Sans nom";"À vérifier"
"skyrim.esm|0B3489";"";"Lumière / torche";"LIGH";"Skyrim.esm";"0B3489";"Skyrim.esm";"BleakFallsWaterBounce01";"Sans nom";"";"Sans nom";"À vérifier"
"skyrim.esm|0B348E";"";"Lumière / torche";"LIGH";"Skyrim.esm";"0B348E";"Skyrim.esm";"DBPostBounceLight01";"Sans nom";"";"Sans nom";"À vérifier"
"skyrim.esm|0B4257";"";"Lumière / torche";"LIGH";"Skyrim.esm";"0B4257";"Skyrim.esm";"DA10GhostLights";"Sans nom";"";"Sans nom";"À vérifier"
"skyrim.esm|0B6466";"";"Lumière / torche";"LIGH";"Skyrim.esm";"0B6466";"Skyrim.esm";"KorvanjundOrangeOmni";"Sans nom";"";"Sans nom";"À vérifier"
"skyrim.esm|0B6BCC";"";"Lumière / torche";"LIGH";"Skyrim.esm";"0B6BCC";"Skyrim.esm";"DefaultCandleLight01Spot";"Sans nom";"";"Sans nom";"À vérifier"
"skyrim.esm|0B7293";"";"Lumière / torche";"LIGH";"Skyrim.esm";"0B7293";"Skyrim.esm";"KorvanljundBlueOmni";"Sans nom";"";"Sans nom";"À vérifier"
"skyrim.esm|0B735D";"";"Lumière / torche";"LIGH";"Skyrim.esm";"0B735D";"Skyrim.esm";"SLightCandleStreet01";"Sans nom";"";"Sans nom";"À vérifier"
"skyrim.esm|0B7470";"";"Lumière / torche";"LIGH";"Skyrim.esm";"0B7470";"Skyrim.esm";"KorvanjundSunlight";"Sans nom";"";"Sans nom";"À vérifier"
"skyrim.esm|0B7475";"";"Lumière / torche";"LIGH";"Skyrim.esm";"0B7475";"Skyrim.esm";"KorvanJundOrangeShadowOmni";"Sans nom";"";"Sans nom";"À vérifier"
"skyrim.esm|0B79AF";"";"Lumière / torche";"LIGH";"Skyrim.esm";"0B79AF";"Skyrim.esm";"KorvanjundSunlightBounce";"Sans nom";"";"Sans nom";"À vérifier"
"skyrim.esm|0B79FA";"";"Lumière / torche";"LIGH";"Skyrim.esm";"0B79FA";"Skyrim.esm";"MagicLightFrostBlizzard01";"Sans nom";"";"Sans nom";"À vérifier"
"skyrim.esm|0B7DBC";"";"Lumière / torche";"LIGH";"Skyrim.esm";"0B7DBC";"Skyrim.esm";"DefaultSunlight01Closer";"Sans nom";"";"Sans nom";"À vérifier"
"skyrim.esm|0B7DE5";"";"Lumière / torche";"LIGH";"Skyrim.esm";"0B7DE5";"Skyrim.esm";"DefaultSunlightBounceAmb01";"Sans nom";"";"Sans nom";"À vérifier"
"skyrim.esm|0B7DE6";"";"Lumière / torche";"LIGH";"Skyrim.esm";"0B7DE6";"Skyrim.esm";"DefaultSunlightBounceAmb01Hemi";"Sans nom";"";"Sans nom";"À vérifier"
"skyrim.esm|0B872E";"";"Lumière / torche";"LIGH";"Skyrim.esm";"0B872E";"Skyrim.esm";"KorvanjundSunlightOmni";"Sans nom";"";"Sans nom";"À vérifier"
"skyrim.esm|0B9402";"";"Lumière / torche";"LIGH";"Skyrim.esm";"0B9402";"Skyrim.esm";"TestGrantIntLightSpotSunBlue";"Sans nom";"";"Sans nom";"À vérifier"
"skyrim.esm|0B9522";"";"Lumière / torche";"LIGH";"Skyrim.esm";"0B9522";"Skyrim.esm";"WRWindowFill";"Sans nom";"";"Sans nom";"À vérifier"
"skyrim.esm|0B9BE6";"";"Lumière / torche";"LIGH";"Skyrim.esm";"0B9BE6";"Skyrim.esm";"WRCandlePulseShadow";"Sans nom";"";"Sans nom";"À vérifier"
"skyrim.esm|0B9BE7";"";"Lumière / torche";"LIGH";"Skyrim.esm";"0B9BE7";"Skyrim.esm";"WRCandleFlickerNS";"Sans nom";"";"Sans nom";"À vérifier"
"skyrim.esm|0B9BEE";"";"Lumière / torche";"LIGH";"Skyrim.esm";"0B9BEE";"Skyrim.esm";"WRFireplaceFill";"Sans nom";"";"Sans nom";"À vérifier"
"skyrim.esm|0B9E25";"";"Lumière / torche";"LIGH";"Skyrim.esm";"0B9E25";"Skyrim.esm";"FalmerBlueLight01";"Sans nom";"";"Sans nom";"À vérifier"
"skyrim.esm|0B9E26";"";"Lumière / torche";"LIGH";"Skyrim.esm";"0B9E26";"Skyrim.esm";"FalmerBlueLight01NS";"Sans nom";"";"Sans nom";"À vérifier"
"skyrim.esm|0B9E28";"";"Lumière / torche";"LIGH";"Skyrim.esm";"0B9E28";"Skyrim.esm";"FalmerBlueLightBounce01NS";"Sans nom";"";"Sans nom";"À vérifier"
"skyrim.esm|0B9E29";"";"Lumière / torche";"LIGH";"Skyrim.esm";"0B9E29";"Skyrim.esm";"FalmerBlueLightSuperSaturate01";"Sans nom";"";"Sans nom";"À vérifier"
"skyrim.esm|0B9E2A";"";"Lumière / torche";"LIGH";"Skyrim.esm";"0B9E2A";"Skyrim.esm";"FalmerBlueLightSuperSaturate01NS";"Sans nom";"";"Sans nom";"À vérifier"
"skyrim.esm|0B9E82";"";"Lumière / torche";"LIGH";"Skyrim.esm";"0B9E82";"Skyrim.esm";"FalmerTorch01";"Sans nom";"";"Sans nom";"À vérifier"
"skyrim.esm|0B9E83";"";"Lumière / torche";"LIGH";"Skyrim.esm";"0B9E83";"Skyrim.esm";"FalmerTorch01NS";"Sans nom";"";"Sans nom";"À vérifier"
"skyrim.esm|0B9F27";"";"Lumière / torche";"LIGH";"Skyrim.esm";"0B9F27";"Skyrim.esm";"FalmerBlueLightSuperSaturate01NS_NoPortal";"Sans nom";"";"Sans nom";"À vérifier"
"skyrim.esm|0BA41F";"";"Lumière / torche";"LIGH";"Skyrim.esm";"0BA41F";"Skyrim.esm";"HelgenCandleLight01";"Sans nom";"";"Sans nom";"À vérifier"
"skyrim.esm|0BA420";"";"Lumière / torche";"LIGH";"Skyrim.esm";"0BA420";"Skyrim.esm";"HelgenCandleLight01NS";"Sans nom";"";"Sans nom";"À vérifier"
"skyrim.esm|0BA421";"";"Lumière / torche";"LIGH";"Skyrim.esm";"0BA421";"Skyrim.esm";"HelgenCandleLight01Spot";"Sans nom";"";"Sans nom";"À vérifier"
"skyrim.esm|0BB937";"";"Lumière / torche";"LIGH";"Skyrim.esm";"0BB937";"Skyrim.esm";"KorvanjundTorchNS";"Sans nom";"";"Sans nom";"À vérifier"
"skyrim.esm|0BBAE5";"";"Lumière / torche";"LIGH";"Skyrim.esm";"0BBAE5";"Skyrim.esm";"WRFireLightNS";"Sans nom";"";"Sans nom";"À vérifier"
"skyrim.esm|0BCC9D";"";"Lumière / torche";"LIGH";"Skyrim.esm";"0BCC9D";"Skyrim.esm";"DefaultTorch01NS_Fast";"Sans nom";"";"Sans nom";"À vérifier"
"skyrim.esm|0BCC9E";"";"Lumière / torche";"LIGH";"Skyrim.esm";"0BCC9E";"Skyrim.esm";"HelgenCandleLight01NS_Still";"Sans nom";"";"Sans nom";"À vérifier"
"skyrim.esm|0BCC9F";"";"Lumière / torche";"LIGH";"Skyrim.esm";"0BCC9F";"Skyrim.esm";"DefaultTorch01NS_SuperFast";"Sans nom";"";"Sans nom";"À vérifier"
"skyrim.esm|0C1094";"";"Lumière / torche";"LIGH";"Skyrim.esm";"0C1094";"Skyrim.esm";"YngolMagicLight01NS";"Sans nom";"";"Sans nom";"À vérifier"
"skyrim.esm|0C1095";"";"Lumière / torche";"LIGH";"Skyrim.esm";"0C1095";"Skyrim.esm";"YngolMagicLight02NS";"Sans nom";"";"Sans nom";"À vérifier"
"skyrim.esm|0C10AD";"";"Lumière / torche";"LIGH";"Skyrim.esm";"0C10AD";"Skyrim.esm";"SaarthalBallLight01NS";"Sans nom";"";"Sans nom";"À vérifier"
"skyrim.esm|0C1244";"";"Lumière / torche";"LIGH";"Skyrim.esm";"0C1244";"Skyrim.esm";"IceBounce01NSBlue";"Sans nom";"";"Sans nom";"À vérifier"
"skyrim.esm|0C12F6";"";"Lumière / torche";"LIGH";"Skyrim.esm";"0C12F6";"Skyrim.esm";"DefaultCandleLight04Spot";"Sans nom";"";"Sans nom";"À vérifier"
"skyrim.esm|0C1D01";"";"Lumière / torche";"LIGH";"Skyrim.esm";"0C1D01";"Skyrim.esm";"DefaultTorch01NS_Saturate";"Sans nom";"";"Sans nom";"À vérifier"
"skyrim.esm|0C1E2C";"";"Lumière / torche";"LIGH";"Skyrim.esm";"0C1E2C";"Skyrim.esm";"DA16FogEmmitanceLight";"Sans nom";"";"Sans nom";"À vérifier"
"skyrim.esm|0C275A";"";"Lumière / torche";"LIGH";"Skyrim.esm";"0C275A";"Skyrim.esm";"MS06WolfSkullCaveMainLight";"Sans nom";"";"Sans nom";"À vérifier"
"skyrim.esm|0C275B";"";"Lumière / torche";"LIGH";"Skyrim.esm";"0C275B";"Skyrim.esm";"MS06RitualLightEvil";"Sans nom";"";"Sans nom";"À vérifier"
"skyrim.esm|0C275D";"";"Lumière / torche";"LIGH";"Skyrim.esm";"0C275D";"Skyrim.esm";"MS06PotemaBanishLight";"Sans nom";"";"Sans nom";"À vérifier"
"skyrim.esm|0C59DA";"";"Lumière / torche";"LIGH";"Skyrim.esm";"0C59DA";"Skyrim.esm";"IceSunlightBounceAmb01";"Sans nom";"";"Sans nom";"À vérifier"
"skyrim.esm|0C59DB";"";"Lumière / torche";"LIGH";"Skyrim.esm";"0C59DB";"Skyrim.esm";"IceSunlightBounceAmb01Hemi";"Sans nom";"";"Sans nom";"À vérifier"
"skyrim.esm|0C650C";"";"Lumière / torche";"LIGH";"Skyrim.esm";"0C650C";"Skyrim.esm";"DwarvenSunlightBounceAmb01NS";"Sans nom";"";"Sans nom";"À vérifier"
"skyrim.esm|0C6527";"";"Lumière / torche";"LIGH";"Skyrim.esm";"0C6527";"Skyrim.esm";"DefaultSunlight01Closer04";"Sans nom";"";"Sans nom";"À vérifier"
"skyrim.esm|0C6595";"";"Lumière / torche";"LIGH";"Skyrim.esm";"0C6595";"Skyrim.esm";"DwarvenOmniLight_NoMove";"Sans nom";"";"Sans nom";"À vérifier"
"skyrim.esm|0C65CA";"";"Lumière / torche";"LIGH";"Skyrim.esm";"0C65CA";"Skyrim.esm";"SolitudeInnWindowtDefault";"Sans nom";"";"Sans nom";"À vérifier"
"skyrim.esm|0C7735";"";"Lumière / torche";"LIGH";"Skyrim.esm";"0C7735";"Skyrim.esm";"DefaultBlueBounceWater01NSDesat";"Sans nom";"";"Sans nom";"À vérifier"
"skyrim.esm|0C8126";"";"Lumière / torche";"LIGH";"Skyrim.esm";"0C8126";"Skyrim.esm";"IceTorch01_Saturate";"Sans nom";"";"Sans nom";"À vérifier"
"skyrim.esm|0C812D";"";"Lumière / torche";"LIGH";"Skyrim.esm";"0C812D";"Skyrim.esm";"IceBloodPool01NS";"Sans nom";"";"Sans nom";"À vérifier"
"skyrim.esm|0C8134";"";"Lumière / torche";"LIGH";"Skyrim.esm";"0C8134";"Skyrim.esm";"IceTorch01NS_SaturateMoveLess";"Sans nom";"";"Sans nom";"À vérifier"
"skyrim.esm|0C82AE";"";"Lumière / torche";"LIGH";"Skyrim.esm";"0C82AE";"Skyrim.esm";"WRShadowOmni";"Sans nom";"";"Sans nom";"À vérifier"
"skyrim.esm|0C82C6";"";"Lumière / torche";"LIGH";"Skyrim.esm";"0C82C6";"Skyrim.esm";"SovngardeBlueLight";"Sans nom";"";"Sans nom";"À vérifier"
"skyrim.esm|0C9F38";"";"Lumière / torche";"LIGH";"Skyrim.esm";"0C9F38";"Skyrim.esm";"LightTorchOutdoors";"Sans nom";"";"Sans nom";"À vérifier"
"skyrim.esm|0CB3B0";"";"Lumière / torche";"LIGH";"Skyrim.esm";"0CB3B0";"Skyrim.esm";"DefaultTorch01NS_FastSaturate";"Sans nom";"";"Sans nom";"À vérifier"
"skyrim.esm|0CB626";"";"Lumière / torche";"LIGH";"Skyrim.esm";"0CB626";"Skyrim.esm";"DefaultBlueBounceWater01NSDim";"Sans nom";"";"Sans nom";"À vérifier"
"skyrim.esm|0CB902";"";"Lumière / torche";"LIGH";"Skyrim.esm";"0CB902";"Skyrim.esm";"WindhelmFireLight01";"Sans nom";"";"Sans nom";"À vérifier"
"skyrim.esm|0CB92C";"";"Lumière / torche";"LIGH";"Skyrim.esm";"0CB92C";"Skyrim.esm";"WindhelmFireLightNS";"Sans nom";"";"Sans nom";"À vérifier"
"skyrim.esm|0CC84E";"";"Lumière / torche";"LIGH";"Skyrim.esm";"0CC84E";"Skyrim.esm";"SovngardeLightBounceNS";"Sans nom";"";"Sans nom";"À vérifier"
"skyrim.esm|0CC84F";"";"Lumière / torche";"LIGH";"Skyrim.esm";"0CC84F";"Skyrim.esm";"SovngardeShadowOmni";"Sans nom";"";"Sans nom";"À vérifier"
"skyrim.esm|0CC850";"";"Lumière / torche";"LIGH";"Skyrim.esm";"0CC850";"Skyrim.esm";"SovngardeLightOutside";"Sans nom";"";"Sans nom";"À vérifier"
"skyrim.esm|0CD016";"";"Lumière / torche";"LIGH";"Skyrim.esm";"0CD016";"Skyrim.esm";"SolitudeInteriorLightBlueLG";"Sans nom";"";"Sans nom";"À vérifier"
"skyrim.esm|0CD065";"";"Lumière / torche";"LIGH";"Skyrim.esm";"0CD065";"Skyrim.esm";"SolitudeInnFirePlacesDefault";"Sans nom";"";"Sans nom";"À vérifier"
"skyrim.esm|0CD48D";"";"Lumière / torche";"LIGH";"Skyrim.esm";"0CD48D";"Skyrim.esm";"WRChandlierFlickerShadow";"Sans nom";"";"Sans nom";"À vérifier"
"skyrim.esm|0CE016";"";"Lumière / torche";"LIGH";"Skyrim.esm";"0CE016";"Skyrim.esm";"SolitudeInnLight02Md";"Sans nom";"";"Sans nom";"À vérifier"
"skyrim.esm|0D0E40";"";"Lumière / torche";"LIGH";"Skyrim.esm";"0D0E40";"Skyrim.esm";"SLightStreetStreet01";"Sans nom";"";"Sans nom";"À vérifier"
"skyrim.esm|0D13E7";"";"Lumière / torche";"LIGH";"Skyrim.esm";"0D13E7";"Skyrim.esm";"MagicLightReanimate1";"Sans nom";"";"Sans nom";"À vérifier"
"skyrim.esm|0D1878";"";"Lumière / torche";"LIGH";"Skyrim.esm";"0D1878";"Skyrim.esm";"BleakFallsSunlight01NPS";"Sans nom";"";"Sans nom";"À vérifier"
"skyrim.esm|0D1947";"";"Lumière / torche";"LIGH";"Skyrim.esm";"0D1947";"Skyrim.esm";"DefaultCandleLight01_DesatFXDark";"Sans nom";"";"Sans nom";"À vérifier"
"skyrim.esm|0D4809";"";"Lumière / torche";"LIGH";"Skyrim.esm";"0D4809";"Skyrim.esm";"WRWindowFillWarm";"Sans nom";"";"Sans nom";"À vérifier"
"skyrim.esm|0D4887";"";"Lumière / torche";"LIGH";"Skyrim.esm";"0D4887";"Skyrim.esm";"MagicLightFireballStorm01";"Sans nom";"";"Sans nom";"À vérifier"
"skyrim.esm|0D4C27";"";"Lumière / torche";"LIGH";"Skyrim.esm";"0D4C27";"Skyrim.esm";"SolitudeInnSunlightShadow";"Sans nom";"";"Sans nom";"À vérifier"
"skyrim.esm|0D4C29";"";"Lumière / torche";"LIGH";"Skyrim.esm";"0D4C29";"Skyrim.esm";"SolitudeInteriorLightBlueMD2";"Sans nom";"";"Sans nom";"À vérifier"
"skyrim.esm|0D7BD5";"";"Lumière / torche";"LIGH";"Skyrim.esm";"0D7BD5";"Skyrim.esm";"MiddenRedEye01";"Sans nom";"";"Sans nom";"À vérifier"
"skyrim.esm|0D8F71";"";"Lumière / torche";"LIGH";"Skyrim.esm";"0D8F71";"Dawnguard.esm";"FalmerPurple01NS";"Sans nom";"";"Sans nom";"À vérifier"
"skyrim.esm|0D8FBA";"";"Lumière / torche";"LIGH";"Skyrim.esm";"0D8FBA";"Skyrim.esm";"BlackreachWater02NS";"Sans nom";"";"Sans nom";"À vérifier"
"skyrim.esm|0D9DAD";"";"Lumière / torche";"LIGH";"Skyrim.esm";"0D9DAD";"Skyrim.esm";"MGEyeCollegeLight01";"Sans nom";"";"Sans nom";"À vérifier"
"skyrim.esm|0DA06D";"";"Lumière / torche";"LIGH";"Skyrim.esm";"0DA06D";"Skyrim.esm";"SolitudeInteriorLighXtLG";"Sans nom";"";"Sans nom";"À vérifier"
"skyrim.esm|0DA626";"";"Lumière / torche";"LIGH";"Skyrim.esm";"0DA626";"Skyrim.esm";"MarkarthFireLightShad";"Sans nom";"";"Sans nom";"À vérifier"
"skyrim.esm|0DA628";"";"Lumière / torche";"LIGH";"Skyrim.esm";"0DA628";"Skyrim.esm";"MarkarthFireLight";"Sans nom";"";"Sans nom";"À vérifier"
"skyrim.esm|0DB9D2";"";"Lumière / torche";"LIGH";"Skyrim.esm";"0DB9D2";"Skyrim.esm";"FalmerEpicMushroom01NS";"Sans nom";"";"Sans nom";"À vérifier"
"skyrim.esm|0DB9D5";"";"Lumière / torche";"LIGH";"Skyrim.esm";"0DB9D5";"Skyrim.esm";"FalmerCityLight01NS";"Sans nom";"";"Sans nom";"À vérifier"
"skyrim.esm|0DB9DE";"";"Lumière / torche";"LIGH";"Skyrim.esm";"0DB9DE";"Skyrim.esm";"FalmerCityLight02NS";"Sans nom";"";"Sans nom";"À vérifier"
"skyrim.esm|0DC20C";"";"Lumière / torche";"LIGH";"Skyrim.esm";"0DC20C";"Skyrim.esm";"MagicLightFrostSpray01";"Sans nom";"";"Sans nom";"À vérifier"
"skyrim.esm|0DDF68";"";"Lumière / torche";"LIGH";"Skyrim.esm";"0DDF68";"Skyrim.esm";"dunMiddenMagicalLight";"Sans nom";"";"Sans nom";"À vérifier"
"skyrim.esm|0E2018";"";"Lumière / torche";"LIGH";"Skyrim.esm";"0E2018";"Skyrim.esm";"RannveigsTorch01NS_Fast";"Sans nom";"";"Sans nom";"À vérifier"
"skyrim.esm|0E2019";"";"Lumière / torche";"LIGH";"Skyrim.esm";"0E2019";"Skyrim.esm";"RannveigsTorch01";"Sans nom";"";"Sans nom";"À vérifier"
"skyrim.esm|0E203D";"";"Lumière / torche";"LIGH";"Skyrim.esm";"0E203D";"Skyrim.esm";"RannveigsTorch01NS";"Sans nom";"";"Sans nom";"À vérifier"
"skyrim.esm|0E2044";"";"Lumière / torche";"LIGH";"Skyrim.esm";"0E2044";"Skyrim.esm";"RannveigsTorch01NS_NoMove";"Sans nom";"";"Sans nom";"À vérifier"
"skyrim.esm|0E2149";"";"Lumière / torche";"LIGH";"Skyrim.esm";"0E2149";"Skyrim.esm";"IceBounce01NSSaturate";"Sans nom";"";"Sans nom";"À vérifier"
"skyrim.esm|0E2172";"";"Lumière / torche";"LIGH";"Skyrim.esm";"0E2172";"Skyrim.esm";"AzuraBlue01";"Sans nom";"";"Sans nom";"À vérifier"
"skyrim.esm|0E2173";"";"Lumière / torche";"LIGH";"Skyrim.esm";"0E2173";"Skyrim.esm";"AzuraWhite01";"Sans nom";"";"Sans nom";"À vérifier"
"skyrim.esm|0E2174";"";"Lumière / torche";"LIGH";"Skyrim.esm";"0E2174";"Skyrim.esm";"AzuraPureWhite01";"Sans nom";"";"Sans nom";"À vérifier"
"skyrim.esm|0E2175";"";"Lumière / torche";"LIGH";"Skyrim.esm";"0E2175";"Skyrim.esm";"AzuraSuperBlue01";"Sans nom";"";"Sans nom";"À vérifier"
"skyrim.esm|0E259C";"";"Lumière / torche";"LIGH";"Skyrim.esm";"0E259C";"Skyrim.esm";"SolitudeInteriorLightSM";"Sans nom";"";"Sans nom";"À vérifier"
"skyrim.esm|0E2969";"";"Lumière / torche";"LIGH";"Skyrim.esm";"0E2969";"Skyrim.esm";"WRCandleLightBounceAmb01Hemi";"Sans nom";"";"Sans nom";"À vérifier"
"skyrim.esm|0E7555";"";"Lumière / torche";"LIGH";"Skyrim.esm";"0E7555";"Skyrim.esm";"MagicLightShockProjectile03";"Sans nom";"";"Sans nom";"À vérifier"
"skyrim.esm|0EE0C3";"";"Lumière / torche";"LIGH";"Skyrim.esm";"0EE0C3";"Skyrim.esm";"BleakFallsWaterBounce01NS_MoveLessPriest";"Sans nom";"";"Sans nom";"À vérifier"
"skyrim.esm|0F252E";"";"Lumière / torche";"LIGH";"Skyrim.esm";"0F252E";"Skyrim.esm";"FXLightBlackBasic";"Sans nom";"";"Sans nom";"À vérifier"
"skyrim.esm|0F3A89";"";"Lumière / torche";"LIGH";"Skyrim.esm";"0F3A89";"Skyrim.esm";"FXLightWhiteBasicShadow";"Sans nom";"";"Sans nom";"À vérifier"
"skyrim.esm|0F4851";"";"Lumière / torche";"LIGH";"Skyrim.esm";"0F4851";"Skyrim.esm";"FarmInteriorSunLight01";"Sans nom";"";"Sans nom";"À vérifier"
"skyrim.esm|0F650D";"";"Lumière / torche";"LIGH";"Skyrim.esm";"0F650D";"Skyrim.esm";"MagicLightDA16Skull";"Sans nom";"";"Sans nom";"À vérifier"
"skyrim.esm|0F650E";"";"Lumière / torche";"LIGH";"Skyrim.esm";"0F650E";"Skyrim.esm";"MagicLightDA16SkullProjectile";"Sans nom";"";"Sans nom";"À vérifier"
"skyrim.esm|0F7635";"";"Lumière / torche";"LIGH";"Skyrim.esm";"0F7635";"Skyrim.esm";"TestInventoryLightRim";"Sans nom";"";"Sans nom";"À vérifier"
"skyrim.esm|0F7CBD";"";"Lumière / torche";"LIGH";"Skyrim.esm";"0F7CBD";"Skyrim.esm";"BlindCliffSpotlight01";"Sans nom";"";"Sans nom";"À vérifier"
"skyrim.esm|0F7CBF";"";"Lumière / torche";"LIGH";"Skyrim.esm";"0F7CBF";"Skyrim.esm";"DefaultBlueBounce01NS";"Sans nom";"";"Sans nom";"À vérifier"
"skyrim.esm|0F7CC1";"";"Lumière / torche";"LIGH";"Skyrim.esm";"0F7CC1";"Skyrim.esm";"DefaultViolet01NS";"Sans nom";"";"Sans nom";"À vérifier"
"skyrim.esm|0F7CC2";"";"Lumière / torche";"LIGH";"Skyrim.esm";"0F7CC2";"Skyrim.esm";"DefaultGreen01NS";"Sans nom";"";"Sans nom";"À vérifier"
"skyrim.esm|0FFF46";"";"Lumière / torche";"LIGH";"Skyrim.esm";"0FFF46";"Skyrim.esm";"MGFirePillarLightShadow";"Sans nom";"";"Sans nom";"À vérifier"
"skyrim.esm|0FFF48";"";"Lumière / torche";"LIGH";"Skyrim.esm";"0FFF48";"Skyrim.esm";"MGFirePillarLightBlue";"Sans nom";"";"Sans nom";"À vérifier"
"skyrim.esm|0FFF49";"";"Lumière / torche";"LIGH";"Skyrim.esm";"0FFF49";"Skyrim.esm";"MagicLightPoisionSprayProjectile";"Sans nom";"";"Sans nom";"À vérifier"
"skyrim.esm|10092A";"";"Lumière / torche";"LIGH";"Skyrim.esm";"10092A";"Skyrim.esm";"DefaultTorch02Spot";"Sans nom";"";"Sans nom";"À vérifier"
"skyrim.esm|101CE7";"";"Lumière / torche";"LIGH";"Skyrim.esm";"101CE7";"Skyrim.esm";"ThroatoftheWorldBouncedLight";"Sans nom";"";"Sans nom";"À vérifier"
"skyrim.esm|1037D2";"";"Lumière / torche";"LIGH";"Skyrim.esm";"1037D2";"Skyrim.esm";"EffigyOlafFXLight";"Sans nom";"";"Sans nom";"À vérifier"
"skyrim.esm|1037E4";"";"Lumière / torche";"LIGH";"Skyrim.esm";"1037E4";"Skyrim.esm";"MQ206LightRedRim";"Sans nom";"";"Sans nom";"À vérifier"
"skyrim.esm|10389D";"";"Lumière / torche";"LIGH";"Skyrim.esm";"10389D";"Skyrim.esm";"TwlightSepulcherPurpleShadLight";"Sans nom";"";"Sans nom";"À vérifier"
"skyrim.esm|10389E";"";"Lumière / torche";"LIGH";"Skyrim.esm";"10389E";"Skyrim.esm";"TwlightSepulcherPurpleBounceNSLight";"Sans nom";"";"Sans nom";"À vérifier"
"skyrim.esm|105300";"";"Lumière / torche";"LIGH";"Skyrim.esm";"105300";"Skyrim.esm";"LoadScreenLightMain";"Sans nom";"";"Sans nom";"À vérifier"
"skyrim.esm|105303";"";"Lumière / torche";"LIGH";"Skyrim.esm";"105303";"Skyrim.esm";"LoadScreenLightBack";"Sans nom";"";"Sans nom";"À vérifier"
"skyrim.esm|105305";"";"Lumière / torche";"LIGH";"Skyrim.esm";"105305";"Skyrim.esm";"LoadScreenLightFill";"Sans nom";"";"Sans nom";"À vérifier"
"skyrim.esm|106910";"";"Lumière / torche";"LIGH";"Skyrim.esm";"106910";"Skyrim.esm";"DefaultBlueBounce01NSDesat";"Sans nom";"";"Sans nom";"À vérifier"
"skyrim.esm|106914";"";"Lumière / torche";"LIGH";"Skyrim.esm";"106914";"Skyrim.esm";"DefaultLightBlue";"Sans nom";"";"Sans nom";"À vérifier"
"skyrim.esm|106AD9";"";"Lumière / torche";"LIGH";"Skyrim.esm";"106AD9";"Skyrim.esm";"MagicLightMagnusProjectile01";"Sans nom";"";"Sans nom";"À vérifier"
"skyrim.esm|108D6E";"";"Lumière / torche";"LIGH";"Skyrim.esm";"108D6E";"Skyrim.esm";"SovngardeLightBounce";"Sans nom";"";"Sans nom";"À vérifier"
"skyrim.esm|108D79";"";"Lumière / torche";"LIGH";"Skyrim.esm";"108D79";"Skyrim.esm";"MGFirePillarLightBlueShadow";"Sans nom";"";"Sans nom";"À vérifier"
"skyrim.esm|1093AB";"";"Lumière / torche";"LIGH";"Skyrim.esm";"1093AB";"Skyrim.esm";"BoethiahBluePulseLight";"Sans nom";"";"Sans nom";"À vérifier"
"skyrim.esm|10CDC8";"";"Lumière / torche";"LIGH";"Skyrim.esm";"10CDC8";"Skyrim.esm";"MagicLightHealCircle01";"Sans nom";"";"Sans nom";"À vérifier"
"skyrim.esm|10D99E";"";"Lumière / torche";"LIGH";"Skyrim.esm";"10D99E";"Dawnguard.esm";"FXLightGreenBlueGlow";"Sans nom";"";"Sans nom";"À vérifier"
"skyrim.esm|10E15B";"";"Lumière / torche";"LIGH";"Skyrim.esm";"10E15B";"Skyrim.esm";"FarmExteriorLight01";"Sans nom";"";"Sans nom";"À vérifier"
"skyrim.esm|10F52E";"";"Lumière / torche";"LIGH";"Skyrim.esm";"10F52E";"Skyrim.esm";"BleakFallsSunlight01b";"Sans nom";"";"Sans nom";"À vérifier"
"skyrim.esm|10FBEC";"";"Lumière / torche";"LIGH";"Skyrim.esm";"10FBEC";"Skyrim.esm";"MagicLightFireball02";"Sans nom";"";"Sans nom";"À vérifier"
"skyrim.esm|10FBF0";"";"Lumière / torche";"LIGH";"Skyrim.esm";"10FBF0";"Skyrim.esm";"MagicLightFrostSpear01";"Sans nom";"";"Sans nom";"À vérifier"
"skyrim.esm|10FD9F";"";"Lumière / torche";"LIGH";"Skyrim.esm";"10FD9F";"Skyrim.esm";"MagicVoiceDismay01";"Sans nom";"";"Sans nom";"À vérifier"
"skyrim.esm|10FDA0";"";"Lumière / torche";"LIGH";"Skyrim.esm";"10FDA0";"Skyrim.esm";"MagicVoiceDismay02";"Sans nom";"";"Sans nom";"À vérifier"
"skyrim.esm|10FDA1";"";"Lumière / torche";"LIGH";"Skyrim.esm";"10FDA1";"Skyrim.esm";"MagicVoiceDismay03";"Sans nom";"";"Sans nom";"À vérifier"
"windhelmsse.esp|12FBF4";"";"Lumière / torche";"LIGH";"WindhelmSSE.esp";"12FBF4";"WindhelmSSE.esp";"0WHSun";"Sans nom";"";"Sans nom";"À vérifier"
"windhelmsse.esp|12FBF5";"";"Lumière / torche";"LIGH";"WindhelmSSE.esp";"12FBF5";"WindhelmSSE.esp";"0WHSunOmni";"Sans nom";"";"Sans nom";"À vérifier"
"windhelmsse.esp|181D26";"";"Lumière / torche";"LIGH";"WindhelmSSE.esp";"181D26";"WindhelmSSE.esp";"WHWarmCandlelight";"Sans nom";"";"Sans nom";"À vérifier"
"windhelmsse.esp|181D2B";"";"Lumière / torche";"LIGH";"WindhelmSSE.esp";"181D2B";"WindhelmSSE.esp";"WHWarmCandlelightNS";"Sans nom";"";"Sans nom";"À vérifier"
"windhelmsse.esp|254493";"";"Lumière / torche";"LIGH";"WindhelmSSE.esp";"254493";"WindhelmSSE.esp";"WHSunlightShadow";"Sans nom";"";"Sans nom";"À vérifier"
"dragonborn.esm|01AECF";"";"Munition";"AMMO";"Dragonborn.esm";"01AECF";"Dragonborn.esm";"DLC2BloodskalAmmo";"Sans nom";"";"Sans nom";"À vérifier"
"skyrim.esm|03BDF7";"";"Munition";"AMMO";"Skyrim.esm";"03BDF7";"Skyrim.esm";"FXDustDropAmmoMed";"Sans nom";"";"Sans nom";"À vérifier"
"skyrim.esm|052E97";"";"Munition";"AMMO";"Skyrim.esm";"052E97";"Skyrim.esm";"FXDustDropAmmoSm";"Sans nom";"";"Sans nom";"À vérifier"
"skyrim.esm|052E99";"";"Munition";"AMMO";"Skyrim.esm";"052E99";"Skyrim.esm";"FXDustDropAmmoTiny";"Sans nom";"";"Sans nom";"À vérifier"
"skyrim.esm|06A0BF";"";"Munition";"AMMO";"Skyrim.esm";"06A0BF";"Skyrim.esm";"DummyArrow";"Sans nom";"";"Sans nom";"À vérifier"
"skyrim.esm|06DA4F";"";"Munition";"AMMO";"Skyrim.esm";"06DA4F";"Dawnguard.esm";"TrapDweBallistaBoltAmmo01";"Sans nom";"";"Sans nom";"À vérifier"
"skyrim.esm|073FE6";"";"Munition";"AMMO";"Skyrim.esm";"073FE6";"Skyrim.esm";"CWCatapultAmmo";"Sans nom";"";"Sans nom";"À vérifier"
"skyrim.esm|0961D6";"";"Munition";"AMMO";"Skyrim.esm";"0961D6";"Skyrim.esm";"dunJaphetsFollyCWCatapultAmmo";"Sans nom";"";"Sans nom";"À vérifier"
"skyrim.esm|109AB3";"";"Munition";"AMMO";"Skyrim.esm";"109AB3";"Skyrim.esm";"TrapDweBallistaBoltAmmo02";"Sans nom";"";"Sans nom";"À vérifier"
"skyrim.esm|109AB4";"";"Munition";"AMMO";"Skyrim.esm";"109AB4";"Skyrim.esm";"TrapDweBallistaBoltAmmo03";"Sans nom";"";"Sans nom";"À vérifier"
"skyrim.esm|109AB5";"";"Munition";"AMMO";"Skyrim.esm";"109AB5";"Skyrim.esm";"TrapDweBallistaBoltAmmo04";"Sans nom";"";"Sans nom";"À vérifier"
"skyrim.esm|109AB6";"";"Munition";"AMMO";"Skyrim.esm";"109AB6";"Skyrim.esm";"TrapDweBallistaBoltAmmo06";"Sans nom";"";"Sans nom";"À vérifier"
"skyrim.esm|109AB7";"";"Munition";"AMMO";"Skyrim.esm";"109AB7";"Skyrim.esm";"TrapDweBallistaBoltAmmo05";"Sans nom";"";"Sans nom";"À vérifier"
"skyrim.esm|0236DD";"Carreau";"Munition";"AMMO";"Skyrim.esm";"0236DD";"Skyrim.esm";"TrapDart";"Table française";"Skyrim - Interface.bsa : strings\skyrim_french.strings";"Non jouable (données objet)";"À vérifier"
"dragonborn.esm|0339A1";"Carreau de baliste";"Munition";"AMMO";"Dragonborn.esm";"0339A1";"Dragonborn.esm";"DLC2DwarvenBallistaBolt";"Table française";"Skyrim - Interface.bsa : strings\dragonborn_french.strings";"Non jouable (drapeau)";"À vérifier"
"skyrim.esm|07B935";"Carreau dwemer";"Munition";"AMMO";"Skyrim.esm";"07B935";"Dawnguard.esm";"DwarvenSphereBolt01";"Table française";"Skyrim - Interface.bsa : strings\dawnguard_french.strings";"Non jouable (données objet)";"À vérifier"
"skyrim.esm|10EC8C";"Carreau dwemer";"Munition";"AMMO";"Skyrim.esm";"10EC8C";"Dawnguard.esm";"DwarvenSphereBolt02";"Table française";"Skyrim - Interface.bsa : strings\dawnguard_french.strings";"Non jouable (données objet)";"À vérifier"
"dawnguard.esm|00FF03";"Flèche d'os de dragon";"Munition";"AMMO";"Dawnguard.esm";"00FF03";"Dawnguard.esm";"DLC1SoulCairnKeeperArrow";"Table française";"Skyrim - Interface.bsa : strings\dawnguard_french.strings";"Non jouable (données objet)";"À vérifier"
"skyrim.esm|07B932";"Flèche de Centusphère";"Munition";"AMMO";"Skyrim.esm";"07B932";"Skyrim.esm";"DwarvenSphereArrow";"Table française";"Skyrim - Interface.bsa : strings\skyrim_french.strings";"Non jouable (données objet)";"À vérifier"
"skyrim.esm|020DDF";"Flèche de fer";"Munition";"AMMO";"Skyrim.esm";"020DDF";"Skyrim.esm";"CWArrow";"Table française";"Skyrim - Interface.bsa : strings\skyrim_french.strings";"Non jouable (données objet)";"À vérifier"
"skyrim.esm|020F02";"Flèche de fer";"Munition";"AMMO";"Skyrim.esm";"020F02";"Skyrim.esm";"CWArrowShort";"Table française";"Skyrim - Interface.bsa : strings\skyrim_french.strings";"Non jouable (données objet)";"À vérifier"
"skyrim.esm|10E2DE";"Flèche de fer";"Munition";"AMMO";"Skyrim.esm";"10E2DE";"Skyrim.esm";"FollowerIronArrow";"Table française";"Skyrim - Interface.bsa : strings\skyrim_french.strings";"Non jouable (données objet)";"À vérifier"
"dawnguard.esm|01A958";"Parchemin des Anciens";"Munition";"AMMO";"Dawnguard.esm";"01A958";"Dawnguard.esm";"DLC1ElderScrollBack";"Table française";"Skyrim - Interface.bsa : strings\dawnguard_french.strings";"Non jouable (données objet)";"À vérifier"
"dawnguard.esm|01A87E";"";"Objet divers";"MISC";"Dawnguard.esm";"01A87E";"Dawnguard.esm";"sc_SkeletonHorseLeg";"Sans nom";"";"Sans nom";"À vérifier"
"dragonborn.esm|017725";"";"Objet divers";"MISC";"Dragonborn.esm";"017725";"Dragonborn.esm";"AetheriumCrest01";"Sans nom";"";"Sans nom";"À vérifier"
"dragonborn.esm|01EFF9";"";"Objet divers";"MISC";"Dragonborn.esm";"01EFF9";"Dragonborn.esm";"DLC2Bucket02b_NoName";"Sans nom";"";"Sans nom";"À vérifier"
"dragonborn.esm|02823B";"";"Objet divers";"MISC";"Dragonborn.esm";"02823B";"Dragonborn.esm";"DLC2dunKarstaagSkullItemNoName";"Sans nom";"";"Sans nom";"À vérifier"
"skyrim.esm|025CFE";"";"Objet divers";"MISC";"Skyrim.esm";"025CFE";"Skyrim.esm";"DwarvenPot01";"Sans nom";"";"Sans nom";"À vérifier"
"skyrim.esm|025D7C";"";"Objet divers";"MISC";"Skyrim.esm";"025D7C";"Skyrim.esm";"DwarvenUrn01";"Sans nom";"";"Sans nom";"À vérifier"
"skyrim.esm|050E77";"";"Objet divers";"MISC";"Skyrim.esm";"050E77";"Skyrim.esm";"ShipOar01";"Sans nom";"";"Sans nom";"À vérifier"
"skyrim.esm|08632A";"";"Objet divers";"MISC";"Skyrim.esm";"08632A";"Skyrim.esm";"Glazed02Urn01";"Sans nom";"";"Sans nom";"À vérifier"
"skyrim.esm|0B9BE0";"";"Objet divers";"MISC";"Skyrim.esm";"0B9BE0";"Skyrim.esm";"GlazedCandles01";"Sans nom";"";"Sans nom";"À vérifier"
"skyrim.esm|104B3F";"";"Objet divers";"MISC";"Skyrim.esm";"104B3F";"Skyrim.esm";"BasicFork01";"Sans nom";"";"Sans nom";"À vérifier"
"skyrim.esm|104B40";"";"Objet divers";"MISC";"Skyrim.esm";"104B40";"Skyrim.esm";"BasicKnife01";"Sans nom";"";"Sans nom";"À vérifier"
"hearthfires.esm|0031B0";"Ajout - aile est - armurerie";"Objet divers";"MISC";"HearthFires.esm";"0031B0";"HearthFires.esm";"BYOHHousePart066Room9ALayoutHouse1";"Table française";"Skyrim - Interface.bsa : strings\hearthfires_french.strings";"Non jouable (drapeau)";"À vérifier"
"hearthfires.esm|0031B9";"Ajout - aile est - armurerie";"Objet divers";"MISC";"HearthFires.esm";"0031B9";"HearthFires.esm";"BYOHHousePart076Room9BLayoutHouse1";"Table française";"Skyrim - Interface.bsa : strings\hearthfires_french.strings";"Non jouable (drapeau)";"À vérifier"
"hearthfires.esm|0031C2";"Ajout - aile est - armurerie";"Objet divers";"MISC";"HearthFires.esm";"0031C2";"HearthFires.esm";"BYOHHousePart086Room9CLayoutHouse1";"Table française";"Skyrim - Interface.bsa : strings\hearthfires_french.strings";"Non jouable (drapeau)";"À vérifier"
"hearthfires.esm|00F9B9";"Ajout - aile est - armurerie";"Objet divers";"MISC";"HearthFires.esm";"00F9B9";"HearthFires.esm";"BYOHHousePart066Room9ALayoutHouse1TOKEN";"Table française";"Skyrim - Interface.bsa : strings\hearthfires_french.strings";"Non jouable (drapeau)";"À vérifier"
"hearthfires.esm|00F9C3";"Ajout - aile est - armurerie";"Objet divers";"MISC";"HearthFires.esm";"00F9C3";"HearthFires.esm";"BYOHHousePart076Room9BLayoutHouse1TOKEN";"Table française";"Skyrim - Interface.bsa : strings\hearthfires_french.strings";"Non jouable (drapeau)";"À vérifier"
"hearthfires.esm|00F9CC";"Ajout - aile est - armurerie";"Objet divers";"MISC";"HearthFires.esm";"00F9CC";"HearthFires.esm";"BYOHHousePart086Room9CLayoutHouse1TOKEN";"Table française";"Skyrim - Interface.bsa : strings\hearthfires_french.strings";"Non jouable (drapeau)";"À vérifier"
"hearthfires.esm|0031B2";"Ajout - aile est - bibliothèque";"Objet divers";"MISC";"HearthFires.esm";"0031B2";"HearthFires.esm";"BYOHHousePart068Room11ALayoutHouse1";"Table française";"Skyrim - Interface.bsa : strings\hearthfires_french.strings";"Non jouable (drapeau)";"À vérifier"
"hearthfires.esm|0031BB";"Ajout - aile est - bibliothèque";"Objet divers";"MISC";"HearthFires.esm";"0031BB";"HearthFires.esm";"BYOHHousePart078Room11BLayoutHouse1";"Table française";"Skyrim - Interface.bsa : strings\hearthfires_french.strings";"Non jouable (drapeau)";"À vérifier"
"hearthfires.esm|0031C4";"Ajout - aile est - bibliothèque";"Objet divers";"MISC";"HearthFires.esm";"0031C4";"HearthFires.esm";"BYOHHousePart088Room11CLayoutHouse1";"Table française";"Skyrim - Interface.bsa : strings\hearthfires_french.strings";"Non jouable (drapeau)";"À vérifier"
"hearthfires.esm|00F9BB";"Ajout - aile est - bibliothèque";"Objet divers";"MISC";"HearthFires.esm";"00F9BB";"HearthFires.esm";"BYOHHousePart068Room11ALayoutHouse1TOKEN";"Table française";"Skyrim - Interface.bsa : strings\hearthfires_french.strings";"Non jouable (drapeau)";"À vérifier"
"hearthfires.esm|00F9C5";"Ajout - aile est - bibliothèque";"Objet divers";"MISC";"HearthFires.esm";"00F9C5";"HearthFires.esm";"BYOHHousePart078Room11BLayoutHouse1TOKEN";"Table française";"Skyrim - Interface.bsa : strings\hearthfires_french.strings";"Non jouable (drapeau)";"À vérifier"
"hearthfires.esm|00F9CE";"Ajout - aile est - bibliothèque";"Objet divers";"MISC";"HearthFires.esm";"00F9CE";"HearthFires.esm";"BYOHHousePart088Room11CLayoutHouse1TOKEN";"Table française";"Skyrim - Interface.bsa : strings\hearthfires_french.strings";"Non jouable (drapeau)";"À vérifier"
"hearthfires.esm|0031B1";"Ajout - aile est - cuisine";"Objet divers";"MISC";"HearthFires.esm";"0031B1";"HearthFires.esm";"BYOHHousePart067Room10ALayoutHouse1";"Table française";"Skyrim - Interface.bsa : strings\hearthfires_french.strings";"Non jouable (drapeau)";"À vérifier"
"hearthfires.esm|0031BA";"Ajout - aile est - cuisine";"Objet divers";"MISC";"HearthFires.esm";"0031BA";"HearthFires.esm";"BYOHHousePart077Room10BLayoutHouse1";"Table française";"Skyrim - Interface.bsa : strings\hearthfires_french.strings";"Non jouable (drapeau)";"À vérifier"
"hearthfires.esm|0031C3";"Ajout - aile est - cuisine";"Objet divers";"MISC";"HearthFires.esm";"0031C3";"HearthFires.esm";"BYOHHousePart087Room10CLayoutHouse1";"Table française";"Skyrim - Interface.bsa : strings\hearthfires_french.strings";"Non jouable (drapeau)";"À vérifier"
"hearthfires.esm|00F9BA";"Ajout - aile est - cuisine";"Objet divers";"MISC";"HearthFires.esm";"00F9BA";"HearthFires.esm";"BYOHHousePart067Room10ALayoutHouse1TOKEN";"Table française";"Skyrim - Interface.bsa : strings\hearthfires_french.strings";"Non jouable (drapeau)";"À vérifier"
"hearthfires.esm|00F9C4";"Ajout - aile est - cuisine";"Objet divers";"MISC";"HearthFires.esm";"00F9C4";"HearthFires.esm";"BYOHHousePart077Room10BLayoutHouse1TOKEN";"Table française";"Skyrim - Interface.bsa : strings\hearthfires_french.strings";"Non jouable (drapeau)";"À vérifier"
"hearthfires.esm|00F9CD";"Ajout - aile est - cuisine";"Objet divers";"MISC";"HearthFires.esm";"00F9CD";"HearthFires.esm";"BYOHHousePart087Room10CLayoutHouse1TOKEN";"Table française";"Skyrim - Interface.bsa : strings\hearthfires_french.strings";"Non jouable (drapeau)";"À vérifier"
"hearthfires.esm|0031AF";"Ajout - aile nord - laboratoire d'alchimie";"Objet divers";"MISC";"HearthFires.esm";"0031AF";"HearthFires.esm";"BYOHHousePart065Room8ALayoutHouse1";"Table française";"Skyrim - Interface.bsa : strings\hearthfires_french.strings";"Non jouable (drapeau)";"À vérifier"
"hearthfires.esm|0031B8";"Ajout - aile nord - laboratoire d'alchimie";"Objet divers";"MISC";"HearthFires.esm";"0031B8";"HearthFires.esm";"BYOHHousePart075Room8BLayoutHouse1";"Table française";"Skyrim - Interface.bsa : strings\hearthfires_french.strings";"Non jouable (drapeau)";"À vérifier"
"hearthfires.esm|0031C1";"Ajout - aile nord - laboratoire d'alchimie";"Objet divers";"MISC";"HearthFires.esm";"0031C1";"HearthFires.esm";"BYOHHousePart085Room8CLayoutHouse1";"Table française";"Skyrim - Interface.bsa : strings\hearthfires_french.strings";"Non jouable (drapeau)";"À vérifier"
"hearthfires.esm|00F9B8";"Ajout - aile nord - laboratoire d'alchimie";"Objet divers";"MISC";"HearthFires.esm";"00F9B8";"HearthFires.esm";"BYOHHousePart065Room8ALayoutHouse1TOKEN";"Table française";"Skyrim - Interface.bsa : strings\hearthfires_french.strings";"Non jouable (drapeau)";"À vérifier"
"hearthfires.esm|00F9C2";"Ajout - aile nord - laboratoire d'alchimie";"Objet divers";"MISC";"HearthFires.esm";"00F9C2";"HearthFires.esm";"BYOHHousePart075Room8BLayoutHouse1TOKEN";"Table française";"Skyrim - Interface.bsa : strings\hearthfires_french.strings";"Non jouable (drapeau)";"À vérifier"
"hearthfires.esm|00F9CB";"Ajout - aile nord - laboratoire d'alchimie";"Objet divers";"MISC";"HearthFires.esm";"00F9CB";"HearthFires.esm";"BYOHHousePart085Room8CLayoutHouse1TOKEN";"Table française";"Skyrim - Interface.bsa : strings\hearthfires_french.strings";"Non jouable (drapeau)";"À vérifier"
"hearthfires.esm|0031AD";"Ajout - aile nord - réserve";"Objet divers";"MISC";"HearthFires.esm";"0031AD";"HearthFires.esm";"BYOHHousePart063Room6ALayoutHouse1";"Table française";"Skyrim - Interface.bsa : strings\hearthfires_french.strings";"Non jouable (drapeau)";"À vérifier"
"hearthfires.esm|0031B6";"Ajout - aile nord - réserve";"Objet divers";"MISC";"HearthFires.esm";"0031B6";"HearthFires.esm";"BYOHHousePart073Room6BLayoutHouse1";"Table française";"Skyrim - Interface.bsa : strings\hearthfires_french.strings";"Non jouable (drapeau)";"À vérifier"
"hearthfires.esm|0031BF";"Ajout - aile nord - réserve";"Objet divers";"MISC";"HearthFires.esm";"0031BF";"HearthFires.esm";"BYOHHousePart083Room6CLayoutHouse1";"Table française";"Skyrim - Interface.bsa : strings\hearthfires_french.strings";"Non jouable (drapeau)";"À vérifier"
"hearthfires.esm|00F9B6";"Ajout - aile nord - réserve";"Objet divers";"MISC";"HearthFires.esm";"00F9B6";"HearthFires.esm";"BYOHHousePart063Room6ALayoutHouse1TOKEN";"Table française";"Skyrim - Interface.bsa : strings\hearthfires_french.strings";"Non jouable (drapeau)";"À vérifier"
"hearthfires.esm|00F9C0";"Ajout - aile nord - réserve";"Objet divers";"MISC";"HearthFires.esm";"00F9C0";"HearthFires.esm";"BYOHHousePart073Room6BLayoutHouse1TOKEN";"Table française";"Skyrim - Interface.bsa : strings\hearthfires_french.strings";"Non jouable (drapeau)";"À vérifier"
"hearthfires.esm|00F9C9";"Ajout - aile nord - réserve";"Objet divers";"MISC";"HearthFires.esm";"00F9C9";"HearthFires.esm";"BYOHHousePart083Room6CLayoutHouse1TOKEN";"Table française";"Skyrim - Interface.bsa : strings\hearthfires_french.strings";"Non jouable (drapeau)";"À vérifier"
"hearthfires.esm|0031AE";"Ajout - aile nord - salle des trophées";"Objet divers";"MISC";"HearthFires.esm";"0031AE";"HearthFires.esm";"BYOHHousePart064Room7ALayoutHouse1";"Table française";"Skyrim - Interface.bsa : strings\hearthfires_french.strings";"Non jouable (drapeau)";"À vérifier"
"hearthfires.esm|0031B7";"Ajout - aile nord - salle des trophées";"Objet divers";"MISC";"HearthFires.esm";"0031B7";"HearthFires.esm";"BYOHHousePart074Room7BLayoutHouse1";"Table française";"Skyrim - Interface.bsa : strings\hearthfires_french.strings";"Non jouable (drapeau)";"À vérifier"
"hearthfires.esm|0031C0";"Ajout - aile nord - salle des trophées";"Objet divers";"MISC";"HearthFires.esm";"0031C0";"HearthFires.esm";"BYOHHousePart084Room7CLayoutHouse1";"Table française";"Skyrim - Interface.bsa : strings\hearthfires_french.strings";"Non jouable (drapeau)";"À vérifier"
"hearthfires.esm|00F9B7";"Ajout - aile nord - salle des trophées";"Objet divers";"MISC";"HearthFires.esm";"00F9B7";"HearthFires.esm";"BYOHHousePart064Room7ALayoutHouse1TOKEN";"Table française";"Skyrim - Interface.bsa : strings\hearthfires_french.strings";"Non jouable (drapeau)";"À vérifier"
"hearthfires.esm|00F9C1";"Ajout - aile nord - salle des trophées";"Objet divers";"MISC";"HearthFires.esm";"00F9C1";"HearthFires.esm";"BYOHHousePart074Room7BLayoutHouse1TOKEN";"Table française";"Skyrim - Interface.bsa : strings\hearthfires_french.strings";"Non jouable (drapeau)";"À vérifier"
"hearthfires.esm|00F9CA";"Ajout - aile nord - salle des trophées";"Objet divers";"MISC";"HearthFires.esm";"00F9CA";"HearthFires.esm";"BYOHHousePart084Room7CLayoutHouse1TOKEN";"Table française";"Skyrim - Interface.bsa : strings\hearthfires_french.strings";"Non jouable (drapeau)";"À vérifier"
"hearthfires.esm|003198";"Ajout - aile ouest - chambres";"Objet divers";"MISC";"HearthFires.esm";"003198";"HearthFires.esm";"BYOHHousePart060Room3ALayoutHouse1";"Table française";"Skyrim - Interface.bsa : strings\hearthfires_french.strings";"Non jouable (drapeau)";"À vérifier"
"hearthfires.esm|0031B3";"Ajout - aile ouest - chambres";"Objet divers";"MISC";"HearthFires.esm";"0031B3";"HearthFires.esm";"BYOHHousePart070Room3BLayoutHouse1";"Table française";"Skyrim - Interface.bsa : strings\hearthfires_french.strings";"Non jouable (drapeau)";"À vérifier"
"hearthfires.esm|0031BC";"Ajout - aile ouest - chambres";"Objet divers";"MISC";"HearthFires.esm";"0031BC";"HearthFires.esm";"BYOHHousePart080Room3CLayoutHouse1";"Table française";"Skyrim - Interface.bsa : strings\hearthfires_french.strings";"Non jouable (drapeau)";"À vérifier"
"hearthfires.esm|00F9B3";"Ajout - aile ouest - chambres";"Objet divers";"MISC";"HearthFires.esm";"00F9B3";"HearthFires.esm";"BYOHHousePart060Room3ALayoutHouse1TOKEN";"Table française";"Skyrim - Interface.bsa : strings\hearthfires_french.strings";"Non jouable (drapeau)";"À vérifier"
"hearthfires.esm|00F9BD";"Ajout - aile ouest - chambres";"Objet divers";"MISC";"HearthFires.esm";"00F9BD";"HearthFires.esm";"BYOHHousePart070Room3BLayoutHouse1TOKEN";"Table française";"Skyrim - Interface.bsa : strings\hearthfires_french.strings";"Non jouable (drapeau)";"À vérifier"
"hearthfires.esm|00F9C6";"Ajout - aile ouest - chambres";"Objet divers";"MISC";"HearthFires.esm";"00F9C6";"HearthFires.esm";"BYOHHousePart080Room3CLayoutHouse1TOKEN";"Table française";"Skyrim - Interface.bsa : strings\hearthfires_french.strings";"Non jouable (drapeau)";"À vérifier"
"hearthfires.esm|0031AB";"Ajout - aile ouest - serre";"Objet divers";"MISC";"HearthFires.esm";"0031AB";"HearthFires.esm";"BYOHHousePart061Room4ALayoutHouse1";"Table française";"Skyrim - Interface.bsa : strings\hearthfires_french.strings";"Non jouable (drapeau)";"À vérifier"
"hearthfires.esm|0031B4";"Ajout - aile ouest - serre";"Objet divers";"MISC";"HearthFires.esm";"0031B4";"HearthFires.esm";"BYOHHousePart071Room4BLayoutHouse1";"Table française";"Skyrim - Interface.bsa : strings\hearthfires_french.strings";"Non jouable (drapeau)";"À vérifier"
"hearthfires.esm|0031BD";"Ajout - aile ouest - serre";"Objet divers";"MISC";"HearthFires.esm";"0031BD";"HearthFires.esm";"BYOHHousePart081Room4CLayoutHouse1";"Table française";"Skyrim - Interface.bsa : strings\hearthfires_french.strings";"Non jouable (drapeau)";"À vérifier"
"hearthfires.esm|00F9B4";"Ajout - aile ouest - serre";"Objet divers";"MISC";"HearthFires.esm";"00F9B4";"HearthFires.esm";"BYOHHousePart061Room4ALayoutHouse1TOKEN";"Table française";"Skyrim - Interface.bsa : strings\hearthfires_french.strings";"Non jouable (drapeau)";"À vérifier"
"hearthfires.esm|00F9BE";"Ajout - aile ouest - serre";"Objet divers";"MISC";"HearthFires.esm";"00F9BE";"HearthFires.esm";"BYOHHousePart071Room4BLayoutHouse1TOKEN";"Table française";"Skyrim - Interface.bsa : strings\hearthfires_french.strings";"Non jouable (drapeau)";"À vérifier"
"hearthfires.esm|00F9C7";"Ajout - aile ouest - serre";"Objet divers";"MISC";"HearthFires.esm";"00F9C7";"HearthFires.esm";"BYOHHousePart081Room4CLayoutHouse1TOKEN";"Table française";"Skyrim - Interface.bsa : strings\hearthfires_french.strings";"Non jouable (drapeau)";"À vérifier"
"hearthfires.esm|0031AC";"Ajout - aile ouest - tour de l'enchanteur";"Objet divers";"MISC";"HearthFires.esm";"0031AC";"HearthFires.esm";"BYOHHousePart062Room5ALayoutHouse1";"Table française";"Skyrim - Interface.bsa : strings\hearthfires_french.strings";"Non jouable (drapeau)";"À vérifier"
"hearthfires.esm|0031B5";"Ajout - aile ouest - tour de l'enchanteur";"Objet divers";"MISC";"HearthFires.esm";"0031B5";"HearthFires.esm";"BYOHHousePart072Room5BLayoutHouse1";"Table française";"Skyrim - Interface.bsa : strings\hearthfires_french.strings";"Non jouable (drapeau)";"À vérifier"
"hearthfires.esm|0031BE";"Ajout - aile ouest - tour de l'enchanteur";"Objet divers";"MISC";"HearthFires.esm";"0031BE";"HearthFires.esm";"BYOHHousePart082Room5CLayoutHouse1";"Table française";"Skyrim - Interface.bsa : strings\hearthfires_french.strings";"Non jouable (drapeau)";"À vérifier"
"hearthfires.esm|00F9B5";"Ajout - aile ouest - tour de l'enchanteur";"Objet divers";"MISC";"HearthFires.esm";"00F9B5";"HearthFires.esm";"BYOHHousePart062Room5ALayoutHouse1TOKEN";"Table française";"Skyrim - Interface.bsa : strings\hearthfires_french.strings";"Non jouable (drapeau)";"À vérifier"
"hearthfires.esm|00F9BF";"Ajout - aile ouest - tour de l'enchanteur";"Objet divers";"MISC";"HearthFires.esm";"00F9BF";"HearthFires.esm";"BYOHHousePart072Room5BLayoutHouse1TOKEN";"Table française";"Skyrim - Interface.bsa : strings\hearthfires_french.strings";"Non jouable (drapeau)";"À vérifier"
"hearthfires.esm|00F9C8";"Ajout - aile ouest - tour de l'enchanteur";"Objet divers";"MISC";"HearthFires.esm";"00F9C8";"HearthFires.esm";"BYOHHousePart082Room5CLayoutHouse1TOKEN";"Table française";"Skyrim - Interface.bsa : strings\hearthfires_french.strings";"Non jouable (drapeau)";"À vérifier"
"hearthfires.esm|0008CA";"Alevinière";"Objet divers";"MISC";"HearthFires.esm";"0008CA";"HearthFires.esm";"BYOHHouseExteriorPart09FishHatchery";"Table française";"Skyrim - Interface.bsa : strings\hearthfires_french.strings";"Non jouable (drapeau)";"À vérifier"
"keizaal.esp|00016C";"Aloe Vera Leaves (2)";"Objet divers";"MISC";"Keizaal.esp";"00016C";"Keizaal.esp";"RP_BYOHHouseIngredientAloeVera02";"Nom intégré au plugin";"Keizaal.esp";"Non jouable (drapeau)";"À vérifier"
"hearthfires.esm|000B3E";"Amanites tue-mouches (4)";"Objet divers";"MISC";"HearthFires.esm";"000B3E";"HearthFires.esm";"BYOHHouseIngredientMushroom01";"Table française";"Skyrim - Interface.bsa : strings\hearthfires_french.strings";"Non jouable (drapeau)";"À vérifier"
"hearthfires.esm|00A322";"Araignée dwemer";"Objet divers";"MISC";"HearthFires.esm";"00A322";"HearthFires.esm";"BYOHHouseTrophyPart02DwarvenSpider";"Table française";"Skyrim - Interface.bsa : strings\hearthfires_french.strings";"Non jouable (drapeau)";"À vérifier"
"hearthfires.esm|005A25";"Armoire, petite";"Objet divers";"MISC";"HearthFires.esm";"005A25";"HearthFires.esm";"BYOHHouseInteriorPart018WardrobeSmall01";"Table française";"Skyrim - Interface.bsa : strings\hearthfires_french.strings";"Non jouable (drapeau)";"À vérifier"
"hearthfires.esm|005A2C";"Armoire, petite";"Objet divers";"MISC";"HearthFires.esm";"005A2C";"HearthFires.esm";"BYOHHouseInteriorPart025WardrobeSmall02";"Table française";"Skyrim - Interface.bsa : strings\hearthfires_french.strings";"Non jouable (drapeau)";"À vérifier"
"hearthfires.esm|003AE6";"Armurerie - établi";"Objet divers";"MISC";"HearthFires.esm";"003AE6";"HearthFires.esm";"BYOHHousePart212Room9Workbench";"Table française";"Skyrim - Interface.bsa : strings\hearthfires_french.strings";"Non jouable (drapeau)";"À vérifier"
"hearthfires.esm|003AE7";"Armurerie - retirer l'établi";"Objet divers";"MISC";"HearthFires.esm";"003AE7";"HearthFires.esm";"BYOHHousePart213Room9WorkbenchDisable";"Table française";"Skyrim - Interface.bsa : strings\hearthfires_french.strings";"Non jouable (drapeau)";"À vérifier"
"hearthfires.esm|003CD6";"Armurerie, fondations";"Objet divers";"MISC";"HearthFires.esm";"003CD6";"HearthFires.esm";"BYOHHousePart161Room9AFoundation";"Table française";"Skyrim - Interface.bsa : strings\hearthfires_french.strings";"Non jouable (drapeau)";"À vérifier"
"hearthfires.esm|009531";"Armurerie, fondations";"Objet divers";"MISC";"HearthFires.esm";"009531";"HearthFires.esm";"BYOHHousePart361Room9BFoundation";"Table française";"Skyrim - Interface.bsa : strings\hearthfires_french.strings";"Non jouable (drapeau)";"À vérifier"
"hearthfires.esm|003CDA";"Armurerie, murs";"Objet divers";"MISC";"HearthFires.esm";"003CDA";"HearthFires.esm";"BYOHHousePart165Room9AWalls";"Table française";"Skyrim - Interface.bsa : strings\hearthfires_french.strings";"Non jouable (drapeau)";"À vérifier"
"hearthfires.esm|009535";"Armurerie, murs";"Objet divers";"MISC";"HearthFires.esm";"009535";"HearthFires.esm";"BYOHHousePart365Room9BWalls";"Table française";"Skyrim - Interface.bsa : strings\hearthfires_french.strings";"Non jouable (drapeau)";"À vérifier"
"hearthfires.esm|0031D0";"Armurerie, portes";"Objet divers";"MISC";"HearthFires.esm";"0031D0";"HearthFires.esm";"BYOHHousePart160Room9ADoor";"Table française";"Skyrim - Interface.bsa : strings\hearthfires_french.strings";"Non jouable (drapeau)";"À vérifier"
"hearthfires.esm|009530";"Armurerie, portes";"Objet divers";"MISC";"HearthFires.esm";"009530";"HearthFires.esm";"BYOHHousePart360Room9BDoor";"Table française";"Skyrim - Interface.bsa : strings\hearthfires_french.strings";"Non jouable (drapeau)";"À vérifier"
"hearthfires.esm|003CD8";"Armurerie, sol";"Objet divers";"MISC";"HearthFires.esm";"003CD8";"HearthFires.esm";"BYOHHousePart163Room9AFloor";"Table française";"Skyrim - Interface.bsa : strings\hearthfires_french.strings";"Non jouable (drapeau)";"À vérifier"
"hearthfires.esm|009533";"Armurerie, sol";"Objet divers";"MISC";"HearthFires.esm";"009533";"HearthFires.esm";"BYOHHousePart363Room9BFloor";"Table française";"Skyrim - Interface.bsa : strings\hearthfires_french.strings";"Non jouable (drapeau)";"À vérifier"
"hearthfires.esm|003CD7";"Armurerie, supports muraux";"Objet divers";"MISC";"HearthFires.esm";"003CD7";"HearthFires.esm";"BYOHHousePart162Room9AWallFraming";"Table française";"Skyrim - Interface.bsa : strings\hearthfires_french.strings";"Non jouable (drapeau)";"À vérifier"
"hearthfires.esm|009532";"Armurerie, supports muraux";"Objet divers";"MISC";"HearthFires.esm";"009532";"HearthFires.esm";"BYOHHousePart362Room9BWallFraming";"Table française";"Skyrim - Interface.bsa : strings\hearthfires_french.strings";"Non jouable (drapeau)";"À vérifier"
"hearthfires.esm|003CD9";"Armurerie, toit";"Objet divers";"MISC";"HearthFires.esm";"003CD9";"HearthFires.esm";"BYOHHousePart164Room9ARoof";"Table française";"Skyrim - Interface.bsa : strings\hearthfires_french.strings";"Non jouable (drapeau)";"À vérifier"
"hearthfires.esm|009534";"Armurerie, toit";"Objet divers";"MISC";"HearthFires.esm";"009534";"HearthFires.esm";"BYOHHousePart364Room9BRoof";"Table française";"Skyrim - Interface.bsa : strings\hearthfires_french.strings";"Non jouable (drapeau)";"À vérifier"
"hearthfires.esm|00A312";"Âtre";"Objet divers";"MISC";"HearthFires.esm";"00A312";"HearthFires.esm";"BYOHHouseInteriorPart101Firepit";"Table française";"Skyrim - Interface.bsa : strings\hearthfires_french.strings";"Non jouable (drapeau)";"À vérifier"
"hearthfires.esm|00F3A6";"Autel d'Akatosh";"Objet divers";"MISC";"HearthFires.esm";"00F3A6";"HearthFires.esm";"BYOHHouseInteriorPart192ShrineAkatosh";"Table française";"Skyrim - Interface.bsa : strings\hearthfires_french.strings";"Non jouable (drapeau)";"À vérifier"
"hearthfires.esm|00F3A5";"Autel d'Arkay";"Objet divers";"MISC";"HearthFires.esm";"00F3A5";"HearthFires.esm";"BYOHHouseInteriorPart191ShrineArkay";"Table française";"Skyrim - Interface.bsa : strings\hearthfires_french.strings";"Non jouable (drapeau)";"À vérifier"
"hearthfires.esm|005A32";"Autel d'enchantement";"Objet divers";"MISC";"HearthFires.esm";"005A32";"HearthFires.esm";"BYOHHouseInteriorPart033EnchantingTable01";"Table française";"Skyrim - Interface.bsa : strings\hearthfires_french.strings";"Non jouable (drapeau)";"À vérifier"
"hearthfires.esm|000B57";"Autel de Dibella";"Objet divers";"MISC";"HearthFires.esm";"000B57";"HearthFires.esm";"BYOHHouseInteriorPart206ShrineDibella";"Table française";"Skyrim - Interface.bsa : strings\hearthfires_french.strings";"Non jouable (drapeau)";"À vérifier"
"hearthfires.esm|00F3A2";"Autel de Julianos";"Objet divers";"MISC";"HearthFires.esm";"00F3A2";"HearthFires.esm";"BYOHHouseInteriorPart188ShrineJulianos";"Table française";"Skyrim - Interface.bsa : strings\hearthfires_french.strings";"Non jouable (drapeau)";"À vérifier"
"hearthfires.esm|00F3A3";"Autel de Kynareth";"Objet divers";"MISC";"HearthFires.esm";"00F3A3";"HearthFires.esm";"BYOHHouseInteriorPart189ShrineKynareth";"Table française";"Skyrim - Interface.bsa : strings\hearthfires_french.strings";"Non jouable (drapeau)";"À vérifier"
"hearthfires.esm|00F3A7";"Autel de Mara";"Objet divers";"MISC";"HearthFires.esm";"00F3A7";"HearthFires.esm";"BYOHHouseInteriorPart193ShrineMara";"Table française";"Skyrim - Interface.bsa : strings\hearthfires_french.strings";"Non jouable (drapeau)";"À vérifier"
"hearthfires.esm|00F3A4";"Autel de Stendarr";"Objet divers";"MISC";"HearthFires.esm";"00F3A4";"HearthFires.esm";"BYOHHouseInteriorPart190ShrineStendarr";"Table française";"Skyrim - Interface.bsa : strings\hearthfires_french.strings";"Non jouable (drapeau)";"À vérifier"
"hearthfires.esm|00F3A8";"Autel de Talos";"Objet divers";"MISC";"HearthFires.esm";"00F3A8";"HearthFires.esm";"BYOHHouseInteriorPart194ShrineTalos";"Table française";"Skyrim - Interface.bsa : strings\hearthfires_french.strings";"Non jouable (drapeau)";"À vérifier"
"hearthfires.esm|00F3A9";"Autel de Zénithar";"Objet divers";"MISC";"HearthFires.esm";"00F3A9";"HearthFires.esm";"BYOHHouseInteriorPart195ShrineZenithar";"Table française";"Skyrim - Interface.bsa : strings\hearthfires_french.strings";"Non jouable (drapeau)";"À vérifier"
"hearthfires.esm|008AA0";"Banc";"Objet divers";"MISC";"HearthFires.esm";"008AA0";"HearthFires.esm";"BYOHHouseInteriorPart082BenchExterior01";"Table française";"Skyrim - Interface.bsa : strings\hearthfires_french.strings";"Non jouable (drapeau)";"À vérifier"
"hearthfires.esm|008AA1";"Banc";"Objet divers";"MISC";"HearthFires.esm";"008AA1";"HearthFires.esm";"BYOHHouseInteriorPart083BenchExterior02";"Table française";"Skyrim - Interface.bsa : strings\hearthfires_french.strings";"Non jouable (drapeau)";"À vérifier"
"hearthfires.esm|008AA2";"Banc";"Objet divers";"MISC";"HearthFires.esm";"008AA2";"HearthFires.esm";"BYOHHouseInteriorPart084BenchExterior03";"Table française";"Skyrim - Interface.bsa : strings\hearthfires_french.strings";"Non jouable (drapeau)";"À vérifier"
"hearthfires.esm|009B8F";"Banc";"Objet divers";"MISC";"HearthFires.esm";"009B8F";"HearthFires.esm";"BYOHHouseInteriorPart094Bench01";"Table française";"Skyrim - Interface.bsa : strings\hearthfires_french.strings";"Non jouable (drapeau)";"À vérifier"
"hearthfires.esm|005A3E";"Bibliothèque";"Objet divers";"MISC";"HearthFires.esm";"005A3E";"HearthFires.esm";"BYOHHouseInteriorPart048Bookshelf01";"Table française";"Skyrim - Interface.bsa : strings\hearthfires_french.strings";"Non jouable (drapeau)";"À vérifier"
"hearthfires.esm|00B4CE";"Bibliothèque";"Objet divers";"MISC";"HearthFires.esm";"00B4CE";"HearthFires.esm";"BYOHHouseInteriorPart110Bookshelf02";"Table française";"Skyrim - Interface.bsa : strings\hearthfires_french.strings";"Non jouable (drapeau)";"À vérifier"
"hearthfires.esm|00B4CF";"Bibliothèque";"Objet divers";"MISC";"HearthFires.esm";"00B4CF";"HearthFires.esm";"BYOHHouseInteriorPart111Bookshelf03";"Table française";"Skyrim - Interface.bsa : strings\hearthfires_french.strings";"Non jouable (drapeau)";"À vérifier"
"hearthfires.esm|00B4D0";"Bibliothèque";"Objet divers";"MISC";"HearthFires.esm";"00B4D0";"HearthFires.esm";"BYOHHouseInteriorPart112Bookshelf04";"Table française";"Skyrim - Interface.bsa : strings\hearthfires_french.strings";"Non jouable (drapeau)";"À vérifier"
"hearthfires.esm|003AEA";"Bibliothèque- établi";"Objet divers";"MISC";"HearthFires.esm";"003AEA";"HearthFires.esm";"BYOHHousePart216Room11Workbench";"Table française";"Skyrim - Interface.bsa : strings\hearthfires_french.strings";"Non jouable (drapeau)";"À vérifier"
"hearthfires.esm|003AEB";"Bibliothèque- retirer l'établi";"Objet divers";"MISC";"HearthFires.esm";"003AEB";"HearthFires.esm";"BYOHHousePart217Room11WorkbenchDisable";"Table française";"Skyrim - Interface.bsa : strings\hearthfires_french.strings";"Non jouable (drapeau)";"À vérifier"
"hearthfires.esm|0068F3";"Bibliothèque, auvent";"Objet divers";"MISC";"HearthFires.esm";"0068F3";"HearthFires.esm";"BYOHHousePart232Room11ACanopy";"Table française";"Skyrim - Interface.bsa : strings\hearthfires_french.strings";"Non jouable (drapeau)";"À vérifier"
"hearthfires.esm|009547";"Bibliothèque, auvent";"Objet divers";"MISC";"HearthFires.esm";"009547";"HearthFires.esm";"BYOHHousePart392Room11BCanopy";"Table française";"Skyrim - Interface.bsa : strings\hearthfires_french.strings";"Non jouable (drapeau)";"À vérifier"
"hearthfires.esm|003CE2";"Bibliothèque, fondations";"Objet divers";"MISC";"HearthFires.esm";"003CE2";"HearthFires.esm";"BYOHHousePart181Room11AFoundation";"Table française";"Skyrim - Interface.bsa : strings\hearthfires_french.strings";"Non jouable (drapeau)";"À vérifier"
"hearthfires.esm|00953D";"Bibliothèque, fondations";"Objet divers";"MISC";"HearthFires.esm";"00953D";"HearthFires.esm";"BYOHHousePart381Room11BFoundation";"Table française";"Skyrim - Interface.bsa : strings\hearthfires_french.strings";"Non jouable (drapeau)";"À vérifier"
"hearthfires.esm|003CE7";"Bibliothèque, murs de l'étage";"Objet divers";"MISC";"HearthFires.esm";"003CE7";"HearthFires.esm";"BYOHHousePart186Room11AWalls2";"Table française";"Skyrim - Interface.bsa : strings\hearthfires_french.strings";"Non jouable (drapeau)";"À vérifier"
"hearthfires.esm|009542";"Bibliothèque, murs de l'étage";"Objet divers";"MISC";"HearthFires.esm";"009542";"HearthFires.esm";"BYOHHousePart386Room11BWalls2";"Table française";"Skyrim - Interface.bsa : strings\hearthfires_french.strings";"Non jouable (drapeau)";"À vérifier"
"hearthfires.esm|0031D2";"Bibliothèque, portes";"Objet divers";"MISC";"HearthFires.esm";"0031D2";"HearthFires.esm";"BYOHHousePart180Room11ADoor";"Table française";"Skyrim - Interface.bsa : strings\hearthfires_french.strings";"Non jouable (drapeau)";"À vérifier"
"hearthfires.esm|00953C";"Bibliothèque, portes";"Objet divers";"MISC";"HearthFires.esm";"00953C";"HearthFires.esm";"BYOHHousePart380Room11BDoor";"Table française";"Skyrim - Interface.bsa : strings\hearthfires_french.strings";"Non jouable (drapeau)";"À vérifier"
"hearthfires.esm|003CE3";"Bibliothèque, sol";"Objet divers";"MISC";"HearthFires.esm";"003CE3";"HearthFires.esm";"BYOHHousePart182Room11AFloor";"Table française";"Skyrim - Interface.bsa : strings\hearthfires_french.strings";"Non jouable (drapeau)";"À vérifier"
"hearthfires.esm|00953E";"Bibliothèque, sol";"Objet divers";"MISC";"HearthFires.esm";"00953E";"HearthFires.esm";"BYOHHousePart382Room11BFloor";"Table française";"Skyrim - Interface.bsa : strings\hearthfires_french.strings";"Non jouable (drapeau)";"À vérifier"
"hearthfires.esm|003CE5";"Bibliothèque, supports de l'étage";"Objet divers";"MISC";"HearthFires.esm";"003CE5";"HearthFires.esm";"BYOHHousePart184Room11AWallFraming2";"Table française";"Skyrim - Interface.bsa : strings\hearthfires_french.strings";"Non jouable (drapeau)";"À vérifier"
"hearthfires.esm|009540";"Bibliothèque, supports de l'étage";"Objet divers";"MISC";"HearthFires.esm";"009540";"HearthFires.esm";"BYOHHousePart384Room11BWallFraming2";"Table française";"Skyrim - Interface.bsa : strings\hearthfires_french.strings";"Non jouable (drapeau)";"À vérifier"
"hearthfires.esm|003CE6";"Bibliothèque, supports du rez-de-chaussée";"Objet divers";"MISC";"HearthFires.esm";"003CE6";"HearthFires.esm";"BYOHHousePart185Room11AWalls1";"Table française";"Skyrim - Interface.bsa : strings\hearthfires_french.strings";"Non jouable (drapeau)";"À vérifier"
"hearthfires.esm|009541";"Bibliothèque, supports du rez-de-chaussée";"Objet divers";"MISC";"HearthFires.esm";"009541";"HearthFires.esm";"BYOHHousePart385Room11BWalls1";"Table française";"Skyrim - Interface.bsa : strings\hearthfires_french.strings";"Non jouable (drapeau)";"À vérifier"
"hearthfires.esm|003CE4";"Bibliothèque, supports principaux";"Objet divers";"MISC";"HearthFires.esm";"003CE4";"HearthFires.esm";"BYOHHousePart183Room11AWallFraming1";"Table française";"Skyrim - Interface.bsa : strings\hearthfires_french.strings";"Non jouable (drapeau)";"À vérifier"
"hearthfires.esm|00953F";"Bibliothèque, supports principaux";"Objet divers";"MISC";"HearthFires.esm";"00953F";"HearthFires.esm";"BYOHHousePart383Room11BWallFraming1";"Table française";"Skyrim - Interface.bsa : strings\hearthfires_french.strings";"Non jouable (drapeau)";"À vérifier"
"hearthfires.esm|003CE8";"Bibliothèque, toit";"Objet divers";"MISC";"HearthFires.esm";"003CE8";"HearthFires.esm";"BYOHHousePart187Room11ARoof";"Table française";"Skyrim - Interface.bsa : strings\hearthfires_french.strings";"Non jouable (drapeau)";"À vérifier"
"hearthfires.esm|009543";"Bibliothèque, toit";"Objet divers";"MISC";"HearthFires.esm";"009543";"HearthFires.esm";"BYOHHousePart387Room11BRoof";"Table française";"Skyrim - Interface.bsa : strings\hearthfires_french.strings";"Non jouable (drapeau)";"À vérifier"
"hearthfires.esm|000B49";"Blé (4)";"Objet divers";"MISC";"HearthFires.esm";"000B49";"HearthFires.esm";"BYOHHouseIngredientWheat";"Table française";"Skyrim - Interface.bsa : strings\hearthfires_french.strings";"Non jouable (drapeau)";"À vérifier"
"hearthfires.esm|005A4A";"Bois de cerf sur socle";"Objet divers";"MISC";"HearthFires.esm";"005A4A";"HearthFires.esm";"BYOHHouseInteriorPart060MountedHeadElkAntlers01";"Table française";"Skyrim - Interface.bsa : strings\hearthfires_french.strings";"Non jouable (drapeau)";"À vérifier"
"hearthfires.esm|00B4D6";"Bougeoir mural";"Objet divers";"MISC";"HearthFires.esm";"00B4D6";"HearthFires.esm";"BYOHHouseInteriorPart118WallSconce01";"Table française";"Skyrim - Interface.bsa : strings\hearthfires_french.strings";"Non jouable (drapeau)";"À vérifier"
"hearthfires.esm|00090F";"Bougeoirs muraux (2)";"Objet divers";"MISC";"HearthFires.esm";"00090F";"HearthFires.esm";"BYOHHouseInteriorPart199WallSconceExteriorx2";"Table française";"Skyrim - Interface.bsa : strings\hearthfires_french.strings";"Non jouable (drapeau)";"À vérifier"
"hearthfires.esm|008381";"Bougeoirs muraux (2)";"Objet divers";"MISC";"HearthFires.esm";"008381";"HearthFires.esm";"BYOHHouseInteriorPart077WallSconcex2_01";"Table française";"Skyrim - Interface.bsa : strings\hearthfires_french.strings";"Non jouable (drapeau)";"À vérifier"
"hearthfires.esm|009B92";"Bougeoirs muraux (2)";"Objet divers";"MISC";"HearthFires.esm";"009B92";"HearthFires.esm";"BYOHHouseInteriorPart096WallSconcex2_02";"Table française";"Skyrim - Interface.bsa : strings\hearthfires_french.strings";"Non jouable (drapeau)";"À vérifier"
"hearthfires.esm|00CD6C";"Bougeoirs muraux (2)";"Objet divers";"MISC";"HearthFires.esm";"00CD6C";"HearthFires.esm";"BYOHHouseInteriorPart154WallSconcex2_03";"Table française";"Skyrim - Interface.bsa : strings\hearthfires_french.strings";"Non jouable (drapeau)";"À vérifier"
"hearthfires.esm|00F3A0";"Bougeoirs muraux (2)";"Objet divers";"MISC";"HearthFires.esm";"00F3A0";"HearthFires.esm";"BYOHHouseInteriorPart186WallSconcex2_04";"Table française";"Skyrim - Interface.bsa : strings\hearthfires_french.strings";"Non jouable (drapeau)";"À vérifier"
"hearthfires.esm|00B683";"Brasier";"Objet divers";"MISC";"HearthFires.esm";"00B683";"HearthFires.esm";"BYOHHouseInteriorPart120Brazier01";"Table française";"Skyrim - Interface.bsa : strings\hearthfires_french.strings";"Non jouable (drapeau)";"À vérifier"
"hearthfires.esm|00B684";"Brasier";"Objet divers";"MISC";"HearthFires.esm";"00B684";"HearthFires.esm";"BYOHHouseInteriorPart121Brazier02";"Table française";"Skyrim - Interface.bsa : strings\hearthfires_french.strings";"Non jouable (drapeau)";"À vérifier"
"hearthfires.esm|005A22";"Bureau";"Objet divers";"MISC";"HearthFires.esm";"005A22";"HearthFires.esm";"BYOHHouseInteriorPart015Desk01";"Table française";"Skyrim - Interface.bsa : strings\hearthfires_french.strings";"Non jouable (drapeau)";"À vérifier"
"hearthfires.esm|000B2B";"Carottes (4)";"Objet divers";"MISC";"HearthFires.esm";"000B2B";"HearthFires.esm";"BYOHHouseFoodCarrots";"Table française";"Skyrim - Interface.bsa : strings\hearthfires_french.strings";"Non jouable (drapeau)";"À vérifier"
"hearthfires.esm|003AD8";"Cave";"Objet divers";"MISC";"HearthFires.esm";"003AD8";"HearthFires.esm";"BYOHHousePart190Room12Cellar";"Table française";"Skyrim - Interface.bsa : strings\hearthfires_french.strings";"Non jouable (drapeau)";"À vérifier"
"hearthfires.esm|003AEC";"Cave - établi";"Objet divers";"MISC";"HearthFires.esm";"003AEC";"HearthFires.esm";"BYOHHousePart218Room12Workbench";"Table française";"Skyrim - Interface.bsa : strings\hearthfires_french.strings";"Non jouable (drapeau)";"À vérifier"
"hearthfires.esm|003AED";"Cave - retirer l'établi";"Objet divers";"MISC";"HearthFires.esm";"003AED";"HearthFires.esm";"BYOHHousePart219Room12WorkbenchDisable";"Table française";"Skyrim - Interface.bsa : strings\hearthfires_french.strings";"Non jouable (drapeau)";"À vérifier"
"hearthfires.esm|00F39F";"Cercueil";"Objet divers";"MISC";"HearthFires.esm";"00F39F";"HearthFires.esm";"BYOHHouseInteriorPart185VampireCoffin01";"Table française";"Skyrim - Interface.bsa : strings\hearthfires_french.strings";"Non jouable (drapeau)";"À vérifier"
"hearthfires.esm|0030E8";"Chaise";"Objet divers";"MISC";"HearthFires.esm";"0030E8";"HearthFires.esm";"BYOHHouseInteriorPart028Chair01";"Table française";"Skyrim - Interface.bsa : strings\hearthfires_french.strings";"Non jouable (drapeau)";"À vérifier"
"hearthfires.esm|0030E9";"Chaise";"Objet divers";"MISC";"HearthFires.esm";"0030E9";"HearthFires.esm";"BYOHHouseInteriorPart029Chair02";"Table française";"Skyrim - Interface.bsa : strings\hearthfires_french.strings";"Non jouable (drapeau)";"À vérifier"
"hearthfires.esm|005A2F";"Chaise";"Objet divers";"MISC";"HearthFires.esm";"005A2F";"HearthFires.esm";"BYOHHouseInteriorPart030Desk02";"Table française";"Skyrim - Interface.bsa : strings\hearthfires_french.strings";"Non jouable (drapeau)";"À vérifier"
"hearthfires.esm|005A3F";"Chaise";"Objet divers";"MISC";"HearthFires.esm";"005A3F";"HearthFires.esm";"BYOHHouseInteriorPart049Chair03";"Table française";"Skyrim - Interface.bsa : strings\hearthfires_french.strings";"Non jouable (drapeau)";"À vérifier"
"hearthfires.esm|00B695";"Chaise";"Objet divers";"MISC";"HearthFires.esm";"00B695";"HearthFires.esm";"BYOHHouseInteriorPart126ChairExterior01";"Table française";"Skyrim - Interface.bsa : strings\hearthfires_french.strings";"Non jouable (drapeau)";"À vérifier"
"hearthfires.esm|005A13";"Chaises et table à manger";"Objet divers";"MISC";"HearthFires.esm";"005A13";"HearthFires.esm";"BYOHHouseInteriorPart002DiningTableChairs";"Table française";"Skyrim - Interface.bsa : strings\hearthfires_french.strings";"Non jouable (drapeau)";"À vérifier"
"hearthfires.esm|0009BC";"Chaises et table carrée";"Objet divers";"MISC";"HearthFires.esm";"0009BC";"HearthFires.esm";"BYOHHouseInteriorPart005TableSquareChairs02new";"Table française";"Skyrim - Interface.bsa : strings\hearthfires_french.strings";"Non jouable (drapeau)";"À vérifier"
"hearthfires.esm|005A15";"Chaises et table carrée";"Objet divers";"MISC";"HearthFires.esm";"005A15";"HearthFires.esm";"BYOHHouseInteriorPart004TableSquareChairs01";"Table française";"Skyrim - Interface.bsa : strings\hearthfires_french.strings";"Non jouable (drapeau)";"À vérifier"
"hearthfires.esm|005A1D";"Chaises et table carrée";"Objet divers";"MISC";"HearthFires.esm";"005A1D";"HearthFires.esm";"BYOHHouseInteriorPart012TableSquareChairs03";"Table française";"Skyrim - Interface.bsa : strings\hearthfires_french.strings";"Non jouable (drapeau)";"À vérifier"
"hearthfires.esm|003ADA";"Chambres - établi";"Objet divers";"MISC";"HearthFires.esm";"003ADA";"HearthFires.esm";"BYOHHousePart200Room3Workbench";"Table française";"Skyrim - Interface.bsa : strings\hearthfires_french.strings";"Non jouable (drapeau)";"À vérifier"
"hearthfires.esm|003ADB";"Chambres - retirer l'établi";"Objet divers";"MISC";"HearthFires.esm";"003ADB";"HearthFires.esm";"BYOHHousePart201Room3WorkbenchDisable";"Table française";"Skyrim - Interface.bsa : strings\hearthfires_french.strings";"Non jouable (drapeau)";"À vérifier"
"hearthfires.esm|0031DB";"Chambres, fondations";"Objet divers";"MISC";"HearthFires.esm";"0031DB";"HearthFires.esm";"BYOHHousePart101Room3AFoundation";"Table française";"Skyrim - Interface.bsa : strings\hearthfires_french.strings";"Non jouable (drapeau)";"À vérifier"
"hearthfires.esm|009507";"Chambres, fondations";"Objet divers";"MISC";"HearthFires.esm";"009507";"HearthFires.esm";"BYOHHousePart301Room3BFoundation";"Table française";"Skyrim - Interface.bsa : strings\hearthfires_french.strings";"Non jouable (drapeau)";"À vérifier"
"hearthfires.esm|0031DF";"Chambres, murs";"Objet divers";"MISC";"HearthFires.esm";"0031DF";"HearthFires.esm";"BYOHHousePart105Room3AWalls";"Table française";"Skyrim - Interface.bsa : strings\hearthfires_french.strings";"Non jouable (drapeau)";"À vérifier"
"hearthfires.esm|00950B";"Chambres, murs";"Objet divers";"MISC";"HearthFires.esm";"00950B";"HearthFires.esm";"BYOHHousePart305Room3BWalls";"Table française";"Skyrim - Interface.bsa : strings\hearthfires_french.strings";"Non jouable (drapeau)";"À vérifier"
"hearthfires.esm|003197";"Chambres, portes";"Objet divers";"MISC";"HearthFires.esm";"003197";"HearthFires.esm";"BYOHHousePart100Room3ADoor";"Table française";"Skyrim - Interface.bsa : strings\hearthfires_french.strings";"Non jouable (drapeau)";"À vérifier"
"hearthfires.esm|009506";"Chambres, portes";"Objet divers";"MISC";"HearthFires.esm";"009506";"HearthFires.esm";"BYOHHousePart300Room3BDoor";"Table française";"Skyrim - Interface.bsa : strings\hearthfires_french.strings";"Non jouable (drapeau)";"À vérifier"
"hearthfires.esm|0031DD";"Chambres, sol";"Objet divers";"MISC";"HearthFires.esm";"0031DD";"HearthFires.esm";"BYOHHousePart103Room3AFloor";"Table française";"Skyrim - Interface.bsa : strings\hearthfires_french.strings";"Non jouable (drapeau)";"À vérifier"
"hearthfires.esm|009509";"Chambres, sol";"Objet divers";"MISC";"HearthFires.esm";"009509";"HearthFires.esm";"BYOHHousePart303Room3BFloor";"Table française";"Skyrim - Interface.bsa : strings\hearthfires_french.strings";"Non jouable (drapeau)";"À vérifier"
"hearthfires.esm|0031DC";"Chambres, supports muraux";"Objet divers";"MISC";"HearthFires.esm";"0031DC";"HearthFires.esm";"BYOHHousePart102Room3AWallFraming";"Table française";"Skyrim - Interface.bsa : strings\hearthfires_french.strings";"Non jouable (drapeau)";"À vérifier"
"hearthfires.esm|009508";"Chambres, supports muraux";"Objet divers";"MISC";"HearthFires.esm";"009508";"HearthFires.esm";"BYOHHousePart302Room3BWallFraming";"Table française";"Skyrim - Interface.bsa : strings\hearthfires_french.strings";"Non jouable (drapeau)";"À vérifier"
"hearthfires.esm|0031DE";"Chambres, toit";"Objet divers";"MISC";"HearthFires.esm";"0031DE";"HearthFires.esm";"BYOHHousePart104Room3ARoof";"Table française";"Skyrim - Interface.bsa : strings\hearthfires_french.strings";"Non jouable (drapeau)";"À vérifier"
"hearthfires.esm|00950A";"Chambres, toit";"Objet divers";"MISC";"HearthFires.esm";"00950A";"HearthFires.esm";"BYOHHousePart304Room3BRoof";"Table française";"Skyrim - Interface.bsa : strings\hearthfires_french.strings";"Non jouable (drapeau)";"À vérifier"
"hearthfires.esm|000B36";"Champignons luisants (5)";"Objet divers";"MISC";"HearthFires.esm";"000B36";"HearthFires.esm";"BYOHHouseIngredientGlowingMushroom";"Table française";"Skyrim - Interface.bsa : strings\hearthfires_french.strings";"Non jouable (drapeau)";"À vérifier"
"hearthfires.esm|005A47";"Chandelier, grand";"Objet divers";"MISC";"HearthFires.esm";"005A47";"HearthFires.esm";"BYOHHouseInteriorPart057ChandelierLarge01";"Table française";"Skyrim - Interface.bsa : strings\hearthfires_french.strings";"Non jouable (drapeau)";"À vérifier"
"hearthfires.esm|005A48";"Chandelier, petit";"Objet divers";"MISC";"HearthFires.esm";"005A48";"HearthFires.esm";"BYOHHouseInteriorPart058ChandelierSmall01";"Table française";"Skyrim - Interface.bsa : strings\hearthfires_french.strings";"Non jouable (drapeau)";"À vérifier"
"hearthfires.esm|005A49";"Chandelier, petit";"Objet divers";"MISC";"HearthFires.esm";"005A49";"HearthFires.esm";"BYOHHouseInteriorPart059ChandelierSmall02";"Table française";"Skyrim - Interface.bsa : strings\hearthfires_french.strings";"Non jouable (drapeau)";"À vérifier"
"hearthfires.esm|000B40";"Chapeaux-blancs (2)";"Objet divers";"MISC";"HearthFires.esm";"000B40";"HearthFires.esm";"BYOHHouseIngredientMushroom03";"Table française";"Skyrim - Interface.bsa : strings\hearthfires_french.strings";"Non jouable (drapeau)";"À vérifier"
"hearthfires.esm|00A33B";"Chaurus";"Objet divers";"MISC";"HearthFires.esm";"00A33B";"HearthFires.esm";"BYOHHouseTrophyPart14Chaurus";"Table française";"Skyrim - Interface.bsa : strings\hearthfires_french.strings";"Non jouable (drapeau)";"À vérifier"
"hearthfires.esm|008AB8";"Chevalet de tannage";"Objet divers";"MISC";"HearthFires.esm";"008AB8";"HearthFires.esm";"BYOHHouseInteriorPart088TanningRackExterior01";"Table française";"Skyrim - Interface.bsa : strings\hearthfires_french.strings";"Non jouable (drapeau)";"À vérifier"
"hearthfires.esm|00CD44";"Chevalet de tannage";"Objet divers";"MISC";"HearthFires.esm";"00CD44";"HearthFires.esm";"BYOHHouseInteriorPart150TanningRack01";"Table française";"Skyrim - Interface.bsa : strings\hearthfires_french.strings";"Non jouable (drapeau)";"À vérifier"
"hearthfires.esm|015BEA";"Chèvre";"Objet divers";"MISC";"HearthFires.esm";"015BEA";"HearthFires.esm";"BYOHHouseTrophyPart17Goat";"Table française";"Skyrim - Interface.bsa : strings\hearthfires_french.strings";"Non jouable (drapeau)";"À vérifier"
"hearthfires.esm|00A33D";"Chevreuil";"Objet divers";"MISC";"HearthFires.esm";"00A33D";"HearthFires.esm";"BYOHHouseTrophyPart16Deer";"Table française";"Skyrim - Interface.bsa : strings\hearthfires_french.strings";"Non jouable (drapeau)";"À vérifier"
"hearthfires.esm|000B2A";"Choux (2)";"Objet divers";"MISC";"HearthFires.esm";"000B2A";"HearthFires.esm";"BYOHHouseFoodCabbage";"Table française";"Skyrim - Interface.bsa : strings\hearthfires_french.strings";"Non jouable (drapeau)";"À vérifier"
"hearthfires.esm|00F393";"Cible de tir à l'arc";"Objet divers";"MISC";"HearthFires.esm";"00F393";"HearthFires.esm";"BYOHHouseInteriorPart176ArcheryTarget01";"Table française";"Skyrim - Interface.bsa : strings\hearthfires_french.strings";"Non jouable (drapeau)";"À vérifier"
"hearthfires.esm|008AB9";"Cibles de tir à l'arc (2)";"Objet divers";"MISC";"HearthFires.esm";"008AB9";"HearthFires.esm";"BYOHHouseInteriorPart089ArcheryTargetx2Exterior01";"Table française";"Skyrim - Interface.bsa : strings\hearthfires_french.strings";"Non jouable (drapeau)";"À vérifier"
"hearthfires.esm|000B43";"Cloquerilles (4)";"Objet divers";"MISC";"HearthFires.esm";"000B43";"HearthFires.esm";"BYOHHouseIngredientMushroom06";"Table française";"Skyrim - Interface.bsa : strings\hearthfires_french.strings";"Non jouable (drapeau)";"À vérifier"
"hearthfires.esm|005A17";"Coffre";"Objet divers";"MISC";"HearthFires.esm";"005A17";"HearthFires.esm";"BYOHHouseInteriorPart006Chest01";"Table française";"Skyrim - Interface.bsa : strings\hearthfires_french.strings";"Non jouable (drapeau)";"À vérifier"
"hearthfires.esm|005A18";"Coffre";"Objet divers";"MISC";"HearthFires.esm";"005A18";"HearthFires.esm";"BYOHHouseInteriorPart007Chest02";"Table française";"Skyrim - Interface.bsa : strings\hearthfires_french.strings";"Non jouable (drapeau)";"À vérifier"
"hearthfires.esm|005A23";"Coffre";"Objet divers";"MISC";"HearthFires.esm";"005A23";"HearthFires.esm";"BYOHHouseInteriorPart016Safe01";"Table française";"Skyrim - Interface.bsa : strings\hearthfires_french.strings";"Non jouable (drapeau)";"À vérifier"
"hearthfires.esm|008371";"Coffre";"Objet divers";"MISC";"HearthFires.esm";"008371";"HearthFires.esm";"BYOHHouseInteriorPart074Chest03";"Table française";"Skyrim - Interface.bsa : strings\hearthfires_french.strings";"Non jouable (drapeau)";"À vérifier"
"hearthfires.esm|00B68D";"Coffre";"Objet divers";"MISC";"HearthFires.esm";"00B68D";"HearthFires.esm";"BYOHHouseInteriorPart123ChestWithCupboard020";"Table française";"Skyrim - Interface.bsa : strings\hearthfires_french.strings";"Non jouable (drapeau)";"À vérifier"
"hearthfires.esm|00C1E7";"Coffre";"Objet divers";"MISC";"HearthFires.esm";"00C1E7";"HearthFires.esm";"BYOHHouseInteriorPart128ChestWithDisplayTable127";"Table française";"Skyrim - Interface.bsa : strings\hearthfires_french.strings";"Non jouable (drapeau)";"À vérifier"
"hearthfires.esm|00C1E8";"Coffre";"Objet divers";"MISC";"HearthFires.esm";"00C1E8";"HearthFires.esm";"BYOHHouseInteriorPart129SafeWithDisplayTable127";"Table française";"Skyrim - Interface.bsa : strings\hearthfires_french.strings";"Non jouable (drapeau)";"À vérifier"
"hearthfires.esm|00C1EE";"Coffre";"Objet divers";"MISC";"HearthFires.esm";"00C1EE";"HearthFires.esm";"BYOHHouseInteriorPart131ChestWithTable130";"Table française";"Skyrim - Interface.bsa : strings\hearthfires_french.strings";"Non jouable (drapeau)";"À vérifier"
"hearthfires.esm|00C1EF";"Coffre";"Objet divers";"MISC";"HearthFires.esm";"00C1EF";"HearthFires.esm";"BYOHHouseInteriorPart132ChestWithTable130";"Table française";"Skyrim - Interface.bsa : strings\hearthfires_french.strings";"Non jouable (drapeau)";"À vérifier"
"hearthfires.esm|00C206";"Coffre";"Objet divers";"MISC";"HearthFires.esm";"00C206";"HearthFires.esm";"BYOHHouseInteriorPart133ChestWithDisplayShelf039";"Table française";"Skyrim - Interface.bsa : strings\hearthfires_french.strings";"Non jouable (drapeau)";"À vérifier"
"hearthfires.esm|00C208";"Coffre";"Objet divers";"MISC";"HearthFires.esm";"00C208";"HearthFires.esm";"BYOHHouseInteriorPart134ChestWithTable044";"Table française";"Skyrim - Interface.bsa : strings\hearthfires_french.strings";"Non jouable (drapeau)";"À vérifier"
"hearthfires.esm|00CD75";"Coffre";"Objet divers";"MISC";"HearthFires.esm";"00CD75";"HearthFires.esm";"BYOHHouseInteriorPart156SafeWithShelf013";"Table française";"Skyrim - Interface.bsa : strings\hearthfires_french.strings";"Non jouable (drapeau)";"À vérifier"
"hearthfires.esm|00CD76";"Coffre";"Objet divers";"MISC";"HearthFires.esm";"00CD76";"HearthFires.esm";"BYOHHouseInteriorPart155SafeWithShelf013";"Table française";"Skyrim - Interface.bsa : strings\hearthfires_french.strings";"Non jouable (drapeau)";"À vérifier"
"hearthfires.esm|00D16B";"Coffre";"Objet divers";"MISC";"HearthFires.esm";"00D16B";"HearthFires.esm";"BYOHHouseInteriorPart158ChestExterior01";"Table française";"Skyrim - Interface.bsa : strings\hearthfires_french.strings";"Non jouable (drapeau)";"À vérifier"
"hearthfires.esm|00F398";"Coffre (5)";"Objet divers";"MISC";"HearthFires.esm";"00F398";"HearthFires.esm";"BYOHHouseInteriorPart181Safex5_01";"Table française";"Skyrim - Interface.bsa : strings\hearthfires_french.strings";"Non jouable (drapeau)";"À vérifier"
"hearthfires.esm|00F399";"Coffre (5)";"Objet divers";"MISC";"HearthFires.esm";"00F399";"HearthFires.esm";"BYOHHouseInteriorPart182Safex5_02";"Table française";"Skyrim - Interface.bsa : strings\hearthfires_french.strings";"Non jouable (drapeau)";"À vérifier"
"hearthfires.esm|009062";"Coffre d'enfant";"Objet divers";"MISC";"HearthFires.esm";"009062";"HearthFires.esm";"BYOHHouseInteriorPart090ChestWithBed197";"Table française";"Skyrim - Interface.bsa : strings\hearthfires_french.strings";"Non jouable (drapeau)";"À vérifier"
"hearthfires.esm|009063";"Coffre d'enfant";"Objet divers";"MISC";"HearthFires.esm";"009063";"HearthFires.esm";"BYOHHouseInteriorPart091ChestWithBed198";"Table française";"Skyrim - Interface.bsa : strings\hearthfires_french.strings";"Non jouable (drapeau)";"À vérifier"
"hearthfires.esm|005A3C";"Coffre, long";"Objet divers";"MISC";"HearthFires.esm";"005A3C";"HearthFires.esm";"BYOHHouseInteriorPart046ChestLongWithBed01";"Table française";"Skyrim - Interface.bsa : strings\hearthfires_french.strings";"Non jouable (drapeau)";"À vérifier"
"hearthfires.esm|005A39";"Commode";"Objet divers";"MISC";"HearthFires.esm";"005A39";"HearthFires.esm";"BYOHHouseInteriorPart042Dresser01";"Table française";"Skyrim - Interface.bsa : strings\hearthfires_french.strings";"Non jouable (drapeau)";"À vérifier"
"hearthfires.esm|00CD59";"Commode";"Objet divers";"MISC";"HearthFires.esm";"00CD59";"HearthFires.esm";"BYOHHouseInteriorPart153Dresser02";"Table française";"Skyrim - Interface.bsa : strings\hearthfires_french.strings";"Non jouable (drapeau)";"À vérifier"
"hearthfires.esm|000B47";"Cosses (3)";"Objet divers";"MISC";"HearthFires.esm";"000B47";"HearthFires.esm";"BYOHHouseIngredientSpikyGrass";"Table française";"Skyrim - Interface.bsa : strings\hearthfires_french.strings";"Non jouable (drapeau)";"À vérifier"
"hearthfires.esm|000B30";"Coton sauvage (3)";"Objet divers";"MISC";"HearthFires.esm";"000B30";"HearthFires.esm";"BYOHHouseIngredientCotton";"Table française";"Skyrim - Interface.bsa : strings\hearthfires_french.strings";"Non jouable (drapeau)";"À vérifier"
"hearthfires.esm|000B3F";"Couronnes sanglantes (3)";"Objet divers";"MISC";"HearthFires.esm";"000B3F";"HearthFires.esm";"BYOHHouseIngredientMushroom02";"Table française";"Skyrim - Interface.bsa : strings\hearthfires_french.strings";"Non jouable (drapeau)";"À vérifier"
"hearthfires.esm|00A33F";"Crâne de dragon";"Objet divers";"MISC";"HearthFires.esm";"00A33F";"HearthFires.esm";"BYOHHouseTrophyPart18DragonSkull";"Table française";"Skyrim - Interface.bsa : strings\hearthfires_french.strings";"Non jouable (drapeau)";"À vérifier"
"hearthfires.esm|003AE8";"Cuisine - établi";"Objet divers";"MISC";"HearthFires.esm";"003AE8";"HearthFires.esm";"BYOHHousePart214Room10Workbench";"Table française";"Skyrim - Interface.bsa : strings\hearthfires_french.strings";"Non jouable (drapeau)";"À vérifier"
"hearthfires.esm|003AE9";"Cuisine - retirer l'établi";"Objet divers";"MISC";"HearthFires.esm";"003AE9";"HearthFires.esm";"BYOHHousePart215Room10WorkbenchDisable";"Table française";"Skyrim - Interface.bsa : strings\hearthfires_french.strings";"Non jouable (drapeau)";"À vérifier"
"hearthfires.esm|003CDB";"Cuisine, fondations";"Objet divers";"MISC";"HearthFires.esm";"003CDB";"HearthFires.esm";"BYOHHousePart171Room10AFoundation";"Table française";"Skyrim - Interface.bsa : strings\hearthfires_french.strings";"Non jouable (drapeau)";"À vérifier"
"hearthfires.esm|009536";"Cuisine, fondations";"Objet divers";"MISC";"HearthFires.esm";"009536";"HearthFires.esm";"BYOHHousePart371Room10BFoundation";"Table française";"Skyrim - Interface.bsa : strings\hearthfires_french.strings";"Non jouable (drapeau)";"À vérifier"
"hearthfires.esm|003CE1";"Cuisine, foyer";"Objet divers";"MISC";"HearthFires.esm";"003CE1";"HearthFires.esm";"BYOHHousePart177Room10AChimney";"Table française";"Skyrim - Interface.bsa : strings\hearthfires_french.strings";"Non jouable (drapeau)";"À vérifier"
"hearthfires.esm|003CDF";"Cuisine, murs";"Objet divers";"MISC";"HearthFires.esm";"003CDF";"HearthFires.esm";"BYOHHousePart174Room10AWalls";"Table française";"Skyrim - Interface.bsa : strings\hearthfires_french.strings";"Non jouable (drapeau)";"À vérifier"
"hearthfires.esm|009539";"Cuisine, murs";"Objet divers";"MISC";"HearthFires.esm";"009539";"HearthFires.esm";"BYOHHousePart374Room10BWalls";"Table française";"Skyrim - Interface.bsa : strings\hearthfires_french.strings";"Non jouable (drapeau)";"À vérifier"
"hearthfires.esm|0031D1";"Cuisine, portes";"Objet divers";"MISC";"HearthFires.esm";"0031D1";"HearthFires.esm";"BYOHHousePart170Room10ADoor";"Table française";"Skyrim - Interface.bsa : strings\hearthfires_french.strings";"Non jouable (drapeau)";"À vérifier"
"hearthfires.esm|009544";"Cuisine, portes";"Objet divers";"MISC";"HearthFires.esm";"009544";"HearthFires.esm";"BYOHHousePart370Room10BDoor";"Table française";"Skyrim - Interface.bsa : strings\hearthfires_french.strings";"Non jouable (drapeau)";"À vérifier"
"hearthfires.esm|003CDD";"Cuisine, sol";"Objet divers";"MISC";"HearthFires.esm";"003CDD";"HearthFires.esm";"BYOHHousePart173Room10AFloor";"Table française";"Skyrim - Interface.bsa : strings\hearthfires_french.strings";"Non jouable (drapeau)";"À vérifier"
"hearthfires.esm|009538";"Cuisine, sol";"Objet divers";"MISC";"HearthFires.esm";"009538";"HearthFires.esm";"BYOHHousePart373Room10BFloor";"Table française";"Skyrim - Interface.bsa : strings\hearthfires_french.strings";"Non jouable (drapeau)";"À vérifier"
"hearthfires.esm|003CDE";"Cuisine, structure du toit";"Objet divers";"MISC";"HearthFires.esm";"003CDE";"HearthFires.esm";"BYOHHousePart175Room10ARoofFraming";"Table française";"Skyrim - Interface.bsa : strings\hearthfires_french.strings";"Non jouable (drapeau)";"À vérifier"
"hearthfires.esm|00953A";"Cuisine, structure du toit";"Objet divers";"MISC";"HearthFires.esm";"00953A";"HearthFires.esm";"BYOHHousePart375Room10BRoofFraming";"Table française";"Skyrim - Interface.bsa : strings\hearthfires_french.strings";"Non jouable (drapeau)";"À vérifier"
"hearthfires.esm|003CDC";"Cuisine, supports muraux";"Objet divers";"MISC";"HearthFires.esm";"003CDC";"HearthFires.esm";"BYOHHousePart172Room10AWallFraming";"Table française";"Skyrim - Interface.bsa : strings\hearthfires_french.strings";"Non jouable (drapeau)";"À vérifier"
"hearthfires.esm|009537";"Cuisine, supports muraux";"Objet divers";"MISC";"HearthFires.esm";"009537";"HearthFires.esm";"BYOHHousePart372Room10BWallFraming";"Table française";"Skyrim - Interface.bsa : strings\hearthfires_french.strings";"Non jouable (drapeau)";"À vérifier"
"hearthfires.esm|003CE0";"Cuisine, toit";"Objet divers";"MISC";"HearthFires.esm";"003CE0";"HearthFires.esm";"BYOHHousePart176Room10ARoof";"Table française";"Skyrim - Interface.bsa : strings\hearthfires_french.strings";"Non jouable (drapeau)";"À vérifier"
"hearthfires.esm|00953B";"Cuisine, toit";"Objet divers";"MISC";"HearthFires.esm";"00953B";"HearthFires.esm";"BYOHHousePart376Room10BRoof";"Table française";"Skyrim - Interface.bsa : strings\hearthfires_french.strings";"Non jouable (drapeau)";"À vérifier"
"hearthfires.esm|00A340";"Draugr";"Objet divers";"MISC";"HearthFires.esm";"00A340";"HearthFires.esm";"BYOHHouseTrophyPart19Draugr";"Table française";"Skyrim - Interface.bsa : strings\hearthfires_french.strings";"Non jouable (drapeau)";"À vérifier"
"hearthfires.esm|015BE7";"Draugr";"Objet divers";"MISC";"HearthFires.esm";"015BE7";"HearthFires.esm";"BYOHHouseTrophyPart26DraugrMale";"Table française";"Skyrim - Interface.bsa : strings\hearthfires_french.strings";"Non jouable (drapeau)";"À vérifier"
"hearthfires.esm|0030F9";"Dummy Object";"Objet divers";"MISC";"HearthFires.esm";"0030F9";"HearthFires.esm";"BYOHHouseDummyObject001";"Table française";"Skyrim - Interface.bsa : strings\hearthfires_french.strings";"Non jouable (drapeau)";"À vérifier"
"hearthfires.esm|0030FB";"Dummy Object";"Objet divers";"MISC";"HearthFires.esm";"0030FB";"HearthFires.esm";"BYOHHouseDummyObject002";"Table française";"Skyrim - Interface.bsa : strings\hearthfires_french.strings";"Non jouable (drapeau)";"À vérifier"
"hearthfires.esm|0030FC";"Dummy Object";"Objet divers";"MISC";"HearthFires.esm";"0030FC";"HearthFires.esm";"BYOHHouseDummyObject003";"Table française";"Skyrim - Interface.bsa : strings\hearthfires_french.strings";"Non jouable (drapeau)";"À vérifier"
"hearthfires.esm|0030FD";"Dummy Object";"Objet divers";"MISC";"HearthFires.esm";"0030FD";"HearthFires.esm";"BYOHHouseDummyObject004";"Table française";"Skyrim - Interface.bsa : strings\hearthfires_french.strings";"Non jouable (drapeau)";"À vérifier"
"hearthfires.esm|0030FE";"Dummy Object";"Objet divers";"MISC";"HearthFires.esm";"0030FE";"HearthFires.esm";"BYOHHouseDummyObject005";"Table française";"Skyrim - Interface.bsa : strings\hearthfires_french.strings";"Non jouable (drapeau)";"À vérifier"
"hearthfires.esm|0071DC";"Écurie";"Objet divers";"MISC";"HearthFires.esm";"0071DC";"HearthFires.esm";"BYOHHouseExteriorPart01Stable";"Table française";"Skyrim - Interface.bsa : strings\hearthfires_french.strings";"Non jouable (drapeau)";"À vérifier"
"hearthfires.esm|0071DE";"Enclos pour animaux";"Objet divers";"MISC";"HearthFires.esm";"0071DE";"HearthFires.esm";"BYOHHouseExteriorPart03AnimalPen";"Table française";"Skyrim - Interface.bsa : strings\hearthfires_french.strings";"Non jouable (drapeau)";"À vérifier"
"hearthfires.esm|005A24";"Enclume de forgeron";"Objet divers";"MISC";"HearthFires.esm";"005A24";"HearthFires.esm";"BYOHHouseInteriorPart017Anvil01";"Table française";"Skyrim - Interface.bsa : strings\hearthfires_french.strings";"Non jouable (drapeau)";"À vérifier"
"hearthfires.esm|00312B";"Entrée - établi";"Objet divers";"MISC";"HearthFires.esm";"00312B";"HearthFires.esm";"BYOHHousePart034Room1WorkbenchB";"Table française";"Skyrim - Interface.bsa : strings\hearthfires_french.strings";"Non jouable (drapeau)";"À vérifier"
"hearthfires.esm|00312C";"Entrée - retirer l'établi";"Objet divers";"MISC";"HearthFires.esm";"00312C";"HearthFires.esm";"BYOHHousePart035Room1WorkbenchDisable";"Table française";"Skyrim - Interface.bsa : strings\hearthfires_french.strings";"Non jouable (drapeau)";"À vérifier"
"hearthfires.esm|00C1E1";"Établi d'armurier";"Objet divers";"MISC";"HearthFires.esm";"00C1E1";"HearthFires.esm";"BYOHHouseExteriorPart05ArmorWorkbench";"Table française";"Skyrim - Interface.bsa : strings\hearthfires_french.strings";"Non jouable (drapeau)";"À vérifier"
"hearthfires.esm|00CD46";"Établi d'armurier";"Objet divers";"MISC";"HearthFires.esm";"00CD46";"HearthFires.esm";"BYOHHouseInteriorPart152ArmorWorkbench01";"Table française";"Skyrim - Interface.bsa : strings\hearthfires_french.strings";"Non jouable (drapeau)";"À vérifier"
"hearthfires.esm|005A2A";"Étagère d'angle";"Objet divers";"MISC";"HearthFires.esm";"005A2A";"HearthFires.esm";"BYOHHouseInteriorPart023ShelfCorner01";"Table française";"Skyrim - Interface.bsa : strings\hearthfires_french.strings";"Non jouable (drapeau)";"À vérifier"
"hearthfires.esm|005A34";"Étagère d'angle";"Objet divers";"MISC";"HearthFires.esm";"005A34";"HearthFires.esm";"BYOHHouseInteriorPart035ShelfCorner02";"Table française";"Skyrim - Interface.bsa : strings\hearthfires_french.strings";"Non jouable (drapeau)";"À vérifier"
"hearthfires.esm|00B690";"Étagère murale";"Objet divers";"MISC";"HearthFires.esm";"00B690";"HearthFires.esm";"BYOHHouseInteriorPart124WallShelf01";"Table française";"Skyrim - Interface.bsa : strings\hearthfires_french.strings";"Non jouable (drapeau)";"À vérifier"
"hearthfires.esm|005A14";"Étagères murales (2)";"Objet divers";"MISC";"HearthFires.esm";"005A14";"HearthFires.esm";"BYOHHouseInteriorPart003WallShelvesx2_01";"Table française";"Skyrim - Interface.bsa : strings\hearthfires_french.strings";"Non jouable (drapeau)";"À vérifier"
"hearthfires.esm|005A28";"Étagères murales (2)";"Objet divers";"MISC";"HearthFires.esm";"005A28";"HearthFires.esm";"BYOHHouseInteriorPart021WallShelvesx2_02";"Table française";"Skyrim - Interface.bsa : strings\hearthfires_french.strings";"Non jouable (drapeau)";"À vérifier"
"hearthfires.esm|00C20B";"Étagères murales (2)";"Objet divers";"MISC";"HearthFires.esm";"00C20B";"HearthFires.esm";"BYOHHouseInteriorPart135WallShelvesx2_03";"Table française";"Skyrim - Interface.bsa : strings\hearthfires_french.strings";"Non jouable (drapeau)";"À vérifier"
"hearthfires.esm|00C20C";"Étagères murales (2)";"Objet divers";"MISC";"HearthFires.esm";"00C20C";"HearthFires.esm";"BYOHHouseInteriorPart136WallShelvesx2_04";"Table française";"Skyrim - Interface.bsa : strings\hearthfires_french.strings";"Non jouable (drapeau)";"À vérifier"
"hearthfires.esm|005A35";"Étagères murales (3)";"Objet divers";"MISC";"HearthFires.esm";"005A35";"HearthFires.esm";"BYOHHouseInteriorPart038WallShelvesx3";"Table française";"Skyrim - Interface.bsa : strings\hearthfires_french.strings";"Non jouable (drapeau)";"À vérifier"
"hearthfires.esm|005A29";"Étagères murales (4)";"Objet divers";"MISC";"HearthFires.esm";"005A29";"HearthFires.esm";"BYOHHouseInteriorPart022WallShelvesx4_01";"Table française";"Skyrim - Interface.bsa : strings\hearthfires_french.strings";"Non jouable (drapeau)";"À vérifier"
"hearthfires.esm|005A3D";"Étagères murales (4)";"Objet divers";"MISC";"HearthFires.esm";"005A3D";"HearthFires.esm";"BYOHHouseInteriorPart047WallShelvesx4_02";"Table française";"Skyrim - Interface.bsa : strings\hearthfires_french.strings";"Non jouable (drapeau)";"À vérifier"
"hearthfires.esm|00A323";"Falmer";"Objet divers";"MISC";"HearthFires.esm";"00A323";"HearthFires.esm";"BYOHHouseTrophyPart03Falmer";"Table française";"Skyrim - Interface.bsa : strings\hearthfires_french.strings";"Non jouable (drapeau)";"À vérifier"
"hearthfires.esm|015BE8";"Falmer";"Objet divers";"MISC";"HearthFires.esm";"015BE8";"HearthFires.esm";"BYOHHouseTrophyPart27FalmerCrouch";"Table française";"Skyrim - Interface.bsa : strings\hearthfires_french.strings";"Non jouable (drapeau)";"À vérifier"
"hearthfires.esm|007884";"Fonderie";"Objet divers";"MISC";"HearthFires.esm";"007884";"HearthFires.esm";"BYOHHouseExteriorPart04Smelter";"Table française";"Skyrim - Interface.bsa : strings\hearthfires_french.strings";"Non jouable (drapeau)";"À vérifier"
"hearthfires.esm|00F396";"Fonderie";"Objet divers";"MISC";"HearthFires.esm";"00F396";"HearthFires.esm";"BYOHHouseInteriorPart179Smelter01";"Table française";"Skyrim - Interface.bsa : strings\hearthfires_french.strings";"Non jouable (drapeau)";"À vérifier"
"hearthfires.esm|00F397";"Forge";"Objet divers";"MISC";"HearthFires.esm";"00F397";"HearthFires.esm";"BYOHHouseInteriorPart180Forge01";"Table française";"Skyrim - Interface.bsa : strings\hearthfires_french.strings";"Non jouable (drapeau)";"À vérifier"
"hearthfires.esm|00F370";"Four";"Objet divers";"MISC";"HearthFires.esm";"00F370";"HearthFires.esm";"BYOHHouseInteriorPart171Oven";"Table française";"Skyrim - Interface.bsa : strings\hearthfires_french.strings";"Non jouable (drapeau)";"À vérifier"
"hearthfires.esm|0030DD";"Foyer";"Objet divers";"MISC";"HearthFires.esm";"0030DD";"HearthFires.esm";"BYOHHouseInteriorPart001Fireplace";"Table française";"Skyrim - Interface.bsa : strings\hearthfires_french.strings";"Non jouable (drapeau)";"À vérifier"
"hearthfires.esm|00F39D";"Fûts d'hydromel (2)";"Objet divers";"MISC";"HearthFires.esm";"00F39D";"HearthFires.esm";"BYOHHouseInteriorPart184MeadBarrelsx2_01";"Table française";"Skyrim - Interface.bsa : strings\hearthfires_french.strings";"Non jouable (drapeau)";"À vérifier"
"hearthfires.esm|000B38";"Genièvres (4)";"Objet divers";"MISC";"HearthFires.esm";"000B38";"HearthFires.esm";"BYOHHouseIngredientJuniperBerries";"Table française";"Skyrim - Interface.bsa : strings\hearthfires_french.strings";"Non jouable (drapeau)";"À vérifier"
"hearthfires.esm|000B46";"Givreboises (4)";"Objet divers";"MISC";"HearthFires.esm";"000B46";"HearthFires.esm";"BYOHHouseIngredientSnowberry";"Table française";"Skyrim - Interface.bsa : strings\hearthfires_french.strings";"Non jouable (drapeau)";"À vérifier"
"hearthfires.esm|00A341";"Givrépeire";"Objet divers";"MISC";"HearthFires.esm";"00A341";"HearthFires.esm";"BYOHHouseTrophyPart20FrostbiteSpider";"Table française";"Skyrim - Interface.bsa : strings\hearthfires_french.strings";"Non jouable (drapeau)";"À vérifier"
"hearthfires.esm|000B2C";"Gourdes (3)";"Objet divers";"MISC";"HearthFires.esm";"000B2C";"HearthFires.esm";"BYOHHouseFoodGourd";"Table française";"Skyrim - Interface.bsa : strings\hearthfires_french.strings";"Non jouable (drapeau)";"À vérifier"
"hearthfires.esm|00DD78";"Grand cache-pot";"Objet divers";"MISC";"HearthFires.esm";"00DD78";"HearthFires.esm";"BYOHHouseInteriorPart166PlanterLarge01";"Table française";"Skyrim - Interface.bsa : strings\hearthfires_french.strings";"Non jouable (drapeau)";"À vérifier"
"hearthfires.esm|00DD79";"Grand cache-pot";"Objet divers";"MISC";"HearthFires.esm";"00DD79";"HearthFires.esm";"BYOHHouseInteriorPart167PlanterLarge02";"Table française";"Skyrim - Interface.bsa : strings\hearthfires_french.strings";"Non jouable (drapeau)";"À vérifier"
"hearthfires.esm|00DD7A";"Grand cache-pot";"Objet divers";"MISC";"HearthFires.esm";"00DD7A";"HearthFires.esm";"BYOHHouseInteriorPart168PlanterLarge03";"Table française";"Skyrim - Interface.bsa : strings\hearthfires_french.strings";"Non jouable (drapeau)";"À vérifier"
"hearthfires.esm|005A31";"Grande armoire";"Objet divers";"MISC";"HearthFires.esm";"005A31";"HearthFires.esm";"BYOHHouseInteriorPart032WardrobeTall01";"Table française";"Skyrim - Interface.bsa : strings\hearthfires_french.strings";"Non jouable (drapeau)";"À vérifier"
"hearthfires.esm|005A40";"Grande armoire";"Objet divers";"MISC";"HearthFires.esm";"005A40";"HearthFires.esm";"BYOHHouseInteriorPart050WardrobeTall02";"Table française";"Skyrim - Interface.bsa : strings\hearthfires_french.strings";"Non jouable (drapeau)";"À vérifier"
"hearthfires.esm|005A43";"Grande armoire";"Objet divers";"MISC";"HearthFires.esm";"005A43";"HearthFires.esm";"BYOHHouseInteriorPart053WardrobeTall03";"Table française";"Skyrim - Interface.bsa : strings\hearthfires_french.strings";"Non jouable (drapeau)";"À vérifier"
"hearthfires.esm|000A0E";"Grande bibliothèque";"Objet divers";"MISC";"HearthFires.esm";"000A0E";"HearthFires.esm";"BYOHHouseInteriorPart203BookshelfTall06";"Table française";"Skyrim - Interface.bsa : strings\hearthfires_french.strings";"Non jouable (drapeau)";"À vérifier"
"hearthfires.esm|00B4D1";"Grande bibliothèque";"Objet divers";"MISC";"HearthFires.esm";"00B4D1";"HearthFires.esm";"BYOHHouseInteriorPart113BookshelfTall01";"Table française";"Skyrim - Interface.bsa : strings\hearthfires_french.strings";"Non jouable (drapeau)";"À vérifier"
"hearthfires.esm|00B4D2";"Grande bibliothèque";"Objet divers";"MISC";"HearthFires.esm";"00B4D2";"HearthFires.esm";"BYOHHouseInteriorPart114BookshelfTall02";"Table française";"Skyrim - Interface.bsa : strings\hearthfires_french.strings";"Non jouable (drapeau)";"À vérifier"
"hearthfires.esm|00B4D3";"Grande bibliothèque";"Objet divers";"MISC";"HearthFires.esm";"00B4D3";"HearthFires.esm";"BYOHHouseInteriorPart115BookshelfTall03";"Table française";"Skyrim - Interface.bsa : strings\hearthfires_french.strings";"Non jouable (drapeau)";"À vérifier"
"hearthfires.esm|00B4D4";"Grande bibliothèque";"Objet divers";"MISC";"HearthFires.esm";"00B4D4";"HearthFires.esm";"BYOHHouseInteriorPart116BookshelfTall04";"Table française";"Skyrim - Interface.bsa : strings\hearthfires_french.strings";"Non jouable (drapeau)";"À vérifier"
"hearthfires.esm|00B4D5";"Grande bibliothèque";"Objet divers";"MISC";"HearthFires.esm";"00B4D5";"HearthFires.esm";"BYOHHouseInteriorPart117BookshelfTall05";"Table française";"Skyrim - Interface.bsa : strings\hearthfires_french.strings";"Non jouable (drapeau)";"À vérifier"
"hearthfires.esm|005A1E";"Grande étagère";"Objet divers";"MISC";"HearthFires.esm";"005A1E";"HearthFires.esm";"BYOHHouseInteriorPart013ShelfTall01";"Table française";"Skyrim - Interface.bsa : strings\hearthfires_french.strings";"Non jouable (drapeau)";"À vérifier"
"hearthfires.esm|005A1F";"Grande étagère";"Objet divers";"MISC";"HearthFires.esm";"005A1F";"HearthFires.esm";"BYOHHouseInteriorPart026ShelfTall02";"Table française";"Skyrim - Interface.bsa : strings\hearthfires_french.strings";"Non jouable (drapeau)";"À vérifier"
"hearthfires.esm|005A2D";"Grande étagère";"Objet divers";"MISC";"HearthFires.esm";"005A2D";"HearthFires.esm";"BYOHHouseInteriorPart027DisplayCase01";"Table française";"Skyrim - Interface.bsa : strings\hearthfires_french.strings";"Non jouable (drapeau)";"À vérifier"
"hearthfires.esm|005A46";"Grande étagère";"Objet divers";"MISC";"HearthFires.esm";"005A46";"HearthFires.esm";"BYOHHouseInteriorPart056ShelfTall05";"Table française";"Skyrim - Interface.bsa : strings\hearthfires_french.strings";"Non jouable (drapeau)";"À vérifier"
"hearthfires.esm|005A20";"Grande étagère avec vitrine";"Objet divers";"MISC";"HearthFires.esm";"005A20";"HearthFires.esm";"BYOHHouseInteriorPart043ShelfTallDisplayCase01";"Table française";"Skyrim - Interface.bsa : strings\hearthfires_french.strings";"Non jouable (drapeau)";"À vérifier"
"hearthfires.esm|00C1EC";"Grande table avec coffre";"Objet divers";"MISC";"HearthFires.esm";"00C1EC";"HearthFires.esm";"BYOHHouseInteriorPart130TableWithChest01";"Table française";"Skyrim - Interface.bsa : strings\hearthfires_french.strings";"Non jouable (drapeau)";"À vérifier"
"hearthfires.esm|000B32";"Grelots-de-la-mort (3)";"Objet divers";"MISC";"HearthFires.esm";"000B32";"HearthFires.esm";"BYOHHouseIngredientDeathbell";"Table française";"Skyrim - Interface.bsa : strings\hearthfires_french.strings";"Non jouable (drapeau)";"À vérifier"
"hearthfires.esm|005A3A";"Guéridon";"Objet divers";"MISC";"HearthFires.esm";"005A3A";"HearthFires.esm";"BYOHHouseInteriorPart044TableEnd01";"Table française";"Skyrim - Interface.bsa : strings\hearthfires_french.strings";"Non jouable (drapeau)";"À vérifier"
"hearthfires.esm|00C20D";"Guéridon";"Objet divers";"MISC";"HearthFires.esm";"00C20D";"HearthFires.esm";"BYOHHouseInteriorPart137TableEnd02";"Table française";"Skyrim - Interface.bsa : strings\hearthfires_french.strings";"Non jouable (drapeau)";"À vérifier"
"hearthfires.esm|005A42";"Guéridons (2)";"Objet divers";"MISC";"HearthFires.esm";"005A42";"HearthFires.esm";"BYOHHouseInteriorPart052TableEndx2_01";"Table française";"Skyrim - Interface.bsa : strings\hearthfires_french.strings";"Non jouable (drapeau)";"À vérifier"
"hearthfires.esm|00A324";"Harfreuse";"Objet divers";"MISC";"HearthFires.esm";"00A324";"HearthFires.esm";"BYOHHouseTrophyPart04Hagraven";"Table française";"Skyrim - Interface.bsa : strings\hearthfires_french.strings";"Non jouable (drapeau)";"À vérifier"
"hearthfires.esm|00A326";"Horqueur";"Objet divers";"MISC";"HearthFires.esm";"00A326";"HearthFires.esm";"BYOHHouseTrophyPart05Horker";"Table française";"Skyrim - Interface.bsa : strings\hearthfires_french.strings";"Non jouable (drapeau)";"À vérifier"
"hearthfires.esm|00F39C";"Hydromel nordique (5)";"Objet divers";"MISC";"HearthFires.esm";"00F39C";"HearthFires.esm";"BYOHHouseMead";"Table française";"Skyrim - Interface.bsa : strings\hearthfires_french.strings";"Non jouable (drapeau)";"À vérifier"
"hearthfires.esm|0071DD";"Jardin";"Objet divers";"MISC";"HearthFires.esm";"0071DD";"HearthFires.esm";"BYOHHouseExteriorPart02Garden";"Table française";"Skyrim - Interface.bsa : strings\hearthfires_french.strings";"Non jouable (drapeau)";"À vérifier"
"hearthfires.esm|005A1A";"Laboratoire alchimique";"Objet divers";"MISC";"HearthFires.esm";"005A1A";"HearthFires.esm";"BYOHHouseInteriorPart009AlchemyTable01";"Table française";"Skyrim - Interface.bsa : strings\hearthfires_french.strings";"Non jouable (drapeau)";"À vérifier"
"hearthfires.esm|0068F2";"Laboratoire alchimique, auvent";"Objet divers";"MISC";"HearthFires.esm";"0068F2";"HearthFires.esm";"BYOHHousePart231Room8ACanopy";"Table française";"Skyrim - Interface.bsa : strings\hearthfires_french.strings";"Non jouable (drapeau)";"À vérifier"
"hearthfires.esm|009546";"Laboratoire alchimique, auvent";"Objet divers";"MISC";"HearthFires.esm";"009546";"HearthFires.esm";"BYOHHousePart391Room8BCanopy";"Table française";"Skyrim - Interface.bsa : strings\hearthfires_french.strings";"Non jouable (drapeau)";"À vérifier"
"hearthfires.esm|003AE4";"Laboratoire d'alchimie - établi";"Objet divers";"MISC";"HearthFires.esm";"003AE4";"HearthFires.esm";"BYOHHousePart210Room8Workbench";"Table française";"Skyrim - Interface.bsa : strings\hearthfires_french.strings";"Non jouable (drapeau)";"À vérifier"
"hearthfires.esm|003AE5";"Laboratoire d'alchimie - retirer l'établi";"Objet divers";"MISC";"HearthFires.esm";"003AE5";"HearthFires.esm";"BYOHHousePart211Room8WorkbenchDisable";"Table française";"Skyrim - Interface.bsa : strings\hearthfires_french.strings";"Non jouable (drapeau)";"À vérifier"
"hearthfires.esm|003752";"Laboratoire d'alchimie, fondations";"Objet divers";"MISC";"HearthFires.esm";"003752";"HearthFires.esm";"BYOHHousePart151Room8AFoundation";"Table française";"Skyrim - Interface.bsa : strings\hearthfires_french.strings";"Non jouable (drapeau)";"À vérifier"
"hearthfires.esm|009529";"Laboratoire d'alchimie, fondations";"Objet divers";"MISC";"HearthFires.esm";"009529";"HearthFires.esm";"BYOHHousePart351Room8BFoundation";"Table française";"Skyrim - Interface.bsa : strings\hearthfires_french.strings";"Non jouable (drapeau)";"À vérifier"
"hearthfires.esm|003753";"Laboratoire d'alchimie, murs de l'étage";"Objet divers";"MISC";"HearthFires.esm";"003753";"HearthFires.esm";"BYOHHousePart156Room8AWalls2";"Table française";"Skyrim - Interface.bsa : strings\hearthfires_french.strings";"Non jouable (drapeau)";"À vérifier"
"hearthfires.esm|00952E";"Laboratoire d'alchimie, murs de l'étage";"Objet divers";"MISC";"HearthFires.esm";"00952E";"HearthFires.esm";"BYOHHousePart356Room8BWalls2";"Table française";"Skyrim - Interface.bsa : strings\hearthfires_french.strings";"Non jouable (drapeau)";"À vérifier"
"hearthfires.esm|003755";"Laboratoire d'alchimie, murs du rez-de-chaussée";"Objet divers";"MISC";"HearthFires.esm";"003755";"HearthFires.esm";"BYOHHousePart155Room8AWalls1";"Table française";"Skyrim - Interface.bsa : strings\hearthfires_french.strings";"Non jouable (drapeau)";"À vérifier"
"hearthfires.esm|00952D";"Laboratoire d'alchimie, murs du rez-de-chaussée";"Objet divers";"MISC";"HearthFires.esm";"00952D";"HearthFires.esm";"BYOHHousePart355Room8BWalls1";"Table française";"Skyrim - Interface.bsa : strings\hearthfires_french.strings";"Non jouable (drapeau)";"À vérifier"
"hearthfires.esm|0031CF";"Laboratoire d'alchimie, portes";"Objet divers";"MISC";"HearthFires.esm";"0031CF";"HearthFires.esm";"BYOHHousePart150Room8ADoor";"Table française";"Skyrim - Interface.bsa : strings\hearthfires_french.strings";"Non jouable (drapeau)";"À vérifier"
"hearthfires.esm|009528";"Laboratoire d'alchimie, portes";"Objet divers";"MISC";"HearthFires.esm";"009528";"HearthFires.esm";"BYOHHousePart350Room8BDoor";"Table française";"Skyrim - Interface.bsa : strings\hearthfires_french.strings";"Non jouable (drapeau)";"À vérifier"
"hearthfires.esm|003751";"Laboratoire d'alchimie, sol";"Objet divers";"MISC";"HearthFires.esm";"003751";"HearthFires.esm";"BYOHHousePart152Room8AFloor";"Table française";"Skyrim - Interface.bsa : strings\hearthfires_french.strings";"Non jouable (drapeau)";"À vérifier"
"hearthfires.esm|00952A";"Laboratoire d'alchimie, sol";"Objet divers";"MISC";"HearthFires.esm";"00952A";"HearthFires.esm";"BYOHHousePart352Room8BFloor";"Table française";"Skyrim - Interface.bsa : strings\hearthfires_french.strings";"Non jouable (drapeau)";"À vérifier"
"hearthfires.esm|00373C";"Laboratoire d'alchimie, supports de l'étage";"Objet divers";"MISC";"HearthFires.esm";"00373C";"HearthFires.esm";"BYOHHousePart154Room8AWallFraming2";"Table française";"Skyrim - Interface.bsa : strings\hearthfires_french.strings";"Non jouable (drapeau)";"À vérifier"
"hearthfires.esm|00952C";"Laboratoire d'alchimie, supports de l'étage";"Objet divers";"MISC";"HearthFires.esm";"00952C";"HearthFires.esm";"BYOHHousePart354Room8BWallFraming2";"Table française";"Skyrim - Interface.bsa : strings\hearthfires_french.strings";"Non jouable (drapeau)";"À vérifier"
"hearthfires.esm|003750";"Laboratoire d'alchimie, supports principaux";"Objet divers";"MISC";"HearthFires.esm";"003750";"HearthFires.esm";"BYOHHousePart153Room8AWallFraming1";"Table française";"Skyrim - Interface.bsa : strings\hearthfires_french.strings";"Non jouable (drapeau)";"À vérifier"
"hearthfires.esm|00952B";"Laboratoire d'alchimie, supports principaux";"Objet divers";"MISC";"HearthFires.esm";"00952B";"HearthFires.esm";"BYOHHousePart353Room8BWallFraming1";"Table française";"Skyrim - Interface.bsa : strings\hearthfires_french.strings";"Non jouable (drapeau)";"À vérifier"
"hearthfires.esm|003754";"Laboratoire d'alchimie, toit";"Objet divers";"MISC";"HearthFires.esm";"003754";"HearthFires.esm";"BYOHHousePart157Room8ARoof";"Table française";"Skyrim - Interface.bsa : strings\hearthfires_french.strings";"Non jouable (drapeau)";"À vérifier"
"hearthfires.esm|00952F";"Laboratoire d'alchimie, toit";"Objet divers";"MISC";"HearthFires.esm";"00952F";"HearthFires.esm";"BYOHHousePart357Room8BRoof";"Table française";"Skyrim - Interface.bsa : strings\hearthfires_french.strings";"Non jouable (drapeau)";"À vérifier"
"hearthfires.esm|000B33";"Langues de dragon (4)";"Objet divers";"MISC";"HearthFires.esm";"000B33";"HearthFires.esm";"BYOHHouseIngredientDragonsTongue";"Table française";"Skyrim - Interface.bsa : strings\hearthfires_french.strings";"Non jouable (drapeau)";"À vérifier"
"hearthfires.esm|005A1B";"Lavabo sur pied";"Objet divers";"MISC";"HearthFires.esm";"005A1B";"HearthFires.esm";"BYOHHouseInteriorPart010Washbasin01";"Table française";"Skyrim - Interface.bsa : strings\hearthfires_french.strings";"Non jouable (drapeau)";"À vérifier"
"hearthfires.esm|008A9F";"Lavabo sur pied";"Objet divers";"MISC";"HearthFires.esm";"008A9F";"HearthFires.esm";"BYOHHouseInteriorPart085WashbasinExterior01";"Table française";"Skyrim - Interface.bsa : strings\hearthfires_french.strings";"Non jouable (drapeau)";"À vérifier"
"hearthfires.esm|000B39";"Lavande (3)";"Objet divers";"MISC";"HearthFires.esm";"000B39";"HearthFires.esm";"BYOHHouseIngredientLavender";"Table française";"Skyrim - Interface.bsa : strings\hearthfires_french.strings";"Non jouable (drapeau)";"À vérifier"
"hearthfires.esm|000B35";"Lichen géant (4)";"Objet divers";"MISC";"HearthFires.esm";"000B35";"HearthFires.esm";"BYOHHouseIngredientGiantLichen";"Table française";"Skyrim - Interface.bsa : strings\hearthfires_french.strings";"Non jouable (drapeau)";"À vérifier"
"hearthfires.esm|000813";"Lit d'enfant";"Objet divers";"MISC";"HearthFires.esm";"000813";"HearthFires.esm";"BYOHHouseInteriorPart198BedChild02";"Table française";"Skyrim - Interface.bsa : strings\hearthfires_french.strings";"Non jouable (drapeau)";"À vérifier"
"hearthfires.esm|000814";"Lit d'enfant";"Objet divers";"MISC";"HearthFires.esm";"000814";"HearthFires.esm";"BYOHHouseInteriorPart197BedChild01";"Table française";"Skyrim - Interface.bsa : strings\hearthfires_french.strings";"Non jouable (drapeau)";"À vérifier"
"hearthfires.esm|005A3B";"Lit double";"Objet divers";"MISC";"HearthFires.esm";"005A3B";"HearthFires.esm";"BYOHHouseInteriorPart045BedDouble01";"Table française";"Skyrim - Interface.bsa : strings\hearthfires_french.strings";"Non jouable (drapeau)";"À vérifier"
"hearthfires.esm|0030EC";"Lit simple";"Objet divers";"MISC";"HearthFires.esm";"0030EC";"HearthFires.esm";"BYOHHouseInteriorPart036BedSingle01";"Table française";"Skyrim - Interface.bsa : strings\hearthfires_french.strings";"Non jouable (drapeau)";"À vérifier"
"hearthfires.esm|0030ED";"Lit simple";"Objet divers";"MISC";"HearthFires.esm";"0030ED";"HearthFires.esm";"BYOHHouseInteriorPart037BedSingle02";"Table française";"Skyrim - Interface.bsa : strings\hearthfires_french.strings";"Non jouable (drapeau)";"À vérifier"
"hearthfires.esm|00A342";"Loup";"Objet divers";"MISC";"HearthFires.esm";"00A342";"HearthFires.esm";"BYOHHouseTrophyPart21WolfRed";"Table française";"Skyrim - Interface.bsa : strings\hearthfires_french.strings";"Non jouable (drapeau)";"À vérifier"
"hearthfires.esm|00A343";"Loup des glaces";"Objet divers";"MISC";"HearthFires.esm";"00A343";"HearthFires.esm";"BYOHHouseTrophyPart22WolfIce";"Table française";"Skyrim - Interface.bsa : strings\hearthfires_french.strings";"Non jouable (drapeau)";"À vérifier"
"hearthfires.esm|000B3B";"Lys des cimes bleus (3)";"Objet divers";"MISC";"HearthFires.esm";"000B3B";"HearthFires.esm";"BYOHHouseIngredientMountainFlowerBlue";"Table française";"Skyrim - Interface.bsa : strings\hearthfires_french.strings";"Non jouable (drapeau)";"À vérifier"
"hearthfires.esm|000B3D";"Lys des cimes rouges (3)";"Objet divers";"MISC";"HearthFires.esm";"000B3D";"HearthFires.esm";"BYOHHouseIngredientMountainFlowerRed";"Table française";"Skyrim - Interface.bsa : strings\hearthfires_french.strings";"Non jouable (drapeau)";"À vérifier"
"hearthfires.esm|000B3C";"Lys des cimes violets (3)";"Objet divers";"MISC";"HearthFires.esm";"000B3C";"HearthFires.esm";"BYOHHouseIngredientMountainFlowerPurple";"Table française";"Skyrim - Interface.bsa : strings\hearthfires_french.strings";"Non jouable (drapeau)";"À vérifier"
"hearthfires.esm|0030DF";"Maison - établi";"Objet divers";"MISC";"HearthFires.esm";"0030DF";"HearthFires.esm";"BYOHHousePart030Room1Workbench";"Table française";"Skyrim - Interface.bsa : strings\hearthfires_french.strings";"Non jouable (drapeau)";"À vérifier"
"hearthfires.esm|003121";"Maison - retirer l'établi";"Objet divers";"MISC";"HearthFires.esm";"003121";"HearthFires.esm";"BYOHHousePart031Room1WorkbenchDisable";"Table française";"Skyrim - Interface.bsa : strings\hearthfires_french.strings";"Non jouable (drapeau)";"À vérifier"
"hearthfires.esm|003014";"Maison, fondations";"Objet divers";"MISC";"HearthFires.esm";"003014";"HearthFires.esm";"BYOHHousePart002Room1Foundation";"Table française";"Skyrim - Interface.bsa : strings\hearthfires_french.strings";"Non jouable (drapeau)";"À vérifier"
"hearthfires.esm|00307D";"Maison, murs";"Objet divers";"MISC";"HearthFires.esm";"00307D";"HearthFires.esm";"BYOHHousePart004Room1Walls";"Table française";"Skyrim - Interface.bsa : strings\hearthfires_french.strings";"Non jouable (drapeau)";"À vérifier"
"hearthfires.esm|003080";"Maison, porte";"Objet divers";"MISC";"HearthFires.esm";"003080";"HearthFires.esm";"BYOHHousePart008Room1Door";"Table française";"Skyrim - Interface.bsa : strings\hearthfires_french.strings";"Non jouable (drapeau)";"À vérifier"
"hearthfires.esm|00309F";"Maison, sol";"Objet divers";"MISC";"HearthFires.esm";"00309F";"HearthFires.esm";"BYOHHousePart007Room1Floor";"Table française";"Skyrim - Interface.bsa : strings\hearthfires_french.strings";"Non jouable (drapeau)";"À vérifier"
"hearthfires.esm|00307E";"Maison, structure du toit";"Objet divers";"MISC";"HearthFires.esm";"00307E";"HearthFires.esm";"BYOHHousePart005Room1RoofFraming";"Table française";"Skyrim - Interface.bsa : strings\hearthfires_french.strings";"Non jouable (drapeau)";"À vérifier"
"hearthfires.esm|00307C";"Maison, structure murale";"Objet divers";"MISC";"HearthFires.esm";"00307C";"HearthFires.esm";"BYOHHousePart003Room1WallFraming";"Table française";"Skyrim - Interface.bsa : strings\hearthfires_french.strings";"Non jouable (drapeau)";"À vérifier"
"hearthfires.esm|00307F";"Maison, toit";"Objet divers";"MISC";"HearthFires.esm";"00307F";"HearthFires.esm";"BYOHHousePart006Room1Roof";"Table française";"Skyrim - Interface.bsa : strings\hearthfires_french.strings";"Non jouable (drapeau)";"À vérifier"
"hearthfires.esm|00B693";"Mannequin pour armure";"Objet divers";"MISC";"HearthFires.esm";"00B693";"HearthFires.esm";"BYOHHouseInteriorPart125Mannequin01";"Table française";"Skyrim - Interface.bsa : strings\hearthfires_french.strings";"Non jouable (drapeau)";"À vérifier"
"hearthfires.esm|00CD3A";"Mannequin pour armure avec placard";"Objet divers";"MISC";"HearthFires.esm";"00CD3A";"HearthFires.esm";"BYOHHouseInteriorPart145MannequinWithCupboard01";"Table française";"Skyrim - Interface.bsa : strings\hearthfires_french.strings";"Non jouable (drapeau)";"À vérifier"
"hearthfires.esm|00CD3B";"Mannequin pour armure avec placard";"Objet divers";"MISC";"HearthFires.esm";"00CD3B";"HearthFires.esm";"BYOHHouseInteriorPart146MannequinWithCupboard02";"Table française";"Skyrim - Interface.bsa : strings\hearthfires_french.strings";"Non jouable (drapeau)";"À vérifier"
"hearthfires.esm|00CD3C";"Mannequin pour armure avec placard";"Objet divers";"MISC";"HearthFires.esm";"00CD3C";"HearthFires.esm";"BYOHHouseInteriorPart147MannequinWithCupboard03";"Table française";"Skyrim - Interface.bsa : strings\hearthfires_french.strings";"Non jouable (drapeau)";"À vérifier"
"hearthfires.esm|00CD3D";"Mannequin pour armure avec placard";"Objet divers";"MISC";"HearthFires.esm";"00CD3D";"HearthFires.esm";"BYOHHouseInteriorPart148MannequinWithCupboard04";"Table française";"Skyrim - Interface.bsa : strings\hearthfires_french.strings";"Non jouable (drapeau)";"À vérifier"
"hearthfires.esm|00CD3E";"Mannequin pour armure avec placard";"Objet divers";"MISC";"HearthFires.esm";"00CD3E";"HearthFires.esm";"BYOHHouseInteriorPart149MannequinWithCupboard05";"Table française";"Skyrim - Interface.bsa : strings\hearthfires_french.strings";"Non jouable (drapeau)";"À vérifier"
"hearthfires.esm|018088";"Mannequin pour enfant";"Objet divers";"MISC";"HearthFires.esm";"018088";"HearthFires.esm";"BYOHHouseInteriorPart196PracticeDummyChild01";"Table française";"Skyrim - Interface.bsa : strings\hearthfires_french.strings";"Non jouable (drapeau)";"À vérifier"
"hearthfires.esm|00C1E2";"Meule";"Objet divers";"MISC";"HearthFires.esm";"00C1E2";"HearthFires.esm";"BYOHHouseExteriorPart06Grindstone";"Table française";"Skyrim - Interface.bsa : strings\hearthfires_french.strings";"Non jouable (drapeau)";"À vérifier"
"hearthfires.esm|00CD45";"Meule";"Objet divers";"MISC";"HearthFires.esm";"00CD45";"HearthFires.esm";"BYOHHouseInteriorPart151Grindstone01";"Table française";"Skyrim - Interface.bsa : strings\hearthfires_french.strings";"Non jouable (drapeau)";"À vérifier"
"hearthfires.esm|000B3A";"Mora Tapinella (3)";"Objet divers";"MISC";"HearthFires.esm";"000B3A";"HearthFires.esm";"BYOHHouseIngredientMoraTapinella";"Table française";"Skyrim - Interface.bsa : strings\hearthfires_french.strings";"Non jouable (drapeau)";"À vérifier"
"hearthfires.esm|000B34";"Mycènes des marais (3)";"Objet divers";"MISC";"HearthFires.esm";"000B34";"HearthFires.esm";"BYOHHouseIngredientFungalPod";"Table française";"Skyrim - Interface.bsa : strings\hearthfires_french.strings";"Non jouable (drapeau)";"À vérifier"
"hearthfires.esm|000B44";"Obscurcines (3)";"Objet divers";"MISC";"HearthFires.esm";"000B44";"HearthFires.esm";"BYOHHouseIngredientNightshade";"Table française";"Skyrim - Interface.bsa : strings\hearthfires_french.strings";"Non jouable (drapeau)";"À vérifier"
"hearthfires.esm|00A31F";"Ours";"Objet divers";"MISC";"HearthFires.esm";"00A31F";"HearthFires.esm";"BYOHHouseTrophyPart01Bear";"Table française";"Skyrim - Interface.bsa : strings\hearthfires_french.strings";"Non jouable (drapeau)";"À vérifier"
"hearthfires.esm|00A33A";"Ours des neiges";"Objet divers";"MISC";"HearthFires.esm";"00A33A";"HearthFires.esm";"BYOHHouseTrophyPart13BearSnow";"Table française";"Skyrim - Interface.bsa : strings\hearthfires_french.strings";"Non jouable (drapeau)";"À vérifier"
"dragonborn.esm|03CF16";"Petit bois";"Objet divers";"MISC";"Dragonborn.esm";"03CF16";"Dragonborn.esm";"DLC2InvFirewood01";"Table française";"Skyrim - Interface.bsa : strings\dragonborn_french.strings";"Non jouable (drapeau)";"À vérifier"
"hearthfires.esm|00DD69";"Petit cache-pot avec placard";"Objet divers";"MISC";"HearthFires.esm";"00DD69";"HearthFires.esm";"BYOHHouseInteriorPart160PlanterSmallWithCupboard01";"Table française";"Skyrim - Interface.bsa : strings\hearthfires_french.strings";"Non jouable (drapeau)";"À vérifier"
"hearthfires.esm|00DD6A";"Petit cache-pot avec placard";"Objet divers";"MISC";"HearthFires.esm";"00DD6A";"HearthFires.esm";"BYOHHouseInteriorPart161PlanterSmallWithCupboard02";"Table française";"Skyrim - Interface.bsa : strings\hearthfires_french.strings";"Non jouable (drapeau)";"À vérifier"
"hearthfires.esm|00DD6B";"Petit cache-pot avec placard";"Objet divers";"MISC";"HearthFires.esm";"00DD6B";"HearthFires.esm";"BYOHHouseInteriorPart162PlanterSmallWithCupboard03";"Table française";"Skyrim - Interface.bsa : strings\hearthfires_french.strings";"Non jouable (drapeau)";"À vérifier"
"hearthfires.esm|00DD6C";"Petit cache-pot avec placard";"Objet divers";"MISC";"HearthFires.esm";"00DD6C";"HearthFires.esm";"BYOHHouseInteriorPart163PlanterSmallWithCupboard04";"Table française";"Skyrim - Interface.bsa : strings\hearthfires_french.strings";"Non jouable (drapeau)";"À vérifier"
"hearthfires.esm|00DD6D";"Petit cache-pot avec placard";"Objet divers";"MISC";"HearthFires.esm";"00DD6D";"HearthFires.esm";"BYOHHouseInteriorPart164PlanterSmallWithCupboard05";"Table française";"Skyrim - Interface.bsa : strings\hearthfires_french.strings";"Non jouable (drapeau)";"À vérifier"
"hearthfires.esm|00DD6E";"Petit cache-pot avec placard";"Objet divers";"MISC";"HearthFires.esm";"00DD6E";"HearthFires.esm";"BYOHHouseInteriorPart165PlanterSmallWithCupboard06";"Table française";"Skyrim - Interface.bsa : strings\hearthfires_french.strings";"Non jouable (drapeau)";"À vérifier"
"hearthfires.esm|00837F";"Petite étagère";"Objet divers";"MISC";"HearthFires.esm";"00837F";"HearthFires.esm";"BYOHHouseInteriorPart075ShelfSmall1";"Table française";"Skyrim - Interface.bsa : strings\hearthfires_french.strings";"Non jouable (drapeau)";"À vérifier"
"hearthfires.esm|000B45";"Pholiotes à écailles (5)";"Objet divers";"MISC";"HearthFires.esm";"000B45";"HearthFires.esm";"BYOHHouseIngredientScalyPholiotaBits";"Table française";"Skyrim - Interface.bsa : strings\hearthfires_french.strings";"Non jouable (drapeau)";"À vérifier"
"hearthfires.esm|0030B3";"Pièce principale";"Objet divers";"MISC";"HearthFires.esm";"0030B3";"HearthFires.esm";"BYOHHousePart010Room2LayoutA";"Table française";"Skyrim - Interface.bsa : strings\hearthfires_french.strings";"Non jouable (drapeau)";"À vérifier"
"hearthfires.esm|00F9B0";"Pièce principale";"Objet divers";"MISC";"HearthFires.esm";"00F9B0";"HearthFires.esm";"BYOHHousePart010Room2LayoutATOKEN";"Table française";"Skyrim - Interface.bsa : strings\hearthfires_french.strings";"Non jouable (drapeau)";"À vérifier"
"hearthfires.esm|0030E7";"Pièce principale - établis";"Objet divers";"MISC";"HearthFires.esm";"0030E7";"HearthFires.esm";"BYOHHousePart032Room2Workbench";"Table française";"Skyrim - Interface.bsa : strings\hearthfires_french.strings";"Non jouable (drapeau)";"À vérifier"
"hearthfires.esm|0030B4";"Pièce principale - pierre";"Objet divers";"MISC";"HearthFires.esm";"0030B4";"HearthFires.esm";"BYOHHousePart011Room2LayoutB";"Table française";"Skyrim - Interface.bsa : strings\hearthfires_french.strings";"Non jouable (drapeau)";"À vérifier"
"hearthfires.esm|00F9B1";"Pièce principale - pierre";"Objet divers";"MISC";"HearthFires.esm";"00F9B1";"HearthFires.esm";"BYOHHousePart011Room2LayoutBTOKEN";"Table française";"Skyrim - Interface.bsa : strings\hearthfires_french.strings";"Non jouable (drapeau)";"À vérifier"
"hearthfires.esm|003122";"Pièce principale - retirer les établis";"Objet divers";"MISC";"HearthFires.esm";"003122";"HearthFires.esm";"BYOHHousePart033Room2WorkbenchDisable";"Table française";"Skyrim - Interface.bsa : strings\hearthfires_french.strings";"Non jouable (drapeau)";"À vérifier"
"hearthfires.esm|0030B5";"Pièce principale - style C";"Objet divers";"MISC";"HearthFires.esm";"0030B5";"HearthFires.esm";"BYOHHousePart012Room2LayoutC";"Table française";"Skyrim - Interface.bsa : strings\hearthfires_french.strings";"Non jouable (drapeau)";"À vérifier"
"hearthfires.esm|00F9B2";"Pièce principale - style C";"Objet divers";"MISC";"HearthFires.esm";"00F9B2";"HearthFires.esm";"BYOHHousePart012Room2LayoutCTOKEN";"Table française";"Skyrim - Interface.bsa : strings\hearthfires_french.strings";"Non jouable (drapeau)";"À vérifier"
"hearthfires.esm|0030C1";"Pièce principale, fondations";"Objet divers";"MISC";"HearthFires.esm";"0030C1";"HearthFires.esm";"BYOHHousePart014Room2AFoundation";"Table française";"Skyrim - Interface.bsa : strings\hearthfires_french.strings";"Non jouable (drapeau)";"À vérifier"
"hearthfires.esm|003110";"Pièce principale, fondations";"Objet divers";"MISC";"HearthFires.esm";"003110";"HearthFires.esm";"BYOHHousePart041Room2BFoundation";"Table française";"Skyrim - Interface.bsa : strings\hearthfires_french.strings";"Non jouable (drapeau)";"À vérifier"
"hearthfires.esm|00319A";"Pièce principale, fondations";"Objet divers";"MISC";"HearthFires.esm";"00319A";"HearthFires.esm";"BYOHHousePart051Room2CFoundation";"Table française";"Skyrim - Interface.bsa : strings\hearthfires_french.strings";"Non jouable (drapeau)";"À vérifier"
"hearthfires.esm|0030C3";"Pièce principale, murs de l'étage";"Objet divers";"MISC";"HearthFires.esm";"0030C3";"HearthFires.esm";"BYOHHousePart018Room2AWalls2";"Table française";"Skyrim - Interface.bsa : strings\hearthfires_french.strings";"Non jouable (drapeau)";"À vérifier"
"hearthfires.esm|003114";"Pièce principale, murs de l'étage";"Objet divers";"MISC";"HearthFires.esm";"003114";"HearthFires.esm";"BYOHHousePart045Room2BWalls2";"Table française";"Skyrim - Interface.bsa : strings\hearthfires_french.strings";"Non jouable (drapeau)";"À vérifier"
"hearthfires.esm|00319E";"Pièce principale, murs de l'étage";"Objet divers";"MISC";"HearthFires.esm";"00319E";"HearthFires.esm";"BYOHHousePart055Room2CWalls2";"Table française";"Skyrim - Interface.bsa : strings\hearthfires_french.strings";"Non jouable (drapeau)";"À vérifier"
"hearthfires.esm|003113";"Pièce principale, murs du rez-de-chaussée";"Objet divers";"MISC";"HearthFires.esm";"003113";"HearthFires.esm";"BYOHHousePart044Room2BWalls1";"Table française";"Skyrim - Interface.bsa : strings\hearthfires_french.strings";"Non jouable (drapeau)";"À vérifier"
"hearthfires.esm|00319D";"Pièce principale, murs du rez-de-chaussée";"Objet divers";"MISC";"HearthFires.esm";"00319D";"HearthFires.esm";"BYOHHousePart054Room2CWalls1";"Table française";"Skyrim - Interface.bsa : strings\hearthfires_french.strings";"Non jouable (drapeau)";"À vérifier"
"hearthfires.esm|0031C5";"Pièce principale, murs du rez-de-chaussée";"Objet divers";"MISC";"HearthFires.esm";"0031C5";"HearthFires.esm";"BYOHHousePart017Room2AWalls1";"Table française";"Skyrim - Interface.bsa : strings\hearthfires_french.strings";"Non jouable (drapeau)";"À vérifier"
"hearthfires.esm|0030C4";"Pièce principale, porte";"Objet divers";"MISC";"HearthFires.esm";"0030C4";"HearthFires.esm";"BYOHHousePart013Room2ADoor";"Table française";"Skyrim - Interface.bsa : strings\hearthfires_french.strings";"Non jouable (drapeau)";"À vérifier"
"hearthfires.esm|00310F";"Pièce principale, porte";"Objet divers";"MISC";"HearthFires.esm";"00310F";"HearthFires.esm";"BYOHHousePart040Room2BDoor";"Table française";"Skyrim - Interface.bsa : strings\hearthfires_french.strings";"Non jouable (drapeau)";"À vérifier"
"hearthfires.esm|003199";"Pièce principale, porte";"Objet divers";"MISC";"HearthFires.esm";"003199";"HearthFires.esm";"BYOHHousePart050Room2CDoor";"Table française";"Skyrim - Interface.bsa : strings\hearthfires_french.strings";"Non jouable (drapeau)";"À vérifier"
"hearthfires.esm|0030C6";"Pièce principale, sol";"Objet divers";"MISC";"HearthFires.esm";"0030C6";"HearthFires.esm";"BYOHHousePart021Room2AFloor";"Table française";"Skyrim - Interface.bsa : strings\hearthfires_french.strings";"Non jouable (drapeau)";"À vérifier"
"hearthfires.esm|003117";"Pièce principale, sol";"Objet divers";"MISC";"HearthFires.esm";"003117";"HearthFires.esm";"BYOHHousePart048Room2BFloor";"Table française";"Skyrim - Interface.bsa : strings\hearthfires_french.strings";"Non jouable (drapeau)";"À vérifier"
"hearthfires.esm|0031A1";"Pièce principale, sol";"Objet divers";"MISC";"HearthFires.esm";"0031A1";"HearthFires.esm";"BYOHHousePart058Room2CFloor";"Table française";"Skyrim - Interface.bsa : strings\hearthfires_french.strings";"Non jouable (drapeau)";"À vérifier"
"hearthfires.esm|0030C7";"Pièce principale, structure du toit";"Objet divers";"MISC";"HearthFires.esm";"0030C7";"HearthFires.esm";"BYOHHousePart019Room2ARoofFraming";"Table française";"Skyrim - Interface.bsa : strings\hearthfires_french.strings";"Non jouable (drapeau)";"À vérifier"
"hearthfires.esm|003115";"Pièce principale, structure du toit";"Objet divers";"MISC";"HearthFires.esm";"003115";"HearthFires.esm";"BYOHHousePart046Room2BRoofFraming";"Table française";"Skyrim - Interface.bsa : strings\hearthfires_french.strings";"Non jouable (drapeau)";"À vérifier"
"hearthfires.esm|00319F";"Pièce principale, structure du toit";"Objet divers";"MISC";"HearthFires.esm";"00319F";"HearthFires.esm";"BYOHHousePart056Room2CRoofFraming";"Table française";"Skyrim - Interface.bsa : strings\hearthfires_french.strings";"Non jouable (drapeau)";"À vérifier"
"hearthfires.esm|0030C5";"Pièce principale, structure murale";"Objet divers";"MISC";"HearthFires.esm";"0030C5";"HearthFires.esm";"BYOHHousePart015Room2AWallFraming1";"Table française";"Skyrim - Interface.bsa : strings\hearthfires_french.strings";"Non jouable (drapeau)";"À vérifier"
"hearthfires.esm|003111";"Pièce principale, structure murale";"Objet divers";"MISC";"HearthFires.esm";"003111";"HearthFires.esm";"BYOHHousePart042Room2BWallFraming1";"Table française";"Skyrim - Interface.bsa : strings\hearthfires_french.strings";"Non jouable (drapeau)";"À vérifier"
"hearthfires.esm|00319B";"Pièce principale, structure murale";"Objet divers";"MISC";"HearthFires.esm";"00319B";"HearthFires.esm";"BYOHHousePart052Room2CWallFraming1";"Table française";"Skyrim - Interface.bsa : strings\hearthfires_french.strings";"Non jouable (drapeau)";"À vérifier"
"hearthfires.esm|0030C2";"Pièce principale, supports de l'étage";"Objet divers";"MISC";"HearthFires.esm";"0030C2";"HearthFires.esm";"BYOHHousePart016Room2AWallFraming2";"Table française";"Skyrim - Interface.bsa : strings\hearthfires_french.strings";"Non jouable (drapeau)";"À vérifier"
"hearthfires.esm|003112";"Pièce principale, supports de l'étage";"Objet divers";"MISC";"HearthFires.esm";"003112";"HearthFires.esm";"BYOHHousePart043Room2BWallFraming2";"Table française";"Skyrim - Interface.bsa : strings\hearthfires_french.strings";"Non jouable (drapeau)";"À vérifier"
"hearthfires.esm|00319C";"Pièce principale, supports de l'étage";"Objet divers";"MISC";"HearthFires.esm";"00319C";"HearthFires.esm";"BYOHHousePart053Room2CWallFraming2";"Table française";"Skyrim - Interface.bsa : strings\hearthfires_french.strings";"Non jouable (drapeau)";"À vérifier"
"hearthfires.esm|0030C8";"Pièce principale, toit";"Objet divers";"MISC";"HearthFires.esm";"0030C8";"HearthFires.esm";"BYOHHousePart020Room2ARoof";"Table française";"Skyrim - Interface.bsa : strings\hearthfires_french.strings";"Non jouable (drapeau)";"À vérifier"
"hearthfires.esm|003116";"Pièce principale, toit";"Objet divers";"MISC";"HearthFires.esm";"003116";"HearthFires.esm";"BYOHHousePart047Room2BRoof";"Table française";"Skyrim - Interface.bsa : strings\hearthfires_french.strings";"Non jouable (drapeau)";"À vérifier"
"hearthfires.esm|0031A0";"Pièce principale, toit";"Objet divers";"MISC";"HearthFires.esm";"0031A0";"HearthFires.esm";"BYOHHousePart057Room2CRoof";"Table française";"Skyrim - Interface.bsa : strings\hearthfires_french.strings";"Non jouable (drapeau)";"À vérifier"
"hearthfires.esm|00B4D7";"Pied de lampe";"Objet divers";"MISC";"HearthFires.esm";"00B4D7";"HearthFires.esm";"BYOHHouseInteriorPart119LampStand01";"Table française";"Skyrim - Interface.bsa : strings\hearthfires_french.strings";"Non jouable (drapeau)";"À vérifier"
"hearthfires.esm|00C737";"Pied de lampe";"Objet divers";"MISC";"HearthFires.esm";"00C737";"HearthFires.esm";"BYOHHouseInteriorPart140LampStand02";"Table française";"Skyrim - Interface.bsa : strings\hearthfires_french.strings";"Non jouable (drapeau)";"À vérifier"
"hearthfires.esm|000B41";"Pieds-de-lutin (4)";"Objet divers";"MISC";"HearthFires.esm";"000B41";"HearthFires.esm";"BYOHHouseIngredientMushroom04";"Table française";"Skyrim - Interface.bsa : strings\hearthfires_french.strings";"Non jouable (drapeau)";"À vérifier"
"hearthfires.esm|005A27";"Placard";"Objet divers";"MISC";"HearthFires.esm";"005A27";"HearthFires.esm";"BYOHHouseInteriorPart020Cupboard01";"Table française";"Skyrim - Interface.bsa : strings\hearthfires_french.strings";"Non jouable (drapeau)";"À vérifier"
"hearthfires.esm|005A37";"Placard";"Objet divers";"MISC";"HearthFires.esm";"005A37";"HearthFires.esm";"BYOHHouseInteriorPart040Cupboard02";"Table française";"Skyrim - Interface.bsa : strings\hearthfires_french.strings";"Non jouable (drapeau)";"À vérifier"
"hearthfires.esm|005A38";"Placard";"Objet divers";"MISC";"HearthFires.esm";"005A38";"HearthFires.esm";"BYOHHouseInteriorPart041Cupboard03";"Table française";"Skyrim - Interface.bsa : strings\hearthfires_french.strings";"Non jouable (drapeau)";"À vérifier"
"hearthfires.esm|00B0E0";"Placard";"Objet divers";"MISC";"HearthFires.esm";"00B0E0";"HearthFires.esm";"BYOHHouseInteriorPart109Cupboard04";"Table française";"Skyrim - Interface.bsa : strings\hearthfires_french.strings";"Non jouable (drapeau)";"À vérifier"
"hearthfires.esm|003060";"Plan de petite maison";"Objet divers";"MISC";"HearthFires.esm";"003060";"HearthFires.esm";"BYOHHousePart001Room1Layout";"Table française";"Skyrim - Interface.bsa : strings\hearthfires_french.strings";"Non jouable (drapeau)";"À vérifier"
"hearthfires.esm|000B31";"Plantes grimpantes (5)";"Objet divers";"MISC";"HearthFires.esm";"000B31";"HearthFires.esm";"BYOHHouseIngredientCreepCluster";"Table française";"Skyrim - Interface.bsa : strings\hearthfires_french.strings";"Non jouable (drapeau)";"À vérifier"
"hearthfires.esm|005A2B";"Plaque d'arme";"Objet divers";"MISC";"HearthFires.esm";"005A2B";"HearthFires.esm";"BYOHHouseInteriorPart024WeaponPlaque01";"Table française";"Skyrim - Interface.bsa : strings\hearthfires_french.strings";"Non jouable (drapeau)";"À vérifier"
"hearthfires.esm|005A33";"Plaque d'arme";"Objet divers";"MISC";"HearthFires.esm";"005A33";"HearthFires.esm";"BYOHHouseInteriorPart034WeaponPlaque02";"Table française";"Skyrim - Interface.bsa : strings\hearthfires_french.strings";"Non jouable (drapeau)";"À vérifier"
"hearthfires.esm|005A44";"Plaque d'arme";"Objet divers";"MISC";"HearthFires.esm";"005A44";"HearthFires.esm";"BYOHHouseInteriorPart054WeaponRackSingle01";"Table française";"Skyrim - Interface.bsa : strings\hearthfires_french.strings";"Non jouable (drapeau)";"À vérifier"
"hearthfires.esm|005A21";"Plaques d'armes (2)";"Objet divers";"MISC";"HearthFires.esm";"005A21";"HearthFires.esm";"BYOHHouseInteriorPart014WeaponPlaquex2_01";"Table française";"Skyrim - Interface.bsa : strings\hearthfires_french.strings";"Non jouable (drapeau)";"À vérifier"
"hearthfires.esm|000B2D";"Poireaux (2)";"Objet divers";"MISC";"HearthFires.esm";"000B2D";"HearthFires.esm";"BYOHHouseFoodLeek";"Table française";"Skyrim - Interface.bsa : strings\hearthfires_french.strings";"Non jouable (drapeau)";"À vérifier"
"hearthfires.esm|00A346";"Poisson carnassier";"Objet divers";"MISC";"HearthFires.esm";"00A346";"HearthFires.esm";"BYOHHouseTrophyPart25Slaughterfish";"Table française";"Skyrim - Interface.bsa : strings\hearthfires_french.strings";"Non jouable (drapeau)";"À vérifier"
"hearthfires.esm|005A53";"Poisson carnassier sur socle";"Objet divers";"MISC";"HearthFires.esm";"005A53";"HearthFires.esm";"BYOHHouseInteriorPart069MountedSlaughterfish01";"Table française";"Skyrim - Interface.bsa : strings\hearthfires_french.strings";"Non jouable (drapeau)";"À vérifier"
"hearthfires.esm|005A54";"Poisson carnassier sur socle";"Objet divers";"MISC";"HearthFires.esm";"005A54";"HearthFires.esm";"BYOHHouseInteriorPart070MountedSlaughterfish02";"Table française";"Skyrim - Interface.bsa : strings\hearthfires_french.strings";"Non jouable (drapeau)";"À vérifier"
"hearthfires.esm|009B88";"Poisson carnassier sur socle";"Objet divers";"MISC";"HearthFires.esm";"009B88";"HearthFires.esm";"BYOHHouseInteriorPart092MountedSlaughterfishFireplace";"Table française";"Skyrim - Interface.bsa : strings\hearthfires_french.strings";"Non jouable (drapeau)";"À vérifier"
"hearthfires.esm|000B2E";"Pommes de terre (3)";"Objet divers";"MISC";"HearthFires.esm";"000B2E";"HearthFires.esm";"BYOHHouseFoodPotato";"Table française";"Skyrim - Interface.bsa : strings\hearthfires_french.strings";"Non jouable (drapeau)";"À vérifier"
"hearthfires.esm|000B2F";"Racines de canis (4)";"Objet divers";"MISC";"HearthFires.esm";"000B2F";"HearthFires.esm";"BYOHHouseIngredientCanisRoot";"Table française";"Skyrim - Interface.bsa : strings\hearthfires_french.strings";"Non jouable (drapeau)";"À vérifier"
"hearthfires.esm|00A345";"Ragnard";"Objet divers";"MISC";"HearthFires.esm";"00A345";"HearthFires.esm";"BYOHHouseTrophyPart24Skeever";"Table française";"Skyrim - Interface.bsa : strings\hearthfires_french.strings";"Non jouable (drapeau)";"À vérifier"
"hearthfires.esm|000B37";"Raisin jazbay (3)";"Objet divers";"MISC";"HearthFires.esm";"000B37";"HearthFires.esm";"BYOHHouseIngredientJazbay";"Table française";"Skyrim - Interface.bsa : strings\hearthfires_french.strings";"Non jouable (drapeau)";"À vérifier"
"hearthfires.esm|009B8A";"Râtelier";"Objet divers";"MISC";"HearthFires.esm";"009B8A";"HearthFires.esm";"BYOHHouseInteriorPart093HangingRack01";"Table française";"Skyrim - Interface.bsa : strings\hearthfires_french.strings";"Non jouable (drapeau)";"À vérifier"
"hearthfires.esm|00CD7E";"Râtelier";"Objet divers";"MISC";"HearthFires.esm";"00CD7E";"HearthFires.esm";"BYOHHouseInteriorPart157HangingRack02";"Table française";"Skyrim - Interface.bsa : strings\hearthfires_french.strings";"Non jouable (drapeau)";"À vérifier"
"hearthfires.esm|00F374";"Râtelier";"Objet divers";"MISC";"HearthFires.esm";"00F374";"HearthFires.esm";"BYOHHouseInteriorPart173HangingRack03";"Table française";"Skyrim - Interface.bsa : strings\hearthfires_french.strings";"Non jouable (drapeau)";"À vérifier"
"hearthfires.esm|00F375";"Râtelier";"Objet divers";"MISC";"HearthFires.esm";"00F375";"HearthFires.esm";"BYOHHouseInteriorPart174HangingRack04";"Table française";"Skyrim - Interface.bsa : strings\hearthfires_french.strings";"Non jouable (drapeau)";"À vérifier"
"hearthfires.esm|009B94";"Râteliers d'armes (2)";"Objet divers";"MISC";"HearthFires.esm";"009B94";"HearthFires.esm";"BYOHHouseInteriorPart097WeaponRackx2_01";"Table française";"Skyrim - Interface.bsa : strings\hearthfires_french.strings";"Non jouable (drapeau)";"À vérifier"
"hearthfires.esm|009B95";"Râteliers d'armes (2)";"Objet divers";"MISC";"HearthFires.esm";"009B95";"HearthFires.esm";"BYOHHouseInteriorPart098WeaponRackx2_02";"Table française";"Skyrim - Interface.bsa : strings\hearthfires_french.strings";"Non jouable (drapeau)";"À vérifier"
"hearthfires.esm|00B689";"Râteliers d'armes (3)";"Objet divers";"MISC";"HearthFires.esm";"00B689";"HearthFires.esm";"BYOHHouseInteriorPart122WeaponRackx3_01";"Table française";"Skyrim - Interface.bsa : strings\hearthfires_french.strings";"Non jouable (drapeau)";"À vérifier"
"hearthfires.esm|00CD32";"Râteliers d'armes (4)";"Objet divers";"MISC";"HearthFires.esm";"00CD32";"HearthFires.esm";"BYOHHouseInteriorPart143WeaponRackx4_01";"Table française";"Skyrim - Interface.bsa : strings\hearthfires_french.strings";"Non jouable (drapeau)";"À vérifier"
"hearthfires.esm|00CD33";"Râteliers d'armes (4)";"Objet divers";"MISC";"HearthFires.esm";"00CD33";"HearthFires.esm";"BYOHHouseInteriorPart144WeaponRackx4_02";"Table française";"Skyrim - Interface.bsa : strings\hearthfires_french.strings";"Non jouable (drapeau)";"À vérifier"
"hearthfires.esm|00F39A";"Râteliers d'armes (5)";"Objet divers";"MISC";"HearthFires.esm";"00F39A";"HearthFires.esm";"BYOHHouseInteriorPart183WeaponRackx5_01";"Table française";"Skyrim - Interface.bsa : strings\hearthfires_french.strings";"Non jouable (drapeau)";"À vérifier"
"hearthfires.esm|003128";"Remaniez la maison à la façon de l'entrée";"Objet divers";"MISC";"HearthFires.esm";"003128";"HearthFires.esm";"BYOHHousePartRoom1RemodelA";"Table française";"Skyrim - Interface.bsa : strings\hearthfires_french.strings";"Non jouable (drapeau)";"À vérifier"
"hearthfires.esm|003B71";"Remaniez la maison à la façon de l'entrée";"Objet divers";"MISC";"HearthFires.esm";"003B71";"HearthFires.esm";"BYOHHousePartRoom1RemodelB";"Table française";"Skyrim - Interface.bsa : strings\hearthfires_french.strings";"Non jouable (drapeau)";"À vérifier"
"hearthfires.esm|003B72";"Remaniez la maison à la façon de l'entrée";"Objet divers";"MISC";"HearthFires.esm";"003B72";"HearthFires.esm";"BYOHHousePartRoom1RemodelC";"Table française";"Skyrim - Interface.bsa : strings\hearthfires_french.strings";"Non jouable (drapeau)";"À vérifier"
"hearthfires.esm|003AE0";"Réserve - établi";"Objet divers";"MISC";"HearthFires.esm";"003AE0";"HearthFires.esm";"BYOHHousePart206Room6Workbench";"Table française";"Skyrim - Interface.bsa : strings\hearthfires_french.strings";"Non jouable (drapeau)";"À vérifier"
"hearthfires.esm|003AE1";"Réserve - retirer l'établi";"Objet divers";"MISC";"HearthFires.esm";"003AE1";"HearthFires.esm";"BYOHHousePart207Room6WorkbenchDisable";"Table française";"Skyrim - Interface.bsa : strings\hearthfires_french.strings";"Non jouable (drapeau)";"À vérifier"
"hearthfires.esm|003744";"Réserve, fondations";"Objet divers";"MISC";"HearthFires.esm";"003744";"HearthFires.esm";"BYOHHousePart131Room6AFoundation";"Table française";"Skyrim - Interface.bsa : strings\hearthfires_french.strings";"Non jouable (drapeau)";"À vérifier"
"hearthfires.esm|00951C";"Réserve, fondations";"Objet divers";"MISC";"HearthFires.esm";"00951C";"HearthFires.esm";"BYOHHousePart331Room6BFoundation";"Table française";"Skyrim - Interface.bsa : strings\hearthfires_french.strings";"Non jouable (drapeau)";"À vérifier"
"hearthfires.esm|003748";"Réserve, murs";"Objet divers";"MISC";"HearthFires.esm";"003748";"HearthFires.esm";"BYOHHousePart135Room6AWalls";"Table française";"Skyrim - Interface.bsa : strings\hearthfires_french.strings";"Non jouable (drapeau)";"À vérifier"
"hearthfires.esm|009520";"Réserve, murs";"Objet divers";"MISC";"HearthFires.esm";"009520";"HearthFires.esm";"BYOHHousePart335Room6BWalls";"Table française";"Skyrim - Interface.bsa : strings\hearthfires_french.strings";"Non jouable (drapeau)";"À vérifier"
"hearthfires.esm|0031CD";"Réserve, portes";"Objet divers";"MISC";"HearthFires.esm";"0031CD";"HearthFires.esm";"BYOHHousePart130Room6ADoor";"Table française";"Skyrim - Interface.bsa : strings\hearthfires_french.strings";"Non jouable (drapeau)";"À vérifier"
"hearthfires.esm|00951B";"Réserve, portes";"Objet divers";"MISC";"HearthFires.esm";"00951B";"HearthFires.esm";"BYOHHousePart330Room6BDoor";"Table française";"Skyrim - Interface.bsa : strings\hearthfires_french.strings";"Non jouable (drapeau)";"À vérifier"
"hearthfires.esm|003746";"Réserve, sol";"Objet divers";"MISC";"HearthFires.esm";"003746";"HearthFires.esm";"BYOHHousePart133Room6AFloor";"Table française";"Skyrim - Interface.bsa : strings\hearthfires_french.strings";"Non jouable (drapeau)";"À vérifier"
"hearthfires.esm|00951E";"Réserve, sol";"Objet divers";"MISC";"HearthFires.esm";"00951E";"HearthFires.esm";"BYOHHousePart333Room6BFloor";"Table française";"Skyrim - Interface.bsa : strings\hearthfires_french.strings";"Non jouable (drapeau)";"À vérifier"
"hearthfires.esm|003745";"Réserve, supports muraux";"Objet divers";"MISC";"HearthFires.esm";"003745";"HearthFires.esm";"BYOHHousePart132Room6AWallFraming";"Table française";"Skyrim - Interface.bsa : strings\hearthfires_french.strings";"Non jouable (drapeau)";"À vérifier"
"hearthfires.esm|00951D";"Réserve, supports muraux";"Objet divers";"MISC";"HearthFires.esm";"00951D";"HearthFires.esm";"BYOHHousePart332Room6BWallFraming";"Table française";"Skyrim - Interface.bsa : strings\hearthfires_french.strings";"Non jouable (drapeau)";"À vérifier"
"hearthfires.esm|003747";"Réserve, toit";"Objet divers";"MISC";"HearthFires.esm";"003747";"HearthFires.esm";"BYOHHousePart134Room6ARoof";"Table française";"Skyrim - Interface.bsa : strings\hearthfires_french.strings";"Non jouable (drapeau)";"À vérifier"
"hearthfires.esm|00951F";"Réserve, toit";"Objet divers";"MISC";"HearthFires.esm";"00951F";"HearthFires.esm";"BYOHHousePart334Room6BRoof";"Table française";"Skyrim - Interface.bsa : strings\hearthfires_french.strings";"Non jouable (drapeau)";"À vérifier"
"hearthfires.esm|01515C";"Rucher";"Objet divers";"MISC";"HearthFires.esm";"01515C";"HearthFires.esm";"BYOHHouseExteriorPart07Apiary";"Table française";"Skyrim - Interface.bsa : strings\hearthfires_french.strings";"Non jouable (drapeau)";"À vérifier"
"hearthfires.esm|003AE2";"Salle des trophées - établi";"Objet divers";"MISC";"HearthFires.esm";"003AE2";"HearthFires.esm";"BYOHHousePart208Room7Workbench";"Table française";"Skyrim - Interface.bsa : strings\hearthfires_french.strings";"Non jouable (drapeau)";"À vérifier"
"hearthfires.esm|003AE3";"Salle des trophées - retirer l'établi";"Objet divers";"MISC";"HearthFires.esm";"003AE3";"HearthFires.esm";"BYOHHousePart209Room7WorkbenchDisable";"Table française";"Skyrim - Interface.bsa : strings\hearthfires_french.strings";"Non jouable (drapeau)";"À vérifier"
"hearthfires.esm|003749";"Salle des trophées, fondations";"Objet divers";"MISC";"HearthFires.esm";"003749";"HearthFires.esm";"BYOHHousePart141Room7AFoundation";"Table française";"Skyrim - Interface.bsa : strings\hearthfires_french.strings";"Non jouable (drapeau)";"À vérifier"
"hearthfires.esm|009522";"Salle des trophées, fondations";"Objet divers";"MISC";"HearthFires.esm";"009522";"HearthFires.esm";"BYOHHousePart341Room7BFoundation";"Table française";"Skyrim - Interface.bsa : strings\hearthfires_french.strings";"Non jouable (drapeau)";"À vérifier"
"hearthfires.esm|00374C";"Salle des trophées, murs";"Objet divers";"MISC";"HearthFires.esm";"00374C";"HearthFires.esm";"BYOHHousePart144Room7AWalls";"Table française";"Skyrim - Interface.bsa : strings\hearthfires_french.strings";"Non jouable (drapeau)";"À vérifier"
"hearthfires.esm|009525";"Salle des trophées, murs";"Objet divers";"MISC";"HearthFires.esm";"009525";"HearthFires.esm";"BYOHHousePart344Room7BWalls";"Table française";"Skyrim - Interface.bsa : strings\hearthfires_french.strings";"Non jouable (drapeau)";"À vérifier"
"hearthfires.esm|0031CE";"Salle des trophées, portes";"Objet divers";"MISC";"HearthFires.esm";"0031CE";"HearthFires.esm";"BYOHHousePart140Room7ADoor";"Table française";"Skyrim - Interface.bsa : strings\hearthfires_french.strings";"Non jouable (drapeau)";"À vérifier"
"hearthfires.esm|009521";"Salle des trophées, portes";"Objet divers";"MISC";"HearthFires.esm";"009521";"HearthFires.esm";"BYOHHousePart340Room7BDoor";"Table française";"Skyrim - Interface.bsa : strings\hearthfires_french.strings";"Non jouable (drapeau)";"À vérifier"
"hearthfires.esm|00374B";"Salle des trophées, sol";"Objet divers";"MISC";"HearthFires.esm";"00374B";"HearthFires.esm";"BYOHHousePart143Room7AFloor";"Table française";"Skyrim - Interface.bsa : strings\hearthfires_french.strings";"Non jouable (drapeau)";"À vérifier"
"hearthfires.esm|009524";"Salle des trophées, sol";"Objet divers";"MISC";"HearthFires.esm";"009524";"HearthFires.esm";"BYOHHousePart343Room7BFloor";"Table française";"Skyrim - Interface.bsa : strings\hearthfires_french.strings";"Non jouable (drapeau)";"À vérifier"
"hearthfires.esm|00374D";"Salle des trophées, structure du toit";"Objet divers";"MISC";"HearthFires.esm";"00374D";"HearthFires.esm";"BYOHHousePart145Room7ARoofFraming";"Table française";"Skyrim - Interface.bsa : strings\hearthfires_french.strings";"Non jouable (drapeau)";"À vérifier"
"hearthfires.esm|009526";"Salle des trophées, structure du toit";"Objet divers";"MISC";"HearthFires.esm";"009526";"HearthFires.esm";"BYOHHousePart345Room7BRoofFraming";"Table française";"Skyrim - Interface.bsa : strings\hearthfires_french.strings";"Non jouable (drapeau)";"À vérifier"
"hearthfires.esm|00374A";"Salle des trophées, supports muraux";"Objet divers";"MISC";"HearthFires.esm";"00374A";"HearthFires.esm";"BYOHHousePart142Room7AWallFraming";"Table française";"Skyrim - Interface.bsa : strings\hearthfires_french.strings";"Non jouable (drapeau)";"À vérifier"
"hearthfires.esm|009523";"Salle des trophées, supports muraux";"Objet divers";"MISC";"HearthFires.esm";"009523";"HearthFires.esm";"BYOHHousePart342Room7BWallFraming";"Table française";"Skyrim - Interface.bsa : strings\hearthfires_french.strings";"Non jouable (drapeau)";"À vérifier"
"hearthfires.esm|00374E";"Salle des trophées, toit";"Objet divers";"MISC";"HearthFires.esm";"00374E";"HearthFires.esm";"BYOHHousePart146Room7ARoof";"Table française";"Skyrim - Interface.bsa : strings\hearthfires_french.strings";"Non jouable (drapeau)";"À vérifier"
"hearthfires.esm|009527";"Salle des trophées, toit";"Objet divers";"MISC";"HearthFires.esm";"009527";"HearthFires.esm";"BYOHHousePart346Room7BRoof";"Table française";"Skyrim - Interface.bsa : strings\hearthfires_french.strings";"Non jouable (drapeau)";"À vérifier"
"hearthfires.esm|01515D";"Scierie";"Objet divers";"MISC";"HearthFires.esm";"01515D";"HearthFires.esm";"BYOHHouseExteriorPart08Mill";"Table française";"Skyrim - Interface.bsa : strings\hearthfires_french.strings";"Non jouable (drapeau)";"À vérifier"
"hearthfires.esm|003ADC";"Serre - établi";"Objet divers";"MISC";"HearthFires.esm";"003ADC";"HearthFires.esm";"BYOHHousePart202Room4Workbench";"Table française";"Skyrim - Interface.bsa : strings\hearthfires_french.strings";"Non jouable (drapeau)";"À vérifier"
"hearthfires.esm|003ADD";"Serre - retirer l'établi";"Objet divers";"MISC";"HearthFires.esm";"003ADD";"HearthFires.esm";"BYOHHousePart203Room4WorkbenchDisable";"Table française";"Skyrim - Interface.bsa : strings\hearthfires_french.strings";"Non jouable (drapeau)";"À vérifier"
"hearthfires.esm|003255";"Serre, fondations";"Objet divers";"MISC";"HearthFires.esm";"003255";"HearthFires.esm";"BYOHHousePart111Room4AFoundation";"Table française";"Skyrim - Interface.bsa : strings\hearthfires_french.strings";"Non jouable (drapeau)";"À vérifier"
"hearthfires.esm|00950D";"Serre, fondations";"Objet divers";"MISC";"HearthFires.esm";"00950D";"HearthFires.esm";"BYOHHousePart311Room4BFoundation";"Table française";"Skyrim - Interface.bsa : strings\hearthfires_french.strings";"Non jouable (drapeau)";"À vérifier"
"hearthfires.esm|00325C";"Serre, foyer";"Objet divers";"MISC";"HearthFires.esm";"00325C";"HearthFires.esm";"BYOHHousePart117Room4AChimney";"Table française";"Skyrim - Interface.bsa : strings\hearthfires_french.strings";"Non jouable (drapeau)";"À vérifier"
"hearthfires.esm|003258";"Serre, murs";"Objet divers";"MISC";"HearthFires.esm";"003258";"HearthFires.esm";"BYOHHousePart114Room4AWalls";"Table française";"Skyrim - Interface.bsa : strings\hearthfires_french.strings";"Non jouable (drapeau)";"À vérifier"
"hearthfires.esm|009510";"Serre, murs";"Objet divers";"MISC";"HearthFires.esm";"009510";"HearthFires.esm";"BYOHHousePart314Room4BWalls";"Table française";"Skyrim - Interface.bsa : strings\hearthfires_french.strings";"Non jouable (drapeau)";"À vérifier"
"hearthfires.esm|0031CB";"Serre, portes";"Objet divers";"MISC";"HearthFires.esm";"0031CB";"HearthFires.esm";"BYOHHousePart110Room4ADoor";"Table française";"Skyrim - Interface.bsa : strings\hearthfires_french.strings";"Non jouable (drapeau)";"À vérifier"
"hearthfires.esm|00950C";"Serre, portes";"Objet divers";"MISC";"HearthFires.esm";"00950C";"HearthFires.esm";"BYOHHousePart310Room4BDoor";"Table française";"Skyrim - Interface.bsa : strings\hearthfires_french.strings";"Non jouable (drapeau)";"À vérifier"
"hearthfires.esm|003257";"Serre, sol";"Objet divers";"MISC";"HearthFires.esm";"003257";"HearthFires.esm";"BYOHHousePart113Room4AFloor";"Table française";"Skyrim - Interface.bsa : strings\hearthfires_french.strings";"Non jouable (drapeau)";"À vérifier"
"hearthfires.esm|00950F";"Serre, sol";"Objet divers";"MISC";"HearthFires.esm";"00950F";"HearthFires.esm";"BYOHHousePart313Room4BFloor";"Table française";"Skyrim - Interface.bsa : strings\hearthfires_french.strings";"Non jouable (drapeau)";"À vérifier"
"hearthfires.esm|00325A";"Serre, structure du toit";"Objet divers";"MISC";"HearthFires.esm";"00325A";"HearthFires.esm";"BYOHHousePart115Room4ARoofFraming";"Table française";"Skyrim - Interface.bsa : strings\hearthfires_french.strings";"Non jouable (drapeau)";"À vérifier"
"hearthfires.esm|009511";"Serre, structure du toit";"Objet divers";"MISC";"HearthFires.esm";"009511";"HearthFires.esm";"BYOHHousePart315Room4BRoofFraming";"Table française";"Skyrim - Interface.bsa : strings\hearthfires_french.strings";"Non jouable (drapeau)";"À vérifier"
"hearthfires.esm|003256";"Serre, supports muraux";"Objet divers";"MISC";"HearthFires.esm";"003256";"HearthFires.esm";"BYOHHousePart112Room4AWallFraming";"Table française";"Skyrim - Interface.bsa : strings\hearthfires_french.strings";"Non jouable (drapeau)";"À vérifier"
"hearthfires.esm|00950E";"Serre, supports muraux";"Objet divers";"MISC";"HearthFires.esm";"00950E";"HearthFires.esm";"BYOHHousePart312Room4BWallFraming";"Table française";"Skyrim - Interface.bsa : strings\hearthfires_french.strings";"Non jouable (drapeau)";"À vérifier"
"hearthfires.esm|00325B";"Serre, toit";"Objet divers";"MISC";"HearthFires.esm";"00325B";"HearthFires.esm";"BYOHHousePart116Room4ARoof";"Table française";"Skyrim - Interface.bsa : strings\hearthfires_french.strings";"Non jouable (drapeau)";"À vérifier"
"hearthfires.esm|009512";"Serre, toit";"Objet divers";"MISC";"HearthFires.esm";"009512";"HearthFires.esm";"BYOHHousePart316Room4BRoof";"Table française";"Skyrim - Interface.bsa : strings\hearthfires_french.strings";"Non jouable (drapeau)";"À vérifier"
"hearthfires.esm|00A325";"Smilodon";"Objet divers";"MISC";"HearthFires.esm";"00A325";"HearthFires.esm";"BYOHHouseTrophyPart06SabreCat";"Table française";"Skyrim - Interface.bsa : strings\hearthfires_french.strings";"Non jouable (drapeau)";"À vérifier"
"hearthfires.esm|00F3A1";"Socle de l'autel";"Objet divers";"MISC";"HearthFires.esm";"00F3A1";"HearthFires.esm";"BYOHHouseInteriorPart187ShrineBase01";"Table française";"Skyrim - Interface.bsa : strings\hearthfires_french.strings";"Non jouable (drapeau)";"À vérifier"
"hearthfires.esm|00B0DD";"Socle de trophée, grand";"Objet divers";"MISC";"HearthFires.esm";"00B0DD";"HearthFires.esm";"BYOHHouseInteriorPart106TrophyBaseLarge01";"Table française";"Skyrim - Interface.bsa : strings\hearthfires_french.strings";"Non jouable (drapeau)";"À vérifier"
"hearthfires.esm|00B0DE";"Socle de trophée, grand";"Objet divers";"MISC";"HearthFires.esm";"00B0DE";"HearthFires.esm";"BYOHHouseInteriorPart107TrophyBaseLarge02";"Table française";"Skyrim - Interface.bsa : strings\hearthfires_french.strings";"Non jouable (drapeau)";"À vérifier"
"hearthfires.esm|00B0DF";"Socle de trophée, grand";"Objet divers";"MISC";"HearthFires.esm";"00B0DF";"HearthFires.esm";"BYOHHouseInteriorPart108TrophyBaseLarge03";"Table française";"Skyrim - Interface.bsa : strings\hearthfires_french.strings";"Non jouable (drapeau)";"À vérifier"
"hearthfires.esm|00B0D3";"Socle de trophée, petit";"Objet divers";"MISC";"HearthFires.esm";"00B0D3";"HearthFires.esm";"BYOHHouseInteriorPart102TrophyBaseSmall01";"Table française";"Skyrim - Interface.bsa : strings\hearthfires_french.strings";"Non jouable (drapeau)";"À vérifier"
"hearthfires.esm|00B0D4";"Socle de trophée, petit";"Objet divers";"MISC";"HearthFires.esm";"00B0D4";"HearthFires.esm";"BYOHHouseInteriorPart103TrophyBaseSmall02";"Table française";"Skyrim - Interface.bsa : strings\hearthfires_french.strings";"Non jouable (drapeau)";"À vérifier"
"hearthfires.esm|00B0D5";"Socle de trophée, petit";"Objet divers";"MISC";"HearthFires.esm";"00B0D5";"HearthFires.esm";"BYOHHouseInteriorPart104TrophyBaseSmall03";"Table française";"Skyrim - Interface.bsa : strings\hearthfires_french.strings";"Non jouable (drapeau)";"À vérifier"
"hearthfires.esm|00B0D6";"Socle de trophée, petit";"Objet divers";"MISC";"HearthFires.esm";"00B0D6";"HearthFires.esm";"BYOHHouseInteriorPart105TrophyBaseSmall04";"Table française";"Skyrim - Interface.bsa : strings\hearthfires_french.strings";"Non jouable (drapeau)";"À vérifier"
"hearthfires.esm|00A328";"Sphère dwemer";"Objet divers";"MISC";"HearthFires.esm";"00A328";"HearthFires.esm";"BYOHHouseTrophyPart08DwarvenSphere";"Table française";"Skyrim - Interface.bsa : strings\hearthfires_french.strings";"Non jouable (drapeau)";"À vérifier"
"hearthfires.esm|00A329";"Spriggan";"Objet divers";"MISC";"HearthFires.esm";"00A329";"HearthFires.esm";"BYOHHouseTrophyPart09Spriggan";"Table française";"Skyrim - Interface.bsa : strings\hearthfires_french.strings";"Non jouable (drapeau)";"À vérifier"
"hearthfires.esm|00A327";"Squelette";"Objet divers";"MISC";"HearthFires.esm";"00A327";"HearthFires.esm";"BYOHHouseTrophyPart07Skeleton";"Table française";"Skyrim - Interface.bsa : strings\hearthfires_french.strings";"Non jouable (drapeau)";"À vérifier"
"hearthfires.esm|005A55";"Table avec bancs";"Objet divers";"MISC";"HearthFires.esm";"005A55";"HearthFires.esm";"BYOHHouseInteriorPart078TableBenchesExterior";"Table française";"Skyrim - Interface.bsa : strings\hearthfires_french.strings";"Non jouable (drapeau)";"À vérifier"
"hearthfires.esm|00C1E6";"Table avec vitrines";"Objet divers";"MISC";"HearthFires.esm";"00C1E6";"HearthFires.esm";"BYOHHouseInteriorPart127DisplayTableLarge01";"Table française";"Skyrim - Interface.bsa : strings\hearthfires_french.strings";"Non jouable (drapeau)";"À vérifier"
"hearthfires.esm|008AA3";"Table basse";"Objet divers";"MISC";"HearthFires.esm";"008AA3";"HearthFires.esm";"BYOHHouseInteriorPart079TableLowExterior01";"Table française";"Skyrim - Interface.bsa : strings\hearthfires_french.strings";"Non jouable (drapeau)";"À vérifier"
"hearthfires.esm|008AA4";"Table basse";"Objet divers";"MISC";"HearthFires.esm";"008AA4";"HearthFires.esm";"BYOHHouseInteriorPart080TableLowExterior02";"Table française";"Skyrim - Interface.bsa : strings\hearthfires_french.strings";"Non jouable (drapeau)";"À vérifier"
"hearthfires.esm|008AA5";"Table basse";"Objet divers";"MISC";"HearthFires.esm";"008AA5";"HearthFires.esm";"BYOHHouseInteriorPart081TableLowExterior03";"Table française";"Skyrim - Interface.bsa : strings\hearthfires_french.strings";"Non jouable (drapeau)";"À vérifier"
"hearthfires.esm|009B91";"Table basse";"Objet divers";"MISC";"HearthFires.esm";"009B91";"HearthFires.esm";"BYOHHouseInteriorPart095TableLow01";"Table française";"Skyrim - Interface.bsa : strings\hearthfires_french.strings";"Non jouable (drapeau)";"À vérifier"
"hearthfires.esm|009B9B";"Table basse";"Objet divers";"MISC";"HearthFires.esm";"009B9B";"HearthFires.esm";"BYOHHouseInteriorPart100TableLow02";"Table française";"Skyrim - Interface.bsa : strings\hearthfires_french.strings";"Non jouable (drapeau)";"À vérifier"
"hearthfires.esm|0009BA";"Table carrée";"Objet divers";"MISC";"HearthFires.esm";"0009BA";"HearthFires.esm";"BYOHHouseInteriorPart200TableSquare01";"Table française";"Skyrim - Interface.bsa : strings\hearthfires_french.strings";"Non jouable (drapeau)";"À vérifier"
"hearthfires.esm|0009BB";"Table carrée";"Objet divers";"MISC";"HearthFires.esm";"0009BB";"HearthFires.esm";"BYOHHouseInteriorPart201TableSquare02";"Table française";"Skyrim - Interface.bsa : strings\hearthfires_french.strings";"Non jouable (drapeau)";"À vérifier"
"hearthfires.esm|008AB7";"Table carrée";"Objet divers";"MISC";"HearthFires.esm";"008AB7";"HearthFires.esm";"BYOHHouseInteriorPart087TableSquareExterior01";"Table française";"Skyrim - Interface.bsa : strings\hearthfires_french.strings";"Non jouable (drapeau)";"À vérifier"
"hearthfires.esm|000B27";"Table de chevet";"Objet divers";"MISC";"HearthFires.esm";"000B27";"HearthFires.esm";"BYOHHouseInteriorPart205TableNight01";"Table française";"Skyrim - Interface.bsa : strings\hearthfires_french.strings";"Non jouable (drapeau)";"À vérifier"
"hearthfires.esm|00C736";"Table ronde";"Objet divers";"MISC";"HearthFires.esm";"00C736";"HearthFires.esm";"BYOHHouseInteriorPart139TableRound01";"Table française";"Skyrim - Interface.bsa : strings\hearthfires_french.strings";"Non jouable (drapeau)";"À vérifier"
"hearthfires.esm|005A1C";"Table ronde et chaises";"Objet divers";"MISC";"HearthFires.esm";"005A1C";"HearthFires.esm";"BYOHHouseInteriorPart011TableRoundChairs01";"Table française";"Skyrim - Interface.bsa : strings\hearthfires_french.strings";"Non jouable (drapeau)";"À vérifier"
"hearthfires.esm|008AB4";"Table ronde et chaises";"Objet divers";"MISC";"HearthFires.esm";"008AB4";"HearthFires.esm";"BYOHHouseInteriorPart086TableRoundChairsExterior01";"Table française";"Skyrim - Interface.bsa : strings\hearthfires_french.strings";"Non jouable (drapeau)";"À vérifier"
"hearthfires.esm|000A0B";"Tables de chevet (2)";"Objet divers";"MISC";"HearthFires.esm";"000A0B";"HearthFires.esm";"BYOHHouseInteriorPart202TableNightx2_01";"Table française";"Skyrim - Interface.bsa : strings\hearthfires_french.strings";"Non jouable (drapeau)";"À vérifier"
"hearthfires.esm|00DD8B";"Tables de chevet (2)";"Objet divers";"MISC";"HearthFires.esm";"00DD8B";"HearthFires.esm";"BYOHHouseInteriorPart169TableNightx2_02";"Table française";"Skyrim - Interface.bsa : strings\hearthfires_french.strings";"Non jouable (drapeau)";"À vérifier"
"hearthfires.esm|008380";"Tête d'ours sur socle";"Objet divers";"MISC";"HearthFires.esm";"008380";"HearthFires.esm";"BYOHHouseInteriorPart076MountedHeadBear01";"Table française";"Skyrim - Interface.bsa : strings\hearthfires_french.strings";"Non jouable (drapeau)";"À vérifier"
"hearthfires.esm|00F392";"Tête d'ours sur socle";"Objet divers";"MISC";"HearthFires.esm";"00F392";"HearthFires.esm";"BYOHHouseInteriorPart175MountedHeadBear02";"Table française";"Skyrim - Interface.bsa : strings\hearthfires_french.strings";"Non jouable (drapeau)";"À vérifier"
"hearthfires.esm|000A17";"Tête de cerf sur socle";"Objet divers";"MISC";"HearthFires.esm";"000A17";"HearthFires.esm";"BYOHHouseInteriorPart204MountedHeadElkFemale01";"Table française";"Skyrim - Interface.bsa : strings\hearthfires_french.strings";"Non jouable (drapeau)";"À vérifier"
"hearthfires.esm|005A4B";"Tête de cerf sur socle";"Objet divers";"MISC";"HearthFires.esm";"005A4B";"HearthFires.esm";"BYOHHouseInteriorPart061MountedHeadElkMale01";"Table française";"Skyrim - Interface.bsa : strings\hearthfires_french.strings";"Non jouable (drapeau)";"À vérifier"
"hearthfires.esm|009B99";"Tête de cerf sur socle";"Objet divers";"MISC";"HearthFires.esm";"009B99";"HearthFires.esm";"BYOHHouseInteriorPart099MountedHeadElkMale02";"Table française";"Skyrim - Interface.bsa : strings\hearthfires_french.strings";"Non jouable (drapeau)";"À vérifier"
"hearthfires.esm|005A4C";"Tête de chèvre sur socle";"Objet divers";"MISC";"HearthFires.esm";"005A4C";"HearthFires.esm";"BYOHHouseInteriorPart062MountedHeadGoat01";"Table française";"Skyrim - Interface.bsa : strings\hearthfires_french.strings";"Non jouable (drapeau)";"À vérifier"
"hearthfires.esm|00DD8D";"Tête de chèvre sur socle";"Objet divers";"MISC";"HearthFires.esm";"00DD8D";"HearthFires.esm";"BYOHHouseInteriorPart170MountedHeadGoat02";"Table française";"Skyrim - Interface.bsa : strings\hearthfires_french.strings";"Non jouable (drapeau)";"À vérifier"
"hearthfires.esm|005A4D";"Tête de horqueur sur socle";"Objet divers";"MISC";"HearthFires.esm";"005A4D";"HearthFires.esm";"BYOHHouseInteriorPart063MountedHeadHorker01";"Table française";"Skyrim - Interface.bsa : strings\hearthfires_french.strings";"Non jouable (drapeau)";"À vérifier"
"hearthfires.esm|00F372";"Tête de horqueur sur socle";"Objet divers";"MISC";"HearthFires.esm";"00F372";"HearthFires.esm";"BYOHHouseInteriorPart172MountedHeadHorkerFireplace";"Table française";"Skyrim - Interface.bsa : strings\hearthfires_french.strings";"Non jouable (drapeau)";"À vérifier"
"hearthfires.esm|005A50";"Tête de loup sur socle";"Objet divers";"MISC";"HearthFires.esm";"005A50";"HearthFires.esm";"BYOHHouseInteriorPart066MountedHeadWolf01";"Table française";"Skyrim - Interface.bsa : strings\hearthfires_french.strings";"Non jouable (drapeau)";"À vérifier"
"hearthfires.esm|005A51";"Tête de loup sur socle";"Objet divers";"MISC";"HearthFires.esm";"005A51";"HearthFires.esm";"BYOHHouseInteriorPart067MountedHeadWolf02";"Table française";"Skyrim - Interface.bsa : strings\hearthfires_french.strings";"Non jouable (drapeau)";"À vérifier"
"hearthfires.esm|005A4F";"Tête de smilodon des neiges sur socle";"Objet divers";"MISC";"HearthFires.esm";"005A4F";"HearthFires.esm";"BYOHHouseInteriorPart065MountedHeadSabreCat02";"Table française";"Skyrim - Interface.bsa : strings\hearthfires_french.strings";"Non jouable (drapeau)";"À vérifier"
"hearthfires.esm|005A4E";"Tête de smilodon sur socle";"Objet divers";"MISC";"HearthFires.esm";"005A4E";"HearthFires.esm";"BYOHHouseInteriorPart064MountedHeadSabreCat01";"Table française";"Skyrim - Interface.bsa : strings\hearthfires_french.strings";"Non jouable (drapeau)";"À vérifier"
"hearthfires.esm|000B48";"Tiges de chardon (3)";"Objet divers";"MISC";"HearthFires.esm";"000B48";"HearthFires.esm";"BYOHHouseIngredientThistle";"Table française";"Skyrim - Interface.bsa : strings\hearthfires_french.strings";"Non jouable (drapeau)";"À vérifier"
"hearthfires.esm|005E5F";"Tonneaux";"Objet divers";"MISC";"HearthFires.esm";"005E5F";"HearthFires.esm";"BYOHHouseInteriorPart072Barrels01";"Table française";"Skyrim - Interface.bsa : strings\hearthfires_french.strings";"Non jouable (drapeau)";"À vérifier"
"hearthfires.esm|005E60";"Tonneaux";"Objet divers";"MISC";"HearthFires.esm";"005E60";"HearthFires.esm";"BYOHHouseInteriorPart073Barrels02";"Table française";"Skyrim - Interface.bsa : strings\hearthfires_french.strings";"Non jouable (drapeau)";"À vérifier"
"hearthfires.esm|00C213";"Tonneaux";"Objet divers";"MISC";"HearthFires.esm";"00C213";"HearthFires.esm";"BYOHHouseInteriorPart138BarrelsWithTable137";"Table française";"Skyrim - Interface.bsa : strings\hearthfires_french.strings";"Non jouable (drapeau)";"À vérifier"
"hearthfires.esm|00F394";"Tonneaux";"Objet divers";"MISC";"HearthFires.esm";"00F394";"HearthFires.esm";"BYOHHouseInteriorPart177Barrels03";"Table française";"Skyrim - Interface.bsa : strings\hearthfires_french.strings";"Non jouable (drapeau)";"À vérifier"
"hearthfires.esm|00F395";"Tonneaux";"Objet divers";"MISC";"HearthFires.esm";"00F395";"HearthFires.esm";"BYOHHouseInteriorPart178Barrels04";"Table française";"Skyrim - Interface.bsa : strings\hearthfires_french.strings";"Non jouable (drapeau)";"À vérifier"
"hearthfires.esm|003ADE";"Tour de l'enchanteur - établi";"Objet divers";"MISC";"HearthFires.esm";"003ADE";"HearthFires.esm";"BYOHHousePart204Room5Workbench";"Table française";"Skyrim - Interface.bsa : strings\hearthfires_french.strings";"Non jouable (drapeau)";"À vérifier"
"hearthfires.esm|003ADF";"Tour de l'enchanteur - retirer l'établi";"Objet divers";"MISC";"HearthFires.esm";"003ADF";"HearthFires.esm";"BYOHHousePart205Room5WorkbenchDisable";"Table française";"Skyrim - Interface.bsa : strings\hearthfires_french.strings";"Non jouable (drapeau)";"À vérifier"
"hearthfires.esm|0068F1";"Tour de l'enchanteur, auvent";"Objet divers";"MISC";"HearthFires.esm";"0068F1";"HearthFires.esm";"BYOHHousePart230Room5ACanopy";"Table française";"Skyrim - Interface.bsa : strings\hearthfires_french.strings";"Non jouable (drapeau)";"À vérifier"
"hearthfires.esm|009545";"Tour de l'enchanteur, auvent";"Objet divers";"MISC";"HearthFires.esm";"009545";"HearthFires.esm";"BYOHHousePart390Room5BCanopy";"Table française";"Skyrim - Interface.bsa : strings\hearthfires_french.strings";"Non jouable (drapeau)";"À vérifier"
"hearthfires.esm|00373D";"Tour de l'enchanteur, fondations";"Objet divers";"MISC";"HearthFires.esm";"00373D";"HearthFires.esm";"BYOHHousePart121Room5AFoundation";"Table française";"Skyrim - Interface.bsa : strings\hearthfires_french.strings";"Non jouable (drapeau)";"À vérifier"
"hearthfires.esm|009514";"Tour de l'enchanteur, fondations";"Objet divers";"MISC";"HearthFires.esm";"009514";"HearthFires.esm";"BYOHHousePart321Room5BFoundation";"Table française";"Skyrim - Interface.bsa : strings\hearthfires_french.strings";"Non jouable (drapeau)";"À vérifier"
"hearthfires.esm|003742";"Tour de l'enchanteur, murs de l'étage";"Objet divers";"MISC";"HearthFires.esm";"003742";"HearthFires.esm";"BYOHHousePart126Room5AWalls2";"Table française";"Skyrim - Interface.bsa : strings\hearthfires_french.strings";"Non jouable (drapeau)";"À vérifier"
"hearthfires.esm|009519";"Tour de l'enchanteur, murs de l'étage";"Objet divers";"MISC";"HearthFires.esm";"009519";"HearthFires.esm";"BYOHHousePart326Room5BWalls2";"Table française";"Skyrim - Interface.bsa : strings\hearthfires_french.strings";"Non jouable (drapeau)";"À vérifier"
"hearthfires.esm|003741";"Tour de l'enchanteur, murs du rez-de-chaussée";"Objet divers";"MISC";"HearthFires.esm";"003741";"HearthFires.esm";"BYOHHousePart125Room5AWalls1";"Table française";"Skyrim - Interface.bsa : strings\hearthfires_french.strings";"Non jouable (drapeau)";"À vérifier"
"hearthfires.esm|009518";"Tour de l'enchanteur, murs du rez-de-chaussée";"Objet divers";"MISC";"HearthFires.esm";"009518";"HearthFires.esm";"BYOHHousePart325Room5BWalls1";"Table française";"Skyrim - Interface.bsa : strings\hearthfires_french.strings";"Non jouable (drapeau)";"À vérifier"
"hearthfires.esm|0031CC";"Tour de l'enchanteur, portes";"Objet divers";"MISC";"HearthFires.esm";"0031CC";"HearthFires.esm";"BYOHHousePart120Room5ADoor";"Table française";"Skyrim - Interface.bsa : strings\hearthfires_french.strings";"Non jouable (drapeau)";"À vérifier"
"hearthfires.esm|009513";"Tour de l'enchanteur, portes";"Objet divers";"MISC";"HearthFires.esm";"009513";"HearthFires.esm";"BYOHHousePart320Room5BDoor";"Table française";"Skyrim - Interface.bsa : strings\hearthfires_french.strings";"Non jouable (drapeau)";"À vérifier"
"hearthfires.esm|00373E";"Tour de l'enchanteur, sol";"Objet divers";"MISC";"HearthFires.esm";"00373E";"HearthFires.esm";"BYOHHousePart122Room5AFloor";"Table française";"Skyrim - Interface.bsa : strings\hearthfires_french.strings";"Non jouable (drapeau)";"À vérifier"
"hearthfires.esm|009515";"Tour de l'enchanteur, sol";"Objet divers";"MISC";"HearthFires.esm";"009515";"HearthFires.esm";"BYOHHousePart322Room5BFloor";"Table française";"Skyrim - Interface.bsa : strings\hearthfires_french.strings";"Non jouable (drapeau)";"À vérifier"
"hearthfires.esm|003740";"Tour de l'enchanteur, supports de l'étage";"Objet divers";"MISC";"HearthFires.esm";"003740";"HearthFires.esm";"BYOHHousePart124Room5AWallFraming2";"Table française";"Skyrim - Interface.bsa : strings\hearthfires_french.strings";"Non jouable (drapeau)";"À vérifier"
"hearthfires.esm|009517";"Tour de l'enchanteur, supports de l'étage";"Objet divers";"MISC";"HearthFires.esm";"009517";"HearthFires.esm";"BYOHHousePart324Room5BWallFraming2";"Table française";"Skyrim - Interface.bsa : strings\hearthfires_french.strings";"Non jouable (drapeau)";"À vérifier"
"hearthfires.esm|00373F";"Tour de l'enchanteur, supports principaux";"Objet divers";"MISC";"HearthFires.esm";"00373F";"HearthFires.esm";"BYOHHousePart123Room5AWallFraming1";"Table française";"Skyrim - Interface.bsa : strings\hearthfires_french.strings";"Non jouable (drapeau)";"À vérifier"
"hearthfires.esm|009516";"Tour de l'enchanteur, supports principaux";"Objet divers";"MISC";"HearthFires.esm";"009516";"HearthFires.esm";"BYOHHousePart323Room5BWallFraming1";"Table française";"Skyrim - Interface.bsa : strings\hearthfires_french.strings";"Non jouable (drapeau)";"À vérifier"
"hearthfires.esm|003743";"Tour de l'enchanteur, toit";"Objet divers";"MISC";"HearthFires.esm";"003743";"HearthFires.esm";"BYOHHousePart127Room5ARoof";"Table française";"Skyrim - Interface.bsa : strings\hearthfires_french.strings";"Non jouable (drapeau)";"À vérifier"
"hearthfires.esm|00951A";"Tour de l'enchanteur, toit";"Objet divers";"MISC";"HearthFires.esm";"00951A";"HearthFires.esm";"BYOHHousePart327Room5BRoof";"Table française";"Skyrim - Interface.bsa : strings\hearthfires_french.strings";"Non jouable (drapeau)";"À vérifier"
"hearthfires.esm|00A32B";"Troll";"Objet divers";"MISC";"HearthFires.esm";"00A32B";"HearthFires.esm";"BYOHHouseTrophyPart11Troll";"Table française";"Skyrim - Interface.bsa : strings\hearthfires_french.strings";"Non jouable (drapeau)";"À vérifier"
"hearthfires.esm|00A32A";"Troll de glace";"Objet divers";"MISC";"HearthFires.esm";"00A32A";"HearthFires.esm";"BYOHHouseTrophyPart10TrollFrost";"Table française";"Skyrim - Interface.bsa : strings\hearthfires_french.strings";"Non jouable (drapeau)";"À vérifier"
"hearthfires.esm|015BE9";"Troll de glace";"Objet divers";"MISC";"HearthFires.esm";"015BE9";"HearthFires.esm";"BYOHHouseTrophyPart12TrollFrost";"Table française";"Skyrim - Interface.bsa : strings\hearthfires_french.strings";"Non jouable (drapeau)";"À vérifier"
"hearthfires.esm|00300E";"Tronc scié";"Objet divers";"MISC";"HearthFires.esm";"00300E";"HearthFires.esm";"BYOHMaterialLog";"Table française";"Skyrim - Interface.bsa : strings\hearthfires_french.strings";"Non jouable (drapeau)";"À vérifier"
"hearthfires.esm|000B42";"Truffes de Namira (3)";"Objet divers";"MISC";"HearthFires.esm";"000B42";"HearthFires.esm";"BYOHHouseIngredientMushroom05";"Table française";"Skyrim - Interface.bsa : strings\hearthfires_french.strings";"Non jouable (drapeau)";"À vérifier"
"hearthfires.esm|00A33C";"Vache";"Objet divers";"MISC";"HearthFires.esm";"00A33C";"HearthFires.esm";"BYOHHouseTrophyPart15Cow";"Table française";"Skyrim - Interface.bsa : strings\hearthfires_french.strings";"Non jouable (drapeau)";"À vérifier"
"hearthfires.esm|00A344";"Vasard";"Objet divers";"MISC";"HearthFires.esm";"00A344";"HearthFires.esm";"BYOHHouseTrophyPart23Mudcrab";"Table française";"Skyrim - Interface.bsa : strings\hearthfires_french.strings";"Non jouable (drapeau)";"À vérifier"
"hearthfires.esm|005A52";"Vasard sur socle";"Objet divers";"MISC";"HearthFires.esm";"005A52";"HearthFires.esm";"BYOHHouseInteriorPart068MountedMudcrab01";"Table française";"Skyrim - Interface.bsa : strings\hearthfires_french.strings";"Non jouable (drapeau)";"À vérifier"
"hearthfires.esm|00DD66";"Vasard sur socle";"Objet divers";"MISC";"HearthFires.esm";"00DD66";"HearthFires.esm";"BYOHHouseInteriorPart159MountedMudcrab02";"Table française";"Skyrim - Interface.bsa : strings\hearthfires_french.strings";"Non jouable (drapeau)";"À vérifier"
"hearthfires.esm|005A2E";"Vitrine";"Objet divers";"MISC";"HearthFires.esm";"005A2E";"HearthFires.esm";"BYOHHouseInteriorPart031DisplayCase02";"Table française";"Skyrim - Interface.bsa : strings\hearthfires_french.strings";"Non jouable (drapeau)";"À vérifier"
"hearthfires.esm|005A36";"Vitrine et étagère";"Objet divers";"MISC";"HearthFires.esm";"005A36";"HearthFires.esm";"BYOHHouseInteriorPart039DisplayShelf01";"Table française";"Skyrim - Interface.bsa : strings\hearthfires_french.strings";"Non jouable (drapeau)";"À vérifier"
"hearthfires.esm|005A26";"Vitrine et petite armoire";"Objet divers";"MISC";"HearthFires.esm";"005A26";"HearthFires.esm";"BYOHHouseInteriorPart019DisplayWardrobeSmall01";"Table française";"Skyrim - Interface.bsa : strings\hearthfires_french.strings";"Non jouable (drapeau)";"À vérifier"
"hearthfires.esm|005A41";"Vitrine et petite armoire";"Objet divers";"MISC";"HearthFires.esm";"005A41";"HearthFires.esm";"BYOHHouseInteriorPart051DisplayWardrobeSmall02";"Table française";"Skyrim - Interface.bsa : strings\hearthfires_french.strings";"Non jouable (drapeau)";"À vérifier"
"hearthfires.esm|00C738";"Vitrine et placard";"Objet divers";"MISC";"HearthFires.esm";"00C738";"HearthFires.esm";"BYOHHouseInteriorPart141DisplayCupboard01";"Table française";"Skyrim - Interface.bsa : strings\hearthfires_french.strings";"Non jouable (drapeau)";"À vérifier"
"hearthfires.esm|00C739";"Vitrine et placard";"Objet divers";"MISC";"HearthFires.esm";"00C739";"HearthFires.esm";"BYOHHouseInteriorPart142DisplayCupboard02";"Table française";"Skyrim - Interface.bsa : strings\hearthfires_french.strings";"Non jouable (drapeau)";"À vérifier"
"hearthfires.esm|005A19";"Vitrine sur table basse";"Objet divers";"MISC";"HearthFires.esm";"005A19";"HearthFires.esm";"BYOHHouseInteriorPart008DisplayTableLow01";"Table française";"Skyrim - Interface.bsa : strings\hearthfires_french.strings";"Non jouable (drapeau)";"À vérifier"
"hearthfires.esm|005A45";"Vitrine sur table basse";"Objet divers";"MISC";"HearthFires.esm";"005A45";"HearthFires.esm";"BYOHHouseInteriorPart055DisplayTableLow02";"Table française";"Skyrim - Interface.bsa : strings\hearthfires_french.strings";"Non jouable (drapeau)";"À vérifier"
"dragonborn.esm|0285C8";"";"Parchemin";"SCRL";"Dragonborn.esm";"0285C8";"Dragonborn.esm";"DLC2ExpSpiderFireBombScrollENEMY";"Sans nom";"";"Sans nom";"À vérifier"
"dragonborn.esm|0285CF";"";"Parchemin";"SCRL";"Dragonborn.esm";"0285CF";"Dragonborn.esm";"DLC2ExpSpiderFireCloakScrollENEMY";"Sans nom";"";"Sans nom";"À vérifier"
"dragonborn.esm|0285D1";"";"Parchemin";"SCRL";"Dragonborn.esm";"0285D1";"Dragonborn.esm";"DLC2ExpSpiderFireJumpingScrollENEMY";"Sans nom";"";"Sans nom";"À vérifier"
"skyrim.esm|05629E";"";"Potion / nourriture";"ALCH";"Skyrim.esm";"05629E";"Skyrim.esm";"DefaultPoison";"Sans nom";"";"Sans nom";"À vérifier"
"skyrim.esm|06A07E";"";"Potion / nourriture";"ALCH";"Skyrim.esm";"06A07E";"Skyrim.esm";"DummyPotion";"Sans nom";"";"Sans nom";"À vérifier"
"skyrim.esm|0F1464";"";"Potion / nourriture";"ALCH";"Skyrim.esm";"0F1464";"Skyrim.esm";"DefaultPotionRackPotionMarker";"Sans nom";"";"Sans nom";"À vérifier"
