"id";"editor_id";"type";"plugin_final"
"index 2|0126B6";"DLC1BatsAbsorbConcAimed";"MGEF";"Dragonborn.esm"
"index 2|0126B5";"DLC1AbBatsCloak";"MGEF";"Dragonborn.esm"
"index 2|011F2B";"DLC1SeranaAbsorbHealthConcAimed";"MGEF";"Dragonborn.esm"
"index 2|011BD4";"DLC1SoulCairnAbFXSkeletonNecroSummon";"MGEF";"Dragonborn.esm"
"index 2|011BD3";"DLC1SoulCairnAbFXBonemanSummon";"MGEF";"Dragonborn.esm"
"index 2|011997";"DLC1VQ08SwapBatsEffect";"MGEF";"Dragonborn.esm"
"index 2|010FCB";"DLC1SoulTrapFFActor";"MGEF";"Dragonborn.esm"
"index 2|010E17";"DLC1FXBleedVampireDeathCastEffect";"MGEF";"Dragonborn.esm"
"index 2|010CF8";"DLC1dunHarkonEjectPlayerEffect";"MGEF";"Dragonborn.esm"
"index 2|00FC75";"crdunHarkonVampireAbsorbHealthConcAimed";"MGEF";"Dragonborn.esm"
"index 2|00F647";"DLC1AbFXForgemasteCenturion";"MGEF";"The Great City of Solitude.esp"
"index 2|00F4E2";"DLC1dunHarkonSummonGargoyle";"MGEF";"The Great City of Solitude.esp"
"index 2|00F3CE";"DLC1VQ03InfluenceAggDownFFAimed";"MGEF";"The Great City of Solitude.esp"
"index 2|00E8D3";"DLC1RestoreHealthUndeadFFActor";"MGEF";"Dragonborn.esm"
"index 2|00E8D1";"DLC1RestoreHealthUndeadConcActor";"MGEF";"Dragonborn.esm"
"index 2|00E7E9";"DLC1nVampireMagickaDrainClaws";"MGEF";"Dragonborn.esm"
"index 2|00E7E8";"DLC1nVampireBloodyGripCloakDMGEffect";"MGEF";"Dragonborn.esm"
"index 2|00E7D1";"DLC1nVampireDrainShadeEffect";"MGEF";"Dragonborn.esm"
"index 2|00E7B2";"DLC1nVampireBloodPlagueEffect";"MGEF";"Dragonborn.esm"
"index 2|00E654";"DLC1VQ08BatsEffect";"MGEF";"Dragonborn.esm"
"index 2|00D957";"DLC1ReflectingShieldEffect03";"MGEF";"Dragonborn.esm"
"index 2|00D652";"DLC1HarkonMistformCalmEffect";"MGEF";"Dragonborn.esm"
"index 2|00D651";"DLC1HarkonMistformEffect";"MGEF";"Dragonborn.esm"
"index 2|00D1C7";"DLC1dunHarkonFontAbsorbHealth";"MGEF";"Dragonborn.esm"
"index 2|00D1C5";"DLC1dunHarkonInvulnerabilityEffect";"MGEF";"Dragonborn.esm"
"index 2|00CD5B";"DLC1RevertEffect";"MGEF";"Dragonborn.esm"
"index 2|005161";"DLC1WispCloakEffect";"MGEF";"The Great City of Solitude.esp"
"index 2|00513B";"DLC1AbGargoyleBruteGreenFXHolder";"MGEF";"HearthFires.esm"
"index 2|005133";"DLC1AbGargoyleBruteMeleeFXHolder";"MGEF";"The Great City of Solitude.esp"
"index 2|003F50";"DLC1SunDamageFFAimed";"MGEF";"HearthFires.esm"
"index 2|01A935";"DLC1HarkonAbsorbHealthFFAimed";"MGEF";"Dragonborn.esm"
"index 2|01A321";"DLC1MistformEffect";"MGEF";"Dragonborn.esm"
"index 2|01A30D";"DLC1VampireSlowTimeEffect";"MGEF";"Dragonborn.esm"
"index 2|01A188";"DLC1EnchSunDamageUndeadArrow";"MGEF";"Dragonborn.esm"
"index 2|019AAF";"DLC1SoulCairnAbGhost";"MGEF";"Dragonborn.esm"
"index 2|019321";"DLC1PCVampireAbsorbHealthFFAimed";"MGEF";"Dragonborn.esm"
"index 2|018EF4";"DLC1BloodPotionEffect";"MGEF";"Dragonborn.esm"
"index 2|018C5A";"DLC1AurielsBowEclipseSelfEffect";"MGEF";"Dragonborn.esm"
"index 2|016874";"DLC01_SoulTearWaitForDeathFX";"MGEF";"Dragonborn.esm"
"index 2|016695";"DLC1DawnguardRuneAxeIncrementKills";"MGEF";"Dragonborn.esm"
"index 2|016690";"DLC1EnchHealthDamageFFContact";"MGEF";"Dragonborn.esm"
"index 2|015774";"DLC1CrystalDamageHealRateConcAimed";"MGEF";"Dragonborn.esm"
"index 2|01571B";"DLC1EnchSunDamageUndead";"MGEF";"Dragonborn.esm"
"index 2|01571A";"DLC1BatsEffect";"MGEF";"Dragonborn.esm"
"index 2|015710";"DLC1EnchSunDamageUndeadArea";"MGEF";"Dragonborn.esm"
"index 2|0154AC";"DLC1CrystalAbsorbHealthConcAimedVisualFX";"MGEF";"Dragonborn.esm"
"index 2|015416";"testSuperMageLightAimed";"MGEF";"Dragonborn.esm"
"index 2|0142AF";"DLC1LD_AetherialShieldCalmEffect";"MGEF";"Dragonborn.esm"
"index 2|013B7B";"AbFXSprigganEarthMother";"MGEF";"Dragonborn.esm"
"index 2|01391E";"DLC1dunRedwaterSkoomaEffect";"MGEF";"Dragonborn.esm"
"index 2|011BAB";"DLCDawnguardRuneHammerAbility";"MGEF";"Dragonborn.esm"
"index 2|011A1B";"DLC1AbsorbHealthFFContact";"MGEF";"Dragonborn.esm"
"index 2|011004";"DLC1crChaurusHunterSpitFFAimed";"MGEF";"Dragonborn.esm"
"index 2|010FF4";"dlc1testPhilVortexEffect";"MGEF";"Dragonborn.esm"
"index 2|010A80";"DLC1VampireDetectLifeCombatExteriorSelfFF";"MGEF";"Dragonborn.esm"
"index 2|010A7F";"DLC1VampireDetectLifeCombatInteriorSelfFF";"MGEF";"Dragonborn.esm"
"index 2|00D3C2";"DLC1InfluenceAggDownFFAimed";"MGEF";"Dragonborn.esm"
"index 2|00D3C1";"DLC1ReanimateFFAimed25";"MGEF";"Dragonborn.esm"
"index 2|00D0B5";"DLC1AbSabreCatGlowScriptAttach";"MGEF";"Dragonborn.esm"
"index 2|00D0B1";"DLC1AbDeerGlowScriptAttach";"MGEF";"Dragonborn.esm"
"index 2|00CFA6";"DLC1LD_AetherialShieldEtherealize";"MGEF";"Dragonborn.esm"
"index 2|00CE10";"DLC1AurielsBowBlessedPlayerSelfEffect";"MGEF";"Dragonborn.esm"
"index 2|00C60E";"DLC1AurielsBowBlessedAreaEffect";"MGEF";"Dragonborn.esm"
"index 2|00BFFA";"DLC1VQ05RaiseDeadScriptEffect";"MGEF";"Dragonborn.esm"
"index 2|00BF7D";"DLC1CrystalSlowConcAimed";"MGEF";"Dragonborn.esm"
"index 2|00BF72";"DLC1VampireMesmerizeMagicEffect";"MGEF";"Dragonborn.esm"
"index 2|00BDCD";"DLC1SoulCairnAbFXBoneman";"MGEF";"Dragonborn.esm"
"index 2|00A26B";"DLC1PCVampireAbsorbHealthConcAimed";"MGEF";"Dragonborn.esm"
"index 2|008B33";"DLC1CrystalAbsorbHealthConcAimed";"MGEF";"The Great City of Solitude.esp"
"index 2|008B31";"crVampireAbsorbHealthConcAimedCOPY0000";"MGEF";"The Great City of Solitude.esp"
"index 2|00844B";"DLC1SunDamageFFAimedArea";"MGEF";"JK's Riverwood.esp"
"index 2|014760";"DLC1VampireLordBlocker";"ACTI";"Dragonborn.esm"
"index 2|0145C9";"DLC1DurnehviirDisallowFlyingTRIG";"ACTI";"Dragonborn.esm"
"index 2|01240E";"DLC1FalmerTempleIceFalmerPose03";"ACTI";"Dragonborn.esm"
"index 2|01240D";"DLC1FalmerTempleIceFalmerPose02";"ACTI";"Dragonborn.esm"
"index 2|01240C";"DLC1FalmerTempleIceFalmerPose01";"ACTI";"Dragonborn.esm"
"index 2|01240B";"DLC1FalmerTempleIceChaurusPose01";"ACTI";"Dragonborn.esm"
"index 2|0123A8";"DLC1VQ05JumpPadTrigger";"ACTI";"Dragonborn.esm"
"index 2|012279";"DLC1VQ07BalconySceneTrigger";"ACTI";"Dragonborn.esm"
"index 2|0121AD";"SERuinsHallBGDoorSecretAltar01";"ACTI";"Dragonborn.esm"
"index 2|011F9B";"DLC1HorseQuestTrigger01";"ACTI";"Dragonborn.esm"
"index 2|011EE7";"DLC01VampireThrallFeed02";"ACTI";"Dragonborn.esm"
"index 2|011EE6";"DLC01VampireThrallFeed01";"ACTI";"Dragonborn.esm"
"index 2|011ECE";"DLC1dunHarkonShrineSlipTrigger";"ACTI";"Dragonborn.esm"
"index 2|011E3A";"DLC1VQ08BossRoomCleanupTriggerbox";"ACTI";"Dragonborn.esm"
"index 2|010DFE";"BYOHHouse3Room03PorchInteriorSwapTrigger003";"REFR";"Dragonborn.esm"
"index 2|010D88";"DLC1HunterBaseIntroAmbushTrigger";"ACTI";"Dragonborn.esm"
"index 2|00F69F";"DLC1ShadowShieldFXActivator";"ACTI";"The Great City of Solitude.esp"
"index 2|00F3C0";"DLC1TrapPoisonBloomGas";"ACTI";"The Great City of Solitude.esp"
"index 2|00EAD1";"DLC1VQSoulDamageTrigger";"ACTI";"Dragonborn.esm"
"index 2|00E8FC";"DLC01DefaultEnableFastTravelTrig";"ACTI";"Dragonborn.esm"
"index 2|00D91F";"DLC1ChatterTrigger";"ACTI";"Dragonborn.esm"
"index 2|00C86B";"DLC1ShrineofAuriel";"ACTI";"Dragonborn.esm"
"index 2|0041CB";"DLC1VQ03SetStageDoorTrig";"ACTI";"HearthFires.esm"
"index 2|004119";"CasStoneBarrier01";"ACTI";"HearthFires.esm"
"index 2|003F59";"DLC1RefAliasMoveTrigger";"ACTI";"HearthFires.esm"
"index 2|003F57";"DLC1RefAliasDisableTrigger";"ACTI";"HearthFires.esm"
"index 2|003F4C";"FXbatGroupDLC1ACT";"ACTI";"HearthFires.esm"
"index 2|003EDB";"DLC1VQ01GargoyleTrigger";"ACTI";"HearthFires.esm"
"index 2|003DCE";"DLC1GargoyleAmbushStatue";"ACTI";"HearthFires.esm"
"index 2|003D68";"DIntGate01";"ACTI";"HearthFires.esm"
"index 2|003AD9";"DLC1VQ05WallExitTrigger";"ACTI";"HearthFires.esm"
"index 2|003284";"DLC1AurielsBlessedExplosionScriptMarker";"ACTI";"HearthFires.esm"
"index 2|002F5B";"SERuinsTemplePuzzle01";"ACTI";"HearthFires.esm"
"index 2|002842";"DLC01SoulCairnFissureTrig";"ACTI";"HearthFires.esm"
"index 2|01AADC";"ChaurusCocoon";"ACTI";"The Great City of Solitude.esp"
"index 2|01AA4D";"DLC1VQ06FirstSceneTrigger";"ACTI";"The Great City of Solitude.esp"
"index 2|01A98A";"DLC01SoulCairnTeleportTrigger";"ACTI";"Dragonborn.esm"
"index 2|01A952";"DLC1VQ06MothClusterTrigger";"ACTI";"Dragonborn.esm"
"index 2|01A521";"DLC1VCBoatDoorActivator1";"ACTI";"Dragonborn.esm"
"index 2|01A520";"DLC1VCBoatDoorActivator2";"ACTI";"Dragonborn.esm"
"index 2|01A3BF";"DLC1VCCandleStickLever";"ACTI";"Dragonborn.esm"
"index 2|01A31C";"DLC1CasMainPortcullis";"ACTI";"Dragonborn.esm"
"index 2|019FCD";"DLC1VQ08StartSceneTrigger";"ACTI";"Dragonborn.esm"
"index 2|019C66";"DLC1VQ07SEFontCollision";"ACTI";"Dragonborn.esm"
"index 2|019966";"DLC1VC_GlowToggleable";"ACTI";"Dragonborn.esm"
"index 2|019953";"DLC1VQ07WayshrineActivateTrigger";"ACTI";"Dragonborn.esm"
"index 2|0198AD";"DLC1WeatherSwapZone";"ACTI";"Dragonborn.esm"
"index 2|0198A2";"PortalGemSocket01";"ACTI";"Dragonborn.esm"
"index 2|0195A5";"DLC1MineShellBug";"ACTI";"Dragonborn.esm"
"index 2|01959A";"DLC1WeatherChangeTrigger";"ACTI";"Dragonborn.esm"
"index 2|019328";"DLC1VQ06TreeActivator";"ACTI";"Dragonborn.esm"
"index 2|0190D4";"DLC1LD_BthalftDustDropOnActivate";"ACTI";"Dragonborn.esm"
"index 2|0189FF";"CasPortcullis";"ACTI";"Dragonborn.esm"
"index 2|0176F6";"DLC1VQ05ESActivator";"ACTI";"Dragonborn.esm"
"index 2|0167AB";"DLC1dunSeranaCommentTrigger";"ACTI";"Dragonborn.esm"
"index 2|016127";"DLC1CharusFrozenInIcePose01";"ACTI";"Dragonborn.esm"
"index 2|016114";"CaveGBoulderDes01Intact";"ACTI";"Dragonborn.esm"
"index 2|016087";"CasSmHallFirePlaceEx01";"ACTI";"Dragonborn.esm"
"index 2|015FD7";"DLC1Falmer_VampFrozenPose03";"ACTI";"Dragonborn.esm"
"index 2|015FD5";"DLC1Falmer_VampFrozenPose02";"ACTI";"Dragonborn.esm"
"index 2|015FD4";"DLC1Falmer_VampFrozenPose01";"ACTI";"Dragonborn.esm"
"index 2|015FBC";"DLC1LD_BthalftValves";"ACTI";"Dragonborn.esm"
"index 2|015C28";"DweDesColumn01Intact";"ACTI";"Dragonborn.esm"
"index 2|015BEB";"DLC1VQ04MixingBowlActivator";"ACTI";"Dragonborn.esm"
"index 2|015AA8";"DLC1defaultDetectPresenceTrigger";"ACTI";"Dragonborn.esm"
"index 2|015A23";"DLC1VQ05PostLeaveTrigger";"ACTI";"Dragonborn.esm"
"index 2|0153DE";"DLC1WordWallTrigger";"ACTI";"Dragonborn.esm"
"index 2|0153B2";"DLC1VQ07FinalSceneTrigger";"ACTI";"Dragonborn.esm"
"index 2|015341";"DLC1LD_SteamDamageTrigger";"ACTI";"Dragonborn.esm"
"index 2|015340";"DLC1LD_LavaDamageTrigger";"ACTI";"Dragonborn.esm"
"index 2|014F5E";"DLC1VQ07Wayshrine04CastTrigger";"ACTI";"Dragonborn.esm"
"index 2|014F5B";"DLC1VQ07Wayshrine03CastTrigger";"ACTI";"Dragonborn.esm"
"index 2|014F58";"DLC1VQ07Wayshrine02CastTrigger";"ACTI";"Dragonborn.esm"
"index 2|014F53";"DLC1VQ07Wayshrine01CastTrigger";"ACTI";"Dragonborn.esm"
"index 2|014F0B";"DLC1LD_AetheriumForgeTransferActivator";"ACTI";"Dragonborn.esm"
"index 2|0149A4";"DLC1dunRedwaterDenSpringActivator";"ACTI";"Dragonborn.esm"
"index 2|0142BE";"SummonValorTargetFXActivator";"ACTI";"Dragonborn.esm"
"index 2|0142BA";"SummonTargetTimeFXActivator";"ACTI";"Dragonborn.esm"
"index 2|0142B6";"DLC1LD_AetherialStaffEffectObject";"ACTI";"Dragonborn.esm"
"index 2|0141A5";"DweSteamTrigger01";"ACTI";"Dragonborn.esm"
"index 2|0141A0";"DLC1BloodChaliceActivatorFull";"ACTI";"Dragonborn.esm"
"index 2|01417E";"DLC1JiubSceneTrigger";"ACTI";"Dragonborn.esm"
"index 2|014028";"DLC1JiubLaunchTrigger";"ACTI";"Dragonborn.esm"
"index 2|013F13";"AudioRepeaterActivator01";"ACTI";"Dragonborn.esm"
"index 2|013F0C";"DLC1RandomLightningStrikeTrig";"ACTI";"Dragonborn.esm"
"index 2|01158B";"DLC1VQ05ReturnHomeTrigger";"ACTI";"Dragonborn.esm"
"index 2|01127C";"DLC1DarkfallCaveBridgeTrigger";"ACTI";"Dragonborn.esm"
"index 2|010FF5";"dlc1testPhilVortexTRIG";"ACTI";"Dragonborn.esm"
"index 2|010A57";"CasSecEntranceDialHM";"ACTI";"Dragonborn.esm"
"index 2|010A56";"CasSecEntranceDialFM";"ACTI";"Dragonborn.esm"
"index 2|010A55";"CasSecEntranceDialCM";"ACTI";"Dragonborn.esm"
"index 2|010A4F";"VQ07ScaffoldBridge01";"ACTI";"Dragonborn.esm"
"index 2|010A2B";"DLC01DrawKnifeFloating";"ACTI";"Dragonborn.esm"
"index 2|00F9D4";"CasSecEntrance01";"ACTI";"Dragonborn.esm"
"index 2|00F891";"SERuinsWayshrine01";"ACTI";"Dragonborn.esm"
"index 2|00F7F3";"DLC1VQ01PuzzleCoffinActivator";"ACTI";"Dragonborn.esm"
"index 2|00ED29";"DLC1FrozenCharacterIceIntact";"ACTI";"Dragonborn.esm"
"index 2|00E194";"DLC1TestStatueFall";"ACTI";"The Great City of Solitude.esp"
"index 2|00D819";"DLC1VQ04StartTriggerHunter";"ACTI";"Dragonborn.esm"
"index 2|00D811";"DLC1VQ04StartTrigger";"ACTI";"Dragonborn.esm"
"index 2|00D7EC";"DLC1VQ04CourtyardTrigger";"ACTI";"Dragonborn.esm"
"index 2|00D411";"DLC1VQ04PortalAreaEffectTrigger";"ACTI";"Dragonborn.esm"
"index 2|00D095";"DLC1ElfHouseBreak";"ACTI";"Dragonborn.esm"
"index 2|00D094";"DLC1ElfHouseColumnBreak03";"ACTI";"Dragonborn.esm"
"index 2|00D091";"DLC1ElfHouseColumnBreak02";"ACTI";"Dragonborn.esm"
"index 2|00D08F";"DLC1ElfHouseColumnBreak01";"ACTI";"Dragonborn.esm"
"index 2|00D08C";"DLC1ElfHouseVdrop04";"ACTI";"Dragonborn.esm"
"index 2|00D089";"DLC1ElfHouseVdrop03";"ACTI";"Dragonborn.esm"
"index 2|00D086";"DLC1ElfHouseVdrop02";"ACTI";"Dragonborn.esm"
"index 2|00D081";"DLC1ElfHouseVdrop01";"ACTI";"Dragonborn.esm"
"index 2|00CFAD";"DLC1LD_PuzzleHintTrigger";"ACTI";"Dragonborn.esm"
"index 2|00C6DB";"DLC1WaygatePlatform";"ACTI";"Dragonborn.esm"
"index 2|00BDD2";"DLC01SoulCairnHorseWETrigger";"ACTI";"Dragonborn.esm"
"index 2|00A8C2";"DLC1VQ07FinalBossTrigger";"ACTI";"Dragonborn.esm"
"index 2|00A8C0";"DLC1VQ07TempleEntryTrigger";"ACTI";"Dragonborn.esm"
"index 2|00A8A5";"DLC1VQ07SpellTargetTrigger02";"ACTI";"Dragonborn.esm"
"index 2|00A89A";"DLC1VQ07DarkfallEndTrigger";"ACTI";"Dragonborn.esm"
"index 2|00A897";"DLC1VQ07DarkfallPassageSetupTrigger";"ACTI";"Dragonborn.esm"
"index 2|00A88D";"DLC1VQ07SpellTargetTrigger";"ACTI";"Dragonborn.esm"
"index 2|00A87F";"DLC1VQ07GeleborHelloTrigger01";"ACTI";"Dragonborn.esm"
"index 2|00A87D";"DLC1VQ07ArrivalTrigger";"ACTI";"Dragonborn.esm"
"index 2|00A4CB";"DLC1EnableDisableLinkTrigger";"ACTI";"Dragonborn.esm"
"index 2|00A4C3";"DLC1TempWaygate03";"ACTI";"Dragonborn.esm"
"index 2|00A4C2";"DLC1TempWaygate02";"ACTI";"Dragonborn.esm"
"index 2|00A4C1";"DLC1TempWaygate01";"ACTI";"Dragonborn.esm"
"index 2|014C05";"DLC1LD_ArmorKatria";"ARMO";"Dragonborn.esm"
"index 2|00F404";"DLC1ArmorDawnguardCuirassLight3";"ARMO";"The Great City of Solitude.esp"
"index 2|00F402";"DLC1ArmorDawnguardCuirassLight2";"ARMO";"The Great City of Solitude.esp"
"index 2|00F3FB";"DLC1ArmorDawnguardCuirassLight1";"ARMO";"The Great City of Solitude.esp"
"index 2|00F3FA";"DLC1ArmorDawnguardCuirassHeavy2";"ARMO";"The Great City of Solitude.esp"
"index 2|01AA22";"DLC1_WESC04Note";"BOOK";"Dragonborn.esm"
"index 2|0126DC";"DLC1ElderScrollDragon";"BOOK";"Dragonborn.esm"
"index 2|011A13";"DLC1ElderScrollSun";"BOOK";"Dragonborn.esm"
"index 2|0118F9";"DLC1ElderScrollBlood";"BOOK";"Dragonborn.esm"
"index 2|00C83A";"DLC1WayshrineDoorDarkfallCave";"DOOR";"Dragonborn.esm"
"index 2|01A3B8";"DLC1WayshrineDoorValleyStart";"DOOR";"Dragonborn.esm"
"index 2|015043";"DLC1WayshrineDoorValley";"DOOR";"Dragonborn.esm"
"index 2|015042";"DLC1WayshrineDoorWaterfalls";"DOOR";"Dragonborn.esm"
"index 2|015041";"DLC1WayshrineDoorTemple";"DOOR";"Dragonborn.esm"
"index 2|015040";"DLC1WayshrineDoorLake";"DOOR";"Dragonborn.esm"
"index 2|01503F";"DLC1WayshrineDoorGrove";"DOOR";"Dragonborn.esm"
"index 2|01503E";"DLC1WayshrineDoorPassage";"DOOR";"Dragonborn.esm"
"index 2|00C147";"DLC1WaygateDoor";"DOOR";"Dragonborn.esm"
"index 2|01932B";"DLC1CanticleBarkFake";"MISC";"Dragonborn.esm"
"index 2|00F1C9";"DLC1RH05DwarvenTechEnhancedDwarvenCrossbow";"MISC";"The Great City of Solitude.esp"
"index 2|00F1C8";"DLC1RH05DwarvenTechDwarvenCrossbow";"MISC";"The Great City of Solitude.esp"
"index 2|00F1C7";"DLC1RH05DwarvenTechEnhancedCrossbow";"MISC";"The Great City of Solitude.esp"
"index 2|00F1C5";"DLC1RH05DwarvenTechBoltExplodingShock";"MISC";"The Great City of Solitude.esp"
"index 2|00F1C4";"DLC1RH05DwarvenTechBoltExplodingIce";"MISC";"The Great City of Solitude.esp"
"index 2|011ED4";"dlc1LeverPushAnimatingNoPlayeR";"FURN";"Dragonborn.esm"
"index 2|0152D0";"CasSCPortalBowl01";"FURN";"Dragonborn.esm"
"index 2|00F812";"DLC1DawnguardCraftingBlackSmithForge";"FURN";"Dragonborn.esm"
"index 2|00CCF3";"DLC1VampireCoffinVert02";"FURN";"Dragonborn.esm"
"index 2|00CCF2";"DLC1VampireCoffinVert01";"FURN";"Dragonborn.esm"
"index 2|00CCF1";"DLC1VampireCoffinHoriz02";"FURN";"Dragonborn.esm"
"index 2|00CCF0";"DLC1VampireCoffinHoriz01";"FURN";"Dragonborn.esm"
"index 2|014F0D";"DLC1LD_AetheriumCrestNP";"WEAP";"Dragonborn.esm"
"index 2|011BAD";"DLC1DawnguardRuneHammer";"WEAP";"Dragonborn.esm"
"index 2|00F19F";"DLC1DwarvenCrossBowEnhanced";"WEAP";"The Great City of Solitude.esp"
"index 2|00F19E";"DLC1CrossBowEnhanced";"WEAP";"The Great City of Solitude.esp"
"index 2|00DD55";"DLC1DawnguardHammer";"WEAP";"Dragonborn.esm"
"index 2|00D098";"DLC1DawnguardAxe";"WEAP";"Dragonborn.esm"
"index 2|0138B8";"DLC1VCEncFrostbiteSpiderGiantAmbush";"NPC_";"Dragonborn.esm"
"index 2|012407";"DLC1VQ08LvlGargoyle_Ambush";"NPC_";"Dragonborn.esm"
"index 2|0121A9";"DLC1LD_EncDwarvenSpiderSummonMishapScrap";"NPC_";"Dragonborn.esm"
"index 2|011EC9";"DLC1dunHarkonVCSkeletonWarriorMissile1_Ambush";"NPC_";"Dragonborn.esm"
"index 2|011EC8";"DLC1dunHarkonVCSkeletonWarrior1h1_Ambush";"NPC_";"Dragonborn.esm"
"index 2|011EC7";"DLC1dunHarkonVCSkeletonWarrior2h_Ambush";"NPC_";"Dragonborn.esm"
"index 2|011EC6";"DLC1dunHarkonVCSkeletonMage_Ambush";"NPC_";"Dragonborn.esm"
"index 2|011E5D";"DLC1Namasur";"NPC_";"Dragonborn.esm"
"index 2|011BB8";"DLC1VQ02FeastThrall2";"NPC_";"Dragonborn.esm"
"index 2|011BB6";"DLC1VQ02FeastThrall1";"NPC_";"Dragonborn.esm"
"index 2|010E9B";"DLC1lvlDragonIceLake";"NPC_";"Dragonborn.esm"
"index 2|010CFA";"tempDLC1EncGargoyleBoss";"NPC_";"Dragonborn.esm"
"index 2|00EC8A";"DLC1HarkonCombatMagic";"NPC_";"Dragonborn.esm"
"index 2|00EC1C";"DLC1HarkonCombatMelee";"NPC_";"Dragonborn.esm"
"index 2|00EBB1";"DLC1SoulCairnWispWALL";"NPC_";"Dragonborn.esm"
"index 2|00E7B9";"DLC1nVampireCorruptedShade";"NPC_";"Dragonborn.esm"
"index 2|00D1BE";"DLC1dunHarkonFontActor";"NPC_";"Dragonborn.esm"
"index 2|00D1B3";"EncSkeleton01AmbushMissileHoldPositionLinkCustom02256";"NPC_";"Dragonborn.esm"
"index 2|00CADE";"DLC1VCSkeletonWarrior1h2_Ambush";"NPC_";"Dragonborn.esm"
"index 2|00CADC";"DLC1VCSkeletonWarriorMissile2_Ambush";"NPC_";"Dragonborn.esm"
"index 2|004208";"DLC1RadiantDisguisedVampireLord";"NPC_";"HearthFires.esm"
"index 2|003D05";"DLC1Malkus";"NPC_";"HearthFires.esm"
"index 2|01AAB2";"DLC1EncSprigganEarthMother_Ambush";"NPC_";"The Great City of Solitude.esp"
"index 2|01A505";"DLC01SoulCairnSoulMageFemale03";"NPC_";"Dragonborn.esm"
"index 2|01A504";"DLC01SoulCairnSoulMageFemale02";"NPC_";"Dragonborn.esm"
"index 2|01A503";"DLC01SoulCairnSoulMageMale03";"NPC_";"Dragonborn.esm"
"index 2|01A502";"DLC01SoulCairnSoulPrisonerMale";"NPC_";"Dragonborn.esm"
"index 2|01A4FF";"DLC01SoulCairnSoulPrisonerFemale";"NPC_";"Dragonborn.esm"
"index 2|01A4FE";"DLC01SoulCairnSoulMeleeMale02";"NPC_";"Dragonborn.esm"
"index 2|01A4FD";"DLC01SoulCairnSoulHunterM";"NPC_";"Dragonborn.esm"
"index 2|01A4FC";"DLC01SoulCairnSoulHunterF";"NPC_";"Dragonborn.esm"
"index 2|01A4FA";"DLC01SoulCairnSoulMeleeFemale02";"NPC_";"Dragonborn.esm"
"index 2|01A4F9";"DLC01SoulCairnSoulMageMale02";"NPC_";"Dragonborn.esm"
"index 2|01A4F8";"DLC01SoulCairnSoulMageFemale";"NPC_";"Dragonborn.esm"
"index 2|01A4F7";"DLC01SoulCairnSoulMageMale";"NPC_";"Dragonborn.esm"
"index 2|01993E";"DLC1_WESC08_LvlDawnguardSlain";"NPC_";"Dragonborn.esm"
"index 2|01993D";"DLC1_WESC07_Outrider";"NPC_";"Dragonborn.esm"
"index 2|01830E";"DLC1VCSkeletonWarriorMissile1_Ambush";"NPC_";"Dragonborn.esm"
"index 2|018066";"DLC1LvlCastleThrall";"NPC_";"Dragonborn.esm"
"index 2|016907";"DLC1EncGargoyleSummon";"NPC_";"Dragonborn.esm"
"index 2|01684C";"DLC1FerrymanTemplateNew";"NPC_";"Dragonborn.esm"
"index 2|0162B8";"DLC1dunLabyrinthianSkeletonAmbushMage";"NPC_";"Dragonborn.esm"
"index 2|01602C";"DLC01SoulCairnSoulCow";"NPC_";"Dragonborn.esm"
"index 2|015DF4";"DLC01SoulCairnSoulFarmFemale";"NPC_";"Dragonborn.esm"
"index 2|015DF3";"DLC01SoulCairnSoulFarmMale";"NPC_";"Dragonborn.esm"
"index 2|015346";"DLC1LD_LvlDwarvenSpiderAmbush";"NPC_";"Dragonborn.esm"
"index 2|015345";"DLC1LD_LvlDwarvenSphereAmbush";"NPC_";"Dragonborn.esm"
"index 2|01513D";"DLC1_BF_FrostAtronachBoss05";"NPC_";"Dragonborn.esm"
"index 2|01513C";"DLC1_BF_FrostAtronachBoss04";"NPC_";"Dragonborn.esm"
"index 2|01513B";"DLC1_BF_FrostAtronachBoss03";"NPC_";"Dragonborn.esm"
"index 2|01513A";"DLC1_BF_FrostAtronachBoss02";"NPC_";"Dragonborn.esm"
"index 2|015139";"DLC1_BF_FrostAtronachBoss01";"NPC_";"Dragonborn.esm"
"index 2|015138";"DLC1_BF_FrostAtronachBossTemplate";"NPC_";"Dragonborn.esm"
"index 2|015125";"DLC1_BF_LVLFrozenFalmerShaman";"NPC_";"Dragonborn.esm"
"index 2|01511D";"DLC1_BF_LVLFrozenChaurus";"NPC_";"Dragonborn.esm"
"index 2|0150B6";"DLC01SoulCairnSoulOrcMale";"NPC_";"Dragonborn.esm"
"index 2|0150B5";"DLC01SoulCairnSoulMissileFemale";"NPC_";"Dragonborn.esm"
"index 2|0150B4";"DLC01SoulCairnSoulMissileMale";"NPC_";"Dragonborn.esm"
"index 2|0150B3";"DLC01SoulCairnSoulNecromancerFemale";"NPC_";"Dragonborn.esm"
"index 2|0150B2";"DLC01SoulCairnSoulNecromancerMale";"NPC_";"Dragonborn.esm"
"index 2|0150B1";"DLC01SoulCairnSoulMeleeFemale";"NPC_";"Dragonborn.esm"
"index 2|0150AF";"DLC1LvlSoulCairnBonemanMeleeAmbush";"NPC_";"Dragonborn.esm"
"index 2|0142BD";"DLC1LD_EncDwarvenSphereSummonMishap";"NPC_";"Dragonborn.esm"
"index 2|0142BC";"DLC1LD_EncDwarvenSpiderSummonMishap";"NPC_";"Dragonborn.esm"
"index 2|01199C";"DLC1VQ01LvlVigilantOfStendarrCorpse";"NPC_";"Dragonborn.esm"
"index 2|0117F1";"DLC1LvlTrollArmoredPlayerFollower";"NPC_";"Dragonborn.esm"
"index 2|00EA8B";"DLC01SoulCairnKeeperSoul";"NPC_";"Dragonborn.esm"
"index 2|00E193";"DLC1_BF_LVLFrostAtronachBoss";"NPC_";"The Great City of Solitude.esp"
"index 2|00D982";"DLC1_BF_FrozenFalmerWingsMelee";"NPC_";"Dragonborn.esm"
"index 2|00CFBC";"DLC1LD_EncDwarvenSpiderSummon02";"NPC_";"Dragonborn.esm"
"index 2|00CFBB";"DLC1LD_EncDwarvenSpiderSummon01";"NPC_";"Dragonborn.esm"
"index 2|00CFBA";"DLC1LD_EncDwarvenSphereSummon02";"NPC_";"Dragonborn.esm"
"index 2|00CFB8";"DLC1LD_EncDwarvenSphereSummon01";"NPC_";"Dragonborn.esm"
"index 2|00C71A";"DLC1DurnehviirSummon";"NPC_";"Dragonborn.esm"
"index 2|00C5FD";"DLC1EncDragon07Frost";"NPC_";"Dragonborn.esm"
"index 2|00C5F5";"DLC1EncDragon07Fire";"NPC_";"Dragonborn.esm"
"index 2|00C21D";"DLC1EncChaurusHunterAmbush";"NPC_";"Dragonborn.esm"
"index 2|00BFF0";"DLC1VQ05BonemanSummon";"NPC_";"Dragonborn.esm"
"index 2|00BF5E";"DLC1LvlSoulCairnBonemanMissileAmbush";"NPC_";"Dragonborn.esm"
"index 2|00BF5C";"DLC1LvlSoulCairnMistmanAmbush";"NPC_";"Dragonborn.esm"
"index 2|00A906";"DLC01SoulCairnSoulDefault";"NPC_";"Dragonborn.esm"
"index 2|00A8B0";"DLC1Prelate04";"NPC_";"Dragonborn.esm"
"index 2|00A8AE";"DLC1Prelate03";"NPC_";"Dragonborn.esm"
"index 2|00A8AD";"DLC1Prelate02";"NPC_";"Dragonborn.esm"
"index 2|00A8AC";"DLC1Prelate01";"NPC_";"Dragonborn.esm"
"index 2|008B34";"DLC1SoulCairnCrystalCaster";"NPC_";"The Great City of Solitude.esp"
"index 2|008440";"DLC1LvlChaurusNoHunterAmbush";"NPC_";"JK's Riverwood.esp"
"index 2|008431";"DLC1EncDragon06Fire";"NPC_";"JK's Riverwood.esp"
"index 2|013833";"DLC1RuunvaldKey01";"KEYM";"Dragonborn.esm"
"index 2|01A3F0";"";"REFR";"Dragonborn.esm"
"index 2|01A3EF";"";"REFR";"Dragonborn.esm"
"index 2|01A3EE";"";"REFR";"Dragonborn.esm"
"index 2|00D932";"DLC1VQ01MiscObjectiveSetStage115";"REFR";"Dragonborn.esm"
"index 2|00D92B";"DLC1VQ01MiscObjectiveSetStage110";"REFR";"Dragonborn.esm"
"index 2|013EB2";"DLC1VQ03HunterStage90Trigger001";"REFR";"Dragonborn.esm"
"index 2|0168A0";"";"ACHR";"Dragonborn.esm"
"index 2|01689D";"";"ACHR";"Dragonborn.esm"
"index 2|01611C";"";"REFR";"Dragonborn.esm"
"index 2|0160E1";"";"REFR";"Dragonborn.esm"
"index 2|015B8E";"";"REFR";"Dragonborn.esm"
"index 2|00CFD7";"";"REFR";"Dragonborn.esm"
"index 2|00E18D";"";"ACHR";"The Great City of Solitude.esp"
"index 2|00E18C";"";"ACHR";"The Great City of Solitude.esp"
"index 2|00E18B";"";"ACHR";"The Great City of Solitude.esp"
"index 2|00E18A";"";"ACHR";"The Great City of Solitude.esp"
"index 2|00CFC2";"";"REFR";"Dragonborn.esm"
"index 2|00B5E6";"DLC1LDFragment01";"REFR";"Dragonborn.esm"
"index 2|00784A";"";"REFR";"The Great City of Solitude.esp"
"index 2|01445B";"";"REFR";"Dragonborn.esm"
"index 2|014456";"";"REFR";"Dragonborn.esm"
"index 2|014455";"";"REFR";"Dragonborn.esm"
"index 2|0143F7";"";"REFR";"Dragonborn.esm"
"index 2|0143F6";"";"REFR";"Dragonborn.esm"
"index 2|0143F5";"";"REFR";"Dragonborn.esm"
"index 2|014257";"";"REFR";"Dragonborn.esm"
"index 2|013F79";"";"REFR";"Dragonborn.esm"
"index 2|016899";"";"ACHR";"Dragonborn.esm"
"index 2|016896";"";"ACHR";"Dragonborn.esm"
"index 2|015145";"";"REFR";"Dragonborn.esm"
"index 2|015144";"";"REFR";"Dragonborn.esm"
"index 2|0168E5";"";"REFR";"Dragonborn.esm"
"index 2|0168A4";"";"ACHR";"Dragonborn.esm"
"index 2|0168A1";"";"ACHR";"Dragonborn.esm"
"index 2|01688E";"";"ACHR";"Dragonborn.esm"
"index 2|016524";"";"REFR";"Dragonborn.esm"
"index 2|016118";"";"REFR";"Dragonborn.esm"
"index 2|0160DE";"";"REFR";"Dragonborn.esm"
"index 2|0160DD";"";"REFR";"Dragonborn.esm"
"index 2|0160D9";"";"REFR";"Dragonborn.esm"
"index 2|015143";"";"REFR";"Dragonborn.esm"
"index 2|015142";"";"REFR";"Dragonborn.esm"
"index 2|015141";"";"REFR";"Dragonborn.esm"
"index 2|00CFE6";"";"REFR";"Dragonborn.esm"
"index 2|00CFE4";"";"REFR";"Dragonborn.esm"
"index 2|00CFE3";"";"REFR";"Dragonborn.esm"
"index 2|00CFE2";"";"REFR";"Dragonborn.esm"
"index 2|00CFE1";"";"REFR";"Dragonborn.esm"
"index 2|00CFE0";"";"REFR";"Dragonborn.esm"
"index 2|00CFDF";"";"REFR";"Dragonborn.esm"
"index 2|00CFDE";"";"REFR";"Dragonborn.esm"
"index 2|00CFDD";"";"REFR";"Dragonborn.esm"
"index 2|00CFDC";"";"REFR";"Dragonborn.esm"
"index 2|00CFDB";"";"REFR";"Dragonborn.esm"
"index 2|00CFDA";"";"REFR";"Dragonborn.esm"
"index 2|00CFD9";"";"REFR";"Dragonborn.esm"
"index 2|00CFD8";"";"REFR";"Dragonborn.esm"
"index 2|00CFD6";"";"REFR";"Dragonborn.esm"
"index 2|00CFD4";"";"REFR";"Dragonborn.esm"
"index 2|00CFD3";"";"REFR";"Dragonborn.esm"
"index 2|00CFD2";"";"REFR";"Dragonborn.esm"
"index 2|013806";"DLC1VCGargoyleTrackerRef";"REFR";"Dragonborn.esm"
"index 2|013802";"DLC1VCCandleSceneTriggerRef";"REFR";"Dragonborn.esm"
"index 2|0196DB";"";"REFR";"Dragonborn.esm"
"index 2|0196DC";"";"REFR";"Dragonborn.esm"
"index 2|018E43";"";"REFR";"Dragonborn.esm"
"index 2|018AF2";"";"REFR";"Dragonborn.esm"
"index 2|018ADE";"";"REFR";"Dragonborn.esm"
"index 2|0189A2";"";"REFR";"Dragonborn.esm"
"index 2|0189A1";"";"REFR";"Dragonborn.esm"
"index 2|0189A0";"";"REFR";"Dragonborn.esm"
"index 2|01891A";"";"REFR";"Dragonborn.esm"
"index 2|018302";"";"REFR";"Dragonborn.esm"
"index 2|0176D9";"";"REFR";"Dragonborn.esm"
"index 2|018E41";"";"ACHR";"Dragonborn.esm"
"index 2|018E3E";"";"ACHR";"Dragonborn.esm"
"index 2|018E3B";"";"ACHR";"Dragonborn.esm"
"index 2|00B9F7";"DLC1VQ04PortalRef";"REFR";"Dragonborn.esm"
"index 2|01AAD8";"";"REFR";"The Great City of Solitude.esp"
"index 2|01AAD7";"DLC2TTF2Water";"ACTI";"The Great City of Solitude.esp"
"index 2|01AAD6";"";"REFR";"The Great City of Solitude.esp"
"index 2|01AAD5";"";"REFR";"The Great City of Solitude.esp"
"index 2|01AA92";"";"INFO";"The Great City of Solitude.esp"
"index 2|01AA91";"";"ACHR";"The Great City of Solitude.esp"
"index 2|01AA90";"";"ACHR";"The Great City of Solitude.esp"
"index 2|01AA8F";"";"ACHR";"The Great City of Solitude.esp"
"index 2|019B21";"";"REFR";"Dragonborn.esm"
"index 2|019960";"";"REFR";"Dragonborn.esm"
"index 2|018921";"";"ACHR";"Dragonborn.esm"
"index 2|01891E";"";"ACHR";"Dragonborn.esm"
"index 2|01831E";"";"ACHR";"Dragonborn.esm"
"index 2|018315";"";"ACHR";"Dragonborn.esm"
"index 2|00DBA3";"";"ACHR";"Dragonborn.esm"
"index 2|00D9B4";"";"REFR";"Dragonborn.esm"
"index 2|00D9B8";"";"REFR";"Dragonborn.esm"
"index 2|00D9B6";"";"REFR";"Dragonborn.esm"
"index 2|00D9AF";"";"REFR";"Dragonborn.esm"
"index 2|00D9EA";"";"REFR";"Dragonborn.esm"
"index 2|00DB03";"";"REFR";"The Great City of Solitude.esp"
"index 2|00DB00";"";"REFR";"Dragonborn.esm"
"index 2|00DAFE";"";"REFR";"The Great City of Solitude.esp"
"index 2|010754";"";"REFR";"Dragonborn.esm"
"index 2|01A993";"";"REFR";"Dragonborn.esm"
"index 2|01A98B";"";"REFR";"Dragonborn.esm"
"index 2|0145ED";"";"REFR";"Dragonborn.esm"
"index 2|0138BD";"";"REFR";"Dragonborn.esm"
"index 2|005C3D";"";"REFR";"JK's Riverwood.esp"
"index 2|00DBAE";"";"ACHR";"Dragonborn.esm"
"index 2|00D9ED";"";"REFR";"Dragonborn.esm"
"index 2|00F4F6";"";"REFR";"The Great City of Solitude.esp"
"index 2|00C901";"";"REFR";"Dragonborn.esm"
"index 2|01AAD3";"";"REFR";"The Great City of Solitude.esp"
"index 2|01AAD1";"";"REFR";"The Great City of Solitude.esp"
"index 2|019963";"";"REFR";"Dragonborn.esm"
"index 2|019962";"";"REFR";"Dragonborn.esm"
"index 2|019961";"";"REFR";"Dragonborn.esm"
"index 2|00DA25";"";"REFR";"Dragonborn.esm"
"index 2|00DA13";"";"REFR";"Dragonborn.esm"
"index 2|00D9DB";"";"REFR";"Dragonborn.esm"
"index 2|00DB1E";"";"REFR";"The Great City of Solitude.esp"
"index 2|00DB1B";"";"REFR";"Dragonborn.esm"
"index 2|01AADD";"";"REFR";"The Great City of Solitude.esp"
"index 2|015D6D";"";"ACHR";"Dragonborn.esm"
"index 2|00BF60";"";"ACHR";"Dragonborn.esm"
"index 2|00A4F8";"";"ACHR";"Dragonborn.esm"
"index 2|00B5EF";"DLC1LDFragment04";"REFR";"Dragonborn.esm"
"index 2|014F0F";"";"REFR";"Dragonborn.esm"
"index 2|012CB8";"";"REFR";"Dragonborn.esm"
"index 2|0126AA";"";"REFR";"Dragonborn.esm"
"index 2|00F390";"";"REFR";"The Great City of Solitude.esp"
"index 2|01AAD9";"";"REFR";"The Great City of Solitude.esp"
"index 2|017775";"";"REFR";"Dragonborn.esm"
"index 2|017774";"";"REFR";"Dragonborn.esm"
"index 2|017773";"";"REFR";"Dragonborn.esm"
"index 2|01039B";"DLC1VQ02TrigSetStage8";"REFR";"Dragonborn.esm"
"index 2|00B2A3";"";"REFR";"The Great City of Solitude.esp"
"index 2|00B29A";"";"REFR";"The Great City of Solitude.esp"
"index 2|00B297";"";"REFR";"The Great City of Solitude.esp"
"index 2|00B23F";"";"REFR";"Dragonborn.esm"
"index 2|00B23B";"";"REFR";"The Great City of Solitude.esp"
"index 2|00B1F4";"";"REFR";"Dragonborn.esm"
"index 2|0135BE";"";"REFR";"Dragonborn.esm"
"index 2|00B293";"";"REFR";"The Great City of Solitude.esp"
"index 2|00B291";"";"REFR";"The Great City of Solitude.esp"
"index 2|00B282";"";"REFR";"The Great City of Solitude.esp"
"index 2|00B279";"";"REFR";"The Great City of Solitude.esp"
"index 2|00B21B";"";"REFR";"Dragonborn.esm"
"index 2|00B1E4";"";"REFR";"Dragonborn.esm"
"index 2|004242";"";"REFR";"HearthFires.esm"
"index 2|004240";"";"REFR";"HearthFires.esm"
"index 2|00423F";"";"REFR";"HearthFires.esm"
"index 2|00B248";"";"REFR";"The Great City of Solitude.esp"
"index 2|00B5F3";"DLC1LDFragment02";"REFR";"Dragonborn.esm"
"index 2|014F10";"";"REFR";"Dragonborn.esm"
"index 2|003F64";"";"REFR";"HearthFires.esm"
"index 2|003F62";"";"REFR";"HearthFires.esm"
"index 2|003F61";"";"REFR";"HearthFires.esm"
"index 2|003F60";"";"REFR";"HearthFires.esm"
"index 2|003F5E";"";"REFR";"HearthFires.esm"
"index 2|00C177";"DLC1VQ07DarkfallWayshrine01Ref";"REFR";"Dragonborn.esm"
"index 2|012DC7";"";"REFR";"Dragonborn.esm"
"index 2|003F5C";"";"REFR";"HearthFires.esm"
"index 2|003F54";"";"REFR";"HearthFires.esm"
"index 2|018EE7";"";"REFR";"Dragonborn.esm"
"index 2|0178AA";"";"REFR";"Dragonborn.esm"
"index 2|0167CD";"";"REFR";"Dragonborn.esm"
"index 2|0167CC";"";"REFR";"Dragonborn.esm"
"index 2|0167AE";"DLC1dunDarkfallCave01SeranaTrig02REF";"REFR";"Dragonborn.esm"
"index 2|0167AD";"";"REFR";"Dragonborn.esm"
"index 2|0167AC";"DLC1dunDarkfallCave01SeranaTrig01REF";"REFR";"Dragonborn.esm"
"index 2|0167A8";"";"REFR";"Dragonborn.esm"
"index 2|0112FD";"";"ACHR";"Dragonborn.esm"
"index 2|0112FB";"";"ACHR";"Dragonborn.esm"
"index 2|0112F9";"";"ACHR";"Dragonborn.esm"
"index 2|00A4F5";"";"ACHR";"Dragonborn.esm"
"index 2|00A4F4";"";"ACHR";"Dragonborn.esm"
"index 2|00A4F0";"";"ACHR";"Dragonborn.esm"
"index 2|0078FA";"";"REFR";"The Great City of Solitude.esp"
"index 2|00F760";"";"REFR";"The Great City of Solitude.esp"
"index 2|00E668";"";"REFR";"Dragonborn.esm"
"index 2|00E667";"";"REFR";"Dragonborn.esm"
"index 2|00D1BC";"";"REFR";"Dragonborn.esm"
"index 2|00D1BB";"";"REFR";"Dragonborn.esm"
"index 2|00D1BA";"";"REFR";"Dragonborn.esm"
"index 2|00D1B7";"DLC1HarkonFontRef";"ACHR";"Dragonborn.esm"
"index 2|00D1B6";"";"REFR";"Dragonborn.esm"
"index 2|00D1B5";"";"REFR";"Dragonborn.esm"
"index 2|00D1B4";"";"REFR";"Dragonborn.esm"
"index 2|00D1B0";"";"ACHR";"Dragonborn.esm"
"index 2|00D1AF";"";"ACHR";"Dragonborn.esm"
"index 2|00D1AE";"";"ACHR";"Dragonborn.esm"
"index 2|00D1AD";"";"ACHR";"Dragonborn.esm"
"index 2|00D1AC";"";"ACHR";"Dragonborn.esm"
"index 2|00D1AB";"";"ACHR";"Dragonborn.esm"
"index 2|00D1AA";"";"ACHR";"Dragonborn.esm"
"index 2|00D1A9";"";"ACHR";"Dragonborn.esm"
"index 2|00D1A8";"";"ACHR";"Dragonborn.esm"
"index 2|00D1A6";"";"ACHR";"Dragonborn.esm"
"index 2|00D17A";"VQ08EnemyTrigger3";"REFR";"Dragonborn.esm"
"index 2|00D179";"VQ08EnemyTrigger2";"REFR";"Dragonborn.esm"
"index 2|00D178";"VQ08EnemyTrigger1";"REFR";"Dragonborn.esm"
"index 2|00D175";"";"ACHR";"Dragonborn.esm"
"index 2|00D172";"";"ACHR";"Dragonborn.esm"
"index 2|00D16F";"";"ACHR";"Dragonborn.esm"
"index 2|0126A9";"DLC1VCBossRoomAttachTracker";"REFR";"Dragonborn.esm"
"index 2|011ECA";"";"REFR";"Dragonborn.esm"
"index 2|00DB47";"";"REFR";"Dragonborn.esm"
"index 2|00DB3E";"";"REFR";"Dragonborn.esm"
"index 2|00DB62";"";"REFR";"Dragonborn.esm"
"index 2|00DB5C";"";"REFR";"Dragonborn.esm"
"index 2|00DB4B";"";"REFR";"Dragonborn.esm"
"index 2|00DB44";"";"REFR";"Dragonborn.esm"
"index 2|00DB43";"";"REFR";"Dragonborn.esm"
"index 2|00DB41";"";"REFR";"Dragonborn.esm"
"index 2|019B22";"";"REFR";"Dragonborn.esm"
"index 2|015369";"";"REFR";"Dragonborn.esm"
"index 2|015368";"";"REFR";"Dragonborn.esm"
"index 2|015359";"";"REFR";"Dragonborn.esm"
"index 2|015358";"";"REFR";"Dragonborn.esm"
"index 2|015357";"";"REFR";"Dragonborn.esm"
"index 2|015356";"";"REFR";"Dragonborn.esm"
"index 2|019100";"DLC1LD_FXSteamForge01";"REFR";"Dragonborn.esm"
"index 2|0190E6";"";"REFR";"Dragonborn.esm"
"index 2|016593";"";"REFR";"Dragonborn.esm"
"index 2|016592";"";"REFR";"Dragonborn.esm"
"index 2|016591";"";"REFR";"Dragonborn.esm"
"index 2|01644C";"";"REFR";"Dragonborn.esm"
"index 2|015C58";"DLC1LD_SphereBattleManager1Done";"REFR";"Dragonborn.esm"
"index 2|015C56";"DLC1LD_SpiderBattleManager1Done";"REFR";"Dragonborn.esm"
"index 2|015C55";"DLC1LD_SpiderBattleManager2";"REFR";"Dragonborn.esm"
"index 2|015408";"";"REFR";"Dragonborn.esm"
"index 2|015407";"";"REFR";"Dragonborn.esm"
"index 2|015353";"DLC1LD_FXSteamRight";"REFR";"Dragonborn.esm"
"index 2|015352";"DLC1LD_FXSteamCenter";"REFR";"Dragonborn.esm"
"index 2|015351";"DLC1LD_FXSteamLeft";"REFR";"Dragonborn.esm"
"index 2|014F11";"";"REFR";"Dragonborn.esm"
"index 2|014120";"";"REFR";"Dragonborn.esm"
"index 2|014BEF";"";"ACHR";"Dragonborn.esm"
"index 2|014BEE";"";"ACHR";"Dragonborn.esm"
"index 2|014BED";"";"ACHR";"Dragonborn.esm"
"index 2|014BE8";"";"ACHR";"Dragonborn.esm"
"index 2|014BE7";"";"ACHR";"Dragonborn.esm"
"index 2|014BE6";"";"ACHR";"Dragonborn.esm"
"index 2|014BE1";"";"ACHR";"Dragonborn.esm"
"index 2|014BE0";"";"ACHR";"Dragonborn.esm"
"index 2|014BDF";"";"ACHR";"Dragonborn.esm"
"index 2|014BDE";"";"ACHR";"Dragonborn.esm"
"index 2|014BDD";"";"ACHR";"Dragonborn.esm"
"index 2|014BDC";"";"ACHR";"Dragonborn.esm"
"index 2|014BDB";"";"ACHR";"Dragonborn.esm"
"index 2|014BDA";"";"ACHR";"Dragonborn.esm"
"index 2|014BD9";"";"ACHR";"Dragonborn.esm"
"index 2|014BD8";"";"ACHR";"Dragonborn.esm"
"index 2|014BD6";"DLC1LD_SpiderBattleManager1";"REFR";"Dragonborn.esm"
"index 2|014BD5";"DLC1LD_SphereBattleManager";"REFR";"Dragonborn.esm"
"index 2|00CFED";"";"REFR";"Dragonborn.esm"
"index 2|0190ED";"";"REFR";"Dragonborn.esm"
"index 2|0190EC";"";"REFR";"Dragonborn.esm"
"index 2|0190EB";"";"REFR";"Dragonborn.esm"
"index 2|0190E8";"";"REFR";"Dragonborn.esm"
"index 2|0190E7";"";"REFR";"Dragonborn.esm"
"index 2|01A85D";"";"REFR";"Dragonborn.esm"
"index 2|01A847";"";"REFR";"Dragonborn.esm"
"index 2|01A83E";"";"REFR";"Dragonborn.esm"
"index 2|01A83D";"";"REFR";"Dragonborn.esm"
"index 2|01A2BE";"";"REFR";"Dragonborn.esm"
"index 2|01A2BD";"";"REFR";"Dragonborn.esm"
"index 2|01A2BB";"";"REFR";"Dragonborn.esm"
"index 2|019127";"";"REFR";"Dragonborn.esm"
"index 2|019126";"";"REFR";"Dragonborn.esm"
"index 2|0164AB";"";"REFR";"Dragonborn.esm"
"index 2|01644B";"";"REFR";"Dragonborn.esm"
"index 2|015C65";"";"REFR";"Dragonborn.esm"
"index 2|015C54";"";"REFR";"Dragonborn.esm"
"index 2|014F13";"";"REFR";"Dragonborn.esm"
"index 2|00CFEF";"";"REFR";"Dragonborn.esm"
"index 2|0149A5";"";"REFR";"Dragonborn.esm"
"index 2|00E7AD";"";"REFR";"Dragonborn.esm"
"index 2|014AE7";"";"REFR";"Dragonborn.esm"
"index 2|0148C2";"";"ACHR";"Dragonborn.esm"
"index 2|0148A1";"";"REFR";"Dragonborn.esm"
"index 2|014867";"";"REFR";"The Great City of Solitude.esp"
"index 2|013824";"";"ACHR";"Dragonborn.esm"
"index 2|00B61E";"";"REFR";"Dragonborn.esm"
"index 2|01241E";"";"REFR";"Dragonborn.esm"
"index 2|01241D";"";"REFR";"Dragonborn.esm"
"index 2|006854";"";"REFR";"JK's Riverwood.esp"
"index 2|006851";"";"REFR";"JK's Riverwood.esp"
"index 2|006850";"";"REFR";"JK's Riverwood.esp"
"index 2|01294C";"";"REFR";"Dragonborn.esm"
"index 2|012947";"";"REFR";"Dragonborn.esm"
"index 2|012946";"";"REFR";"Dragonborn.esm"
"index 2|012885";"";"REFR";"Dragonborn.esm"
"index 2|012884";"";"REFR";"Dragonborn.esm"
"index 2|012883";"";"REFR";"Dragonborn.esm"
"index 2|012882";"";"REFR";"Dragonborn.esm"
"index 2|01260D";"";"REFR";"Dragonborn.esm"
"index 2|012455";"";"REFR";"Dragonborn.esm"
"index 2|012450";"";"REFR";"Dragonborn.esm"
"index 2|01244D";"";"REFR";"Dragonborn.esm"
"index 2|01244B";"";"REFR";"Dragonborn.esm"
"index 2|012449";"";"REFR";"Dragonborn.esm"
"index 2|012420";"";"REFR";"Dragonborn.esm"
"index 2|01241B";"";"REFR";"Dragonborn.esm"
"index 2|012419";"";"REFR";"Dragonborn.esm"
"index 2|012417";"";"REFR";"Dragonborn.esm"
"index 2|012414";"";"REFR";"Dragonborn.esm"
"index 2|012413";"";"REFR";"Dragonborn.esm"
"index 2|00D9AB";"";"REFR";"Dragonborn.esm"
"index 2|01514B";"";"REFR";"Dragonborn.esm"
"index 2|01514A";"";"REFR";"Dragonborn.esm"
"index 2|012F61";"DLC1RedwaterSecDoorVQIntro";"REFR";"Dragonborn.esm"
"index 2|013EB1";"";"REFR";"Dragonborn.esm"
"index 2|00A566";"";"REFR";"Dragonborn.esm"
"index 2|00A565";"";"REFR";"Dragonborn.esm"
"index 2|0145EE";"";"REFR";"Dragonborn.esm"
"index 2|003AF6";"";"REFR";"HearthFires.esm"
"index 2|003AF2";"";"REFR";"HearthFires.esm"
"index 2|003AF1";"";"REFR";"HearthFires.esm"
"index 2|012A91";"";"ACHR";"Dragonborn.esm"
"index 2|012A8E";"";"ACHR";"Dragonborn.esm"
"index 2|00DBF9";"";"REFR";"Dragonborn.esm"
"index 2|00DBF7";"";"REFR";"Dragonborn.esm"
"index 2|010E02";"";"REFR";"Dragonborn.esm"
"index 2|014D77";"";"REFR";"Dragonborn.esm"
"index 2|012EB4";"";"REFR";"Dragonborn.esm"
"index 2|018062";"";"REFR";"Dragonborn.esm"
"index 2|003E88";"";"REFR";"HearthFires.esm"
"index 2|00F7F4";"";"REFR";"Dragonborn.esm"
"index 2|011CE2";"DLC1VQ01SetStage18";"REFR";"Dragonborn.esm"
"index 2|00FB21";"DLC1VQ01SetStage17";"REFR";"Dragonborn.esm"
"index 2|003EDC";"";"REFR";"HearthFires.esm"
"index 2|017731";"";"ACHR";"Dragonborn.esm"
"index 2|01772F";"";"ACHR";"Dragonborn.esm"
"index 2|01772C";"";"ACHR";"Dragonborn.esm"
"index 2|015AB4";"";"REFR";"Dragonborn.esm"
"index 2|015AB1";"";"REFR";"Dragonborn.esm"
"index 2|015AAF";"";"REFR";"Dragonborn.esm"
"index 2|015AAC";"";"REFR";"Dragonborn.esm"
"index 2|0153EB";"";"REFR";"Dragonborn.esm"
"index 2|00C384";"";"REFR";"Dragonborn.esm"
"index 2|00C380";"";"REFR";"Dragonborn.esm"
"index 2|015148";"";"REFR";"Dragonborn.esm"
"index 2|015146";"";"REFR";"Dragonborn.esm"
"index 2|00F69B";"";"REFR";"The Great City of Solitude.esp"
"index 2|00F69A";"";"REFR";"The Great City of Solitude.esp"
"index 2|00F697";"";"REFR";"The Great City of Solitude.esp"
"index 2|00EE81";"";"REFR";"Dragonborn.esm"
"index 2|00EE7F";"";"REFR";"Dragonborn.esm"
"index 2|00EE78";"";"REFR";"Dragonborn.esm"
"index 2|00EE6E";"";"REFR";"Dragonborn.esm"
"index 2|015149";"";"REFR";"Dragonborn.esm"
"index 2|015147";"";"REFR";"Dragonborn.esm"
"index 2|00C383";"";"REFR";"Dragonborn.esm"
"index 2|00C382";"";"REFR";"Dragonborn.esm"
"index 2|00C37F";"";"REFR";"Dragonborn.esm"
"index 2|00C376";"";"ACHR";"Dragonborn.esm"
"index 2|00C33F";"";"ACHR";"Dragonborn.esm"
"index 2|00CB5C";"";"REFR";"Dragonborn.esm"
"index 2|00CB23";"";"REFR";"Dragonborn.esm"
"index 2|00CB21";"";"ACHR";"Dragonborn.esm"
"index 2|00CB1A";"";"ACHR";"Dragonborn.esm"
"index 2|00CB17";"";"ACHR";"Dragonborn.esm"
"index 2|019B23";"";"REFR";"Dragonborn.esm"
"index 2|014CC2";"";"REFR";"Dragonborn.esm"
"index 2|014C20";"";"REFR";"Dragonborn.esm"
"index 2|01668B";"";"REFR";"Dragonborn.esm"
"index 2|01A53F";"";"ACHR";"Dragonborn.esm"
"index 2|01A53E";"";"ACHR";"Dragonborn.esm"
"index 2|01A528";"";"ACHR";"Dragonborn.esm"
"index 2|01679F";"";"REFR";"Dragonborn.esm"
"index 2|01679E";"";"REFR";"Dragonborn.esm"
"index 2|01679D";"";"REFR";"Dragonborn.esm"
"index 2|013B4F";"";"REFR";"Dragonborn.esm"
"index 2|00D075";"DLC1VQ01Stage15Trigger";"REFR";"Dragonborn.esm"
"index 2|008BAC";"";"REFR";"The Great City of Solitude.esp"
"index 2|003F58";"";"REFR";"HearthFires.esm"
"index 2|01075A";"";"REFR";"Dragonborn.esm"
"index 2|003F5A";"";"REFR";"HearthFires.esm"
"index 2|0153DF";"";"REFR";"Dragonborn.esm"
"index 2|01470B";"";"REFR";"Dragonborn.esm"
"index 2|01470A";"";"REFR";"Dragonborn.esm"
"index 2|014707";"DLC1RedwaterDisableOnResetParent";"REFR";"Dragonborn.esm"
"index 2|013F36";"DLC1VCD2DisableOnResetParent";"REFR";"Dragonborn.esm"
"index 2|013F35";"";"REFR";"Dragonborn.esm"
"index 2|013F33";"";"REFR";"Dragonborn.esm"
"index 2|013F30";"DLC1VCD1DisableOnResetParent";"REFR";"Dragonborn.esm"
"index 2|0123FF";"";"REFR";"Dragonborn.esm"
"index 2|01A2BA";"";"REFR";"Dragonborn.esm"
"index 2|016861";"";"REFR";"Dragonborn.esm"
"index 2|016860";"";"REFR";"Dragonborn.esm"
"index 2|01685D";"";"REFR";"Dragonborn.esm"
"index 2|01685C";"";"REFR";"Dragonborn.esm"
"index 2|016859";"";"REFR";"Dragonborn.esm"
"index 2|016858";"";"REFR";"Dragonborn.esm"
"index 2|015ABD";"";"REFR";"Dragonborn.esm"
"index 2|013F26";"";"REFR";"Dragonborn.esm"
"index 2|00D15B";"DLC1VCExtToDungeon02";"REFR";"Dragonborn.esm"
"index 2|00CFF7";"DLC1LD_BthalftRisingStandClearTrigger";"REFR";"Dragonborn.esm"
"index 2|00B62E";"DLC1LDFragment03";"REFR";"Dragonborn.esm"
"index 2|015AB6";"";"REFR";"Dragonborn.esm"
"index 2|0168FE";"";"REFR";"Dragonborn.esm"
"index 2|016856";"";"ACHR";"Dragonborn.esm"
"index 2|014FE6";"";"REFR";"Dragonborn.esm"
"index 2|015ABC";"";"REFR";"Dragonborn.esm"
"index 2|013782";"";"REFR";"Dragonborn.esm"
"index 2|016672";"";"REFR";"Dragonborn.esm"
"index 2|018E4D";"";"REFR";"Dragonborn.esm"
"index 2|016675";"";"REFR";"Dragonborn.esm"
"index 2|01687C";"";"REFR";"Dragonborn.esm"
"index 2|002F11";"";"REFR";"HearthFires.esm"
"index 2|002D96";"";"REFR";"HearthFires.esm"
"index 2|002D91";"";"REFR";"HearthFires.esm"
"index 2|002F0C";"";"REFR";"HearthFires.esm"
"index 2|01959B";"";"REFR";"Dragonborn.esm"
"index 2|002F5C";"DLC1WaterChannelsRef";"REFR";"HearthFires.esm"
"index 2|00D12B";"";"REFR";"Dragonborn.esm"
"index 2|003B65";"";"REFR";"HearthFires.esm"
"index 2|003B5E";"";"REFR";"HearthFires.esm"
"index 2|003B56";"";"REFR";"HearthFires.esm"
"index 2|003B50";"";"REFR";"HearthFires.esm"
"index 2|003B4C";"";"REFR";"HearthFires.esm"
"index 2|003B40";"";"REFR";"HearthFires.esm"
"index 2|003B3B";"";"REFR";"HearthFires.esm"
"index 2|015132";"";"ACHR";"Dragonborn.esm"
"index 2|01512F";"";"ACHR";"Dragonborn.esm"
"index 2|013FEF";"DLC1VQ07BalconyWayshrineRef";"REFR";"Dragonborn.esm"
"index 2|010ADE";"DLC1_BF_DebrisTrig012";"REFR";"Dragonborn.esm"
"index 2|010AC7";"DLC1_BF_DebrisTrig008";"REFR";"Dragonborn.esm"
"index 2|010AC0";"DLC1_BF_DebrisTrig006";"REFR";"Dragonborn.esm"
"index 2|00C6DC";"";"REFR";"Dragonborn.esm"
"index 2|00C155";"DLC1VQ07Wayshrine01Ref";"REFR";"Dragonborn.esm"
"index 2|00B2E2";"DLC1_BF_WaveController03c";"REFR";"Dragonborn.esm"
"index 2|00B2DF";"";"ACHR";"Dragonborn.esm"
"index 2|00B2DC";"";"ACHR";"The Great City of Solitude.esp"
"index 2|00B2D9";"";"ACHR";"Dragonborn.esm"
"index 2|00B2D6";"DLC1_BF_WaveController03b";"REFR";"Dragonborn.esm"
"index 2|0167B9";"DLC1dunFalmerValleySeranaTrig02REF";"REFR";"Dragonborn.esm"
"index 2|0141EE";"";"REFR";"The Great City of Solitude.esp"
"index 2|015151";"";"REFR";"Dragonborn.esm"
"index 2|0167B8";"DLC1dunFalmerValleySeranaTrig01REF";"REFR";"Dragonborn.esm"
"index 2|015152";"";"REFR";"Dragonborn.esm"
"index 2|0167BA";"DLC1dunFalmerValleySeranaTrig03REF";"REFR";"Dragonborn.esm"
"index 2|013E40";"";"ACHR";"Dragonborn.esm"
"index 2|0141EB";"";"REFR";"The Great City of Solitude.esp"
"index 2|0167BB";"";"REFR";"Dragonborn.esm"
"index 2|0167C7";"";"REFR";"Dragonborn.esm"
"index 2|0141AC";"";"REFR";"Dragonborn.esm"
"index 2|00CE82";"";"REFR";"Dragonborn.esm"
"index 2|014C0A";"";"REFR";"Dragonborn.esm"
"index 2|0167BC";"DLC1dunFalmerValleySeranaTrig04REF";"REFR";"Dragonborn.esm"
"index 2|0167BD";"DLC1dunFalmerValleySeranaTrig05REF";"REFR";"Dragonborn.esm"
"index 2|0141EC";"";"REFR";"Dragonborn.esm"
"index 2|014C09";"";"REFR";"Dragonborn.esm"
"index 2|013E2F";"";"ACHR";"Dragonborn.esm"
"index 2|0141B3";"";"REFR";"Dragonborn.esm"
"index 2|0167C8";"";"REFR";"Dragonborn.esm"
"index 2|0141F8";"";"REFR";"The Great City of Solitude.esp"
"index 2|00D130";"";"REFR";"Dragonborn.esm"
"index 2|00D132";"";"REFR";"Dragonborn.esm"
"index 2|0141F6";"";"REFR";"The Great City of Solitude.esp"
"index 2|003B5D";"";"REFR";"HearthFires.esm"
"index 2|0141F5";"";"REFR";"The Great City of Solitude.esp"
"index 2|0167BF";"DLC1dunFalmerValleySeranaTrig07REF";"REFR";"Dragonborn.esm"
"index 2|01080F";"";"ACHR";"Dragonborn.esm"
"index 2|01080C";"";"ACHR";"Dragonborn.esm"
"index 2|0153D9";"";"REFR";"Dragonborn.esm"
"index 2|013F1A";"";"REFR";"Dragonborn.esm"
"index 2|0141F9";"";"REFR";"The Great City of Solitude.esp"
"index 2|013F19";"";"REFR";"Dragonborn.esm"
"index 2|0141F1";"";"REFR";"The Great City of Solitude.esp"
"index 2|0167C0";"";"REFR";"Dragonborn.esm"
"index 2|0141F2";"";"REFR";"The Great City of Solitude.esp"
"index 2|003B45";"";"REFR";"HearthFires.esm"
"index 2|003B48";"";"REFR";"HearthFires.esm"
"index 2|003B4B";"";"REFR";"HearthFires.esm"
"index 2|0141F4";"";"REFR";"Dragonborn.esm"
"index 2|0141F3";"";"REFR";"The Great City of Solitude.esp"
"index 2|003B5A";"";"REFR";"HearthFires.esm"
"index 2|0141B0";"";"REFR";"Dragonborn.esm"
"index 2|0141EA";"";"REFR";"The Great City of Solitude.esp"
"index 2|014BF0";"";"REFR";"Dragonborn.esm"
"index 2|00D053";"";"ACHR";"Dragonborn.esm"
"index 2|0141ED";"";"REFR";"The Great City of Solitude.esp"
"index 2|014C07";"";"REFR";"Dragonborn.esm"
"index 2|0141B1";"";"REFR";"Dragonborn.esm"
"index 2|0141B2";"";"REFR";"Dragonborn.esm"
"index 2|013F1D";"";"REFR";"Dragonborn.esm"
"index 2|0167C1";"";"REFR";"Dragonborn.esm"
"index 2|0142CA";"";"REFR";"Dragonborn.esm"
"index 2|003B68";"";"REFR";"HearthFires.esm"
"index 2|0167C4";"";"REFR";"Dragonborn.esm"
"index 2|013397";"";"REFR";"Dragonborn.esm"
"index 2|013394";"";"REFR";"Dragonborn.esm"
"index 2|0167C3";"";"REFR";"Dragonborn.esm"
"index 2|0167C2";"";"REFR";"Dragonborn.esm"
"index 2|0167C6";"DLC1dunFalmerValleySeranaTrig09REF";"REFR";"Dragonborn.esm"
"index 2|013F1E";"";"REFR";"Dragonborn.esm"
"index 2|010809";"";"ACHR";"Dragonborn.esm"
"index 2|010807";"";"ACHR";"Dragonborn.esm"
"index 2|016683";"";"REFR";"Dragonborn.esm"
"index 2|0141AF";"";"REFR";"Dragonborn.esm"
"index 2|013F1C";"";"REFR";"Dragonborn.esm"
"index 2|0167BE";"DLC1dunFalmerValleySeranaTrig06REF";"REFR";"Dragonborn.esm"
"index 2|013F1B";"";"REFR";"Dragonborn.esm"
"index 2|013F16";"";"REFR";"Dragonborn.esm"
"index 2|013F14";"";"REFR";"Dragonborn.esm"
"index 2|004101";"";"ACHR";"HearthFires.esm"
"index 2|014025";"DLC1VQSaintPage10Ref";"REFR";"Dragonborn.esm"
"index 2|014024";"DLC1VQSaintPage09Ref";"REFR";"Dragonborn.esm"
"index 2|014023";"DLC1VQSaintPage08Ref";"REFR";"Dragonborn.esm"
"index 2|014022";"DLC1VQSaintPage07Ref";"REFR";"Dragonborn.esm"
"index 2|014021";"DLC1VQSaintPage06Ref";"REFR";"Dragonborn.esm"
"index 2|014020";"DLC1VQSaintPage05Ref";"REFR";"Dragonborn.esm"
"index 2|01401E";"DLC1VQSaintPage03Ref";"REFR";"Dragonborn.esm"
"index 2|01401D";"DLC1VQSaintPage02Ref";"REFR";"Dragonborn.esm"
"index 2|01401C";"DLC1VQSaintPage01Ref";"REFR";"Dragonborn.esm"
"index 2|01074E";"";"REFR";"Dragonborn.esm"
"index 2|01073C";"";"REFR";"Dragonborn.esm"
"index 2|010736";"";"REFR";"Dragonborn.esm"
"index 2|01072A";"";"REFR";"Dragonborn.esm"
"index 2|011E25";"";"REFR";"Dragonborn.esm"
"index 2|010724";"";"REFR";"Dragonborn.esm"
"index 2|01071E";"";"REFR";"Dragonborn.esm"
"index 2|010718";"";"REFR";"Dragonborn.esm"
"index 2|010712";"";"REFR";"Dragonborn.esm"
"index 2|00BF70";"";"ACHR";"Dragonborn.esm"
"index 2|00BF6E";"";"ACHR";"Dragonborn.esm"
"index 2|00BF6C";"";"ACHR";"Dragonborn.esm"
"index 2|00BF6A";"";"ACHR";"Dragonborn.esm"
"index 2|010701";"";"REFR";"Dragonborn.esm"
"index 2|004884";"";"ACHR";"HearthFires.esm"
"index 2|0106EC";"";"REFR";"Dragonborn.esm"
"index 2|0106C0";"";"REFR";"Dragonborn.esm"
"index 2|0106A3";"";"REFR";"The Great City of Solitude.esp"
"index 2|010685";"";"REFR";"The Great City of Solitude.esp"
"index 2|010597";"";"REFR";"The Great City of Solitude.esp"
"index 2|010567";"";"REFR";"The Great City of Solitude.esp"
"index 2|010561";"";"REFR";"The Great City of Solitude.esp"
"index 2|015DF7";"";"ACHR";"Dragonborn.esm"
"index 2|01055B";"";"REFR";"The Great City of Solitude.esp"
"index 2|01807C";"";"REFR";"Dragonborn.esm"
"index 2|010553";"";"REFR";"The Great City of Solitude.esp"
"index 2|015D8E";"";"ACHR";"Dragonborn.esm"
"index 2|015D8B";"";"ACHR";"Dragonborn.esm"
"index 2|005177";"";"ACHR";"HearthFires.esm"
"index 2|005173";"";"ACHR";"The Great City of Solitude.esp"
"index 2|00EA8A";"";"ACHR";"Dragonborn.esm"
"index 2|00EA87";"";"ACHR";"Dragonborn.esm"
"index 2|00EA85";"";"ACHR";"Dragonborn.esm"
"index 2|00EA83";"";"ACHR";"Dragonborn.esm"
"index 2|010532";"";"REFR";"The Great City of Solitude.esp"
"index 2|010510";"";"REFR";"The Great City of Solitude.esp"
"index 2|0104D2";"";"REFR";"The Great City of Solitude.esp"
"index 2|010472";"";"REFR";"The Great City of Solitude.esp"
"index 2|010466";"";"REFR";"The Great City of Solitude.esp"
"index 2|010460";"";"REFR";"The Great City of Solitude.esp"
"index 2|01045A";"";"REFR";"The Great City of Solitude.esp"
"index 2|0103C2";"";"REFR";"Dragonborn.esm"
"index 2|0161B3";"";"ACHR";"Dragonborn.esm"
"index 2|00419B";"";"REFR";"HearthFires.esm"
"index 2|0161A9";"";"ACHR";"Dragonborn.esm"
"index 2|0161A5";"";"ACHR";"Dragonborn.esm"
"index 2|0161A1";"";"ACHR";"Dragonborn.esm"
"index 2|0161AD";"";"ACHR";"Dragonborn.esm"
"index 2|0161A3";"";"ACHR";"Dragonborn.esm"
"index 2|0103BA";"";"REFR";"Dragonborn.esm"
"index 2|0103B3";"";"REFR";"Dragonborn.esm"
"index 2|00ED2E";"";"ACHR";"Dragonborn.esm"
"index 2|00ED33";"";"ACHR";"Dragonborn.esm"
"index 2|00ED30";"";"ACHR";"Dragonborn.esm"
"index 2|00ED2D";"";"ACHR";"Dragonborn.esm"
"index 2|00321F";"";"REFR";"HearthFires.esm"
"index 2|010380";"";"REFR";"Dragonborn.esm"
"index 2|01036D";"";"REFR";"Dragonborn.esm"
"index 2|010333";"";"REFR";"Dragonborn.esm"
"index 2|010305";"";"REFR";"Dragonborn.esm"
"index 2|015C9A";"";"ACHR";"Dragonborn.esm"
"index 2|015C98";"";"ACHR";"Dragonborn.esm"
"index 2|015C96";"";"ACHR";"Dragonborn.esm"
"index 2|010270";"";"REFR";"Dragonborn.esm"
"index 2|016177";"";"ACHR";"Dragonborn.esm"
"index 2|01025A";"";"REFR";"Dragonborn.esm"
"index 2|010254";"";"REFR";"Dragonborn.esm"
"index 2|0040A3";"";"ACHR";"JK's Riverwood.esp"
"index 2|00409D";"";"ACHR";"JK's Riverwood.esp"
"index 2|00409C";"";"ACHR";"JK's Riverwood.esp"
"index 2|0101D3";"";"REFR";"Dragonborn.esm"
"index 2|010184";"";"REFR";"Dragonborn.esm"
"index 2|01017D";"";"REFR";"Dragonborn.esm"
"index 2|010177";"";"REFR";"Dragonborn.esm"
"index 2|010171";"";"REFR";"Dragonborn.esm"
"index 2|004104";"";"REFR";"HearthFires.esm"
"index 2|0040D9";"";"REFR";"JK's Riverwood.esp"
"index 2|00FC6E";"DLC1VQ01ChatterTrigger005";"REFR";"Dragonborn.esm"
"index 2|00D92C";"DLC1VQ01MiscObjectiveSetStage100";"REFR";"Dragonborn.esm"
"index 2|00D923";"DLC1VQ01ChatterTrigger003";"REFR";"Dragonborn.esm"
"index 2|00D96F";"";"REFR";"Dragonborn.esm"
"index 2|010FDA";"DLC1VQ02SeranaWaitSceneTrigger";"REFR";"Dragonborn.esm"
"index 2|00D970";"";"REFR";"Dragonborn.esm"
"index 2|00D913";"DLC1VQ01MiscObjectiveSetStage50";"REFR";"Dragonborn.esm"
"index 2|00D924";"DLC1VQ01ChatterTrigger004";"REFR";"Dragonborn.esm"
"index 2|00D922";"DLC1VQ01ChatterTrigger1";"REFR";"Dragonborn.esm"
"index 2|003F44";"DLC1VQ03VampireUpdateObjectives";"REFR";"HearthFires.esm"
"index 2|003F43";"DLC1VQ03HunterUpdateObjective";"REFR";"HearthFires.esm"
"index 2|00413D";"";"REFR";"HearthFires.esm"
"index 2|004132";"";"REFR";"HearthFires.esm"
"index 2|004135";"";"REFR";"HearthFires.esm"
"index 2|00412F";"";"REFR";"HearthFires.esm"
"index 2|00412C";"";"REFR";"HearthFires.esm"
"index 2|0119AB";"DLC1VQ04Portcullis";"REFR";"Dragonborn.esm"
"index 2|01932D";"DLC1VQ06TreeActivator3";"REFR";"Dragonborn.esm"
"index 2|01932C";"DLC1VQ06TreeActivator2";"REFR";"Dragonborn.esm"
"index 2|019329";"DLC1VQ06TreeActivator1";"REFR";"Dragonborn.esm"
"index 2|00D9A0";"";"REFR";"Dragonborn.esm"
"index 2|00FFCC";"";"ACHR";"Dragonborn.esm"
"index 2|012DC5";"";"REFR";"Dragonborn.esm"
"index 2|00FFC9";"";"ACHR";"Dragonborn.esm"
"index 2|003F69";"";"REFR";"HearthFires.esm"
"index 2|003F66";"";"REFR";"HearthFires.esm"
"index 2|003B1F";"";"REFR";"HearthFires.esm"
"index 2|003B1B";"";"REFR";"HearthFires.esm"
"index 2|003B19";"";"ACHR";"HearthFires.esm"
"index 2|018646";"";"REFR";"Dragonborn.esm"
"index 2|01860E";"";"REFR";"Dragonborn.esm"
"index 2|01064F";"";"REFR";"The Great City of Solitude.esp"
"index 2|01062D";"";"REFR";"The Great City of Solitude.esp"
"index 2|00F072";"";"REFR";"Dragonborn.esm"
"index 2|00C166";"";"REFR";"Dragonborn.esm"
"index 2|00C163";"DLC1VQ07Wayshrine00Ref";"REFR";"Dragonborn.esm"
"index 2|018EEA";"DLC1dunDarkfallPassageSeranaTrig06";"REFR";"Dragonborn.esm"
"index 2|00E6BF";"";"REFR";"Dragonborn.esm"
"index 2|0167B4";"DLC1dunDarkfallPassageSeranaTrig02REF";"REFR";"Dragonborn.esm"
"index 2|0167B1";"";"REFR";"Dragonborn.esm"
"index 2|0105FB";"";"ACHR";"The Great City of Solitude.esp"
"index 2|00F07A";"";"ACHR";"Dragonborn.esm"
"index 2|00D6FA";"";"REFR";"Dragonborn.esm"
"index 2|00F08E";"";"ACHR";"Dragonborn.esm"
"index 2|00F077";"";"ACHR";"Dragonborn.esm"
"index 2|00F071";"";"REFR";"Dragonborn.esm"
"index 2|0167C9";"";"REFR";"Dragonborn.esm"
"index 2|0167B2";"";"REFR";"Dragonborn.esm"
"index 2|0162C4";"";"REFR";"Dragonborn.esm"
"index 2|0162CE";"";"REFR";"Dragonborn.esm"
"index 2|0167CA";"";"REFR";"Dragonborn.esm"
"index 2|00F1CD";"";"REFR";"The Great City of Solitude.esp"
"index 2|003F6A";"";"REFR";"HearthFires.esm"
"index 2|00E6B1";"";"REFR";"Dragonborn.esm"
"index 2|0167B6";"DLC1dunDarkfallPassageSeranaTrig04REF";"REFR";"Dragonborn.esm"
"index 2|010661";"";"REFR";"The Great City of Solitude.esp"
"index 2|010659";"";"REFR";"The Great City of Solitude.esp"
"index 2|0167B7";"DLC1dunDarkfallPassageSeranaTrig05REF";"REFR";"Dragonborn.esm"
"index 2|0162DA";"";"REFR";"Dragonborn.esm"
"index 2|0162D5";"";"REFR";"Dragonborn.esm"
"index 2|0162CF";"";"REFR";"Dragonborn.esm"
"index 2|003F65";"";"REFR";"HearthFires.esm"
"index 2|00D6F9";"";"REFR";"Dragonborn.esm"
"index 2|0167CB";"";"REFR";"Dragonborn.esm"
"index 2|0167B3";"";"REFR";"Dragonborn.esm"
"index 2|0105F5";"";"ACHR";"The Great City of Solitude.esp"
"index 2|0105F2";"";"ACHR";"The Great City of Solitude.esp"
"index 2|00F09B";"";"REFR";"Dragonborn.esm"
"index 2|00F09A";"";"REFR";"Dragonborn.esm"
"index 2|00D291";"";"ACHR";"Dragonborn.esm"
"index 2|00D28F";"";"ACHR";"Dragonborn.esm"
"index 2|00D28D";"";"ACHR";"Dragonborn.esm"
"index 2|00D28B";"";"ACHR";"Dragonborn.esm"
"index 2|00D28A";"";"ACHR";"Dragonborn.esm"
"index 2|00C019";"";"ACHR";"Dragonborn.esm"
"index 2|00C018";"";"ACHR";"Dragonborn.esm"
"index 2|00C017";"";"ACHR";"Dragonborn.esm"
"index 2|00C015";"";"ACHR";"Dragonborn.esm"
"index 2|00C012";"";"ACHR";"Dragonborn.esm"
"index 2|00C010";"";"ACHR";"Dragonborn.esm"
"index 2|00C00F";"";"ACHR";"Dragonborn.esm"
"index 2|00C00C";"";"ACHR";"Dragonborn.esm"
"index 2|00C00A";"";"ACHR";"Dragonborn.esm"
"index 2|00C009";"";"ACHR";"Dragonborn.esm"
"index 2|00C006";"";"ACHR";"Dragonborn.esm"
"index 2|00C004";"";"ACHR";"Dragonborn.esm"
"index 2|00C003";"";"ACHR";"Dragonborn.esm"
"index 2|00C001";"";"ACHR";"Dragonborn.esm"
"index 2|00BFFE";"";"ACHR";"Dragonborn.esm"
"index 2|007A31";"DLC1DurnehviirRef";"ACHR";"The Great City of Solitude.esp"
"index 2|01AAD4";"";"REFR";"The Great City of Solitude.esp"
"index 2|003210";"";"INFO";"HearthFires.esm"
"index 2|003211";"";"INFO";"HearthFires.esm"
"index 2|003212";"";"INFO";"HearthFires.esm"
"index 2|003213";"";"INFO";"HearthFires.esm"
"index 2|003247";"";"INFO";"HearthFires.esm"
"index 2|003FC6";"";"INFO";"HearthFires.esm"
"index 2|003FCC";"";"INFO";"HearthFires.esm"
"index 2|004235";"";"INFO";"HearthFires.esm"
"index 2|004236";"";"INFO";"HearthFires.esm"
"index 2|004237";"";"INFO";"HearthFires.esm"
"index 2|004238";"";"INFO";"HearthFires.esm"
"index 2|004231";"";"INFO";"HearthFires.esm"
"index 2|004232";"";"INFO";"HearthFires.esm"
"index 2|004259";"";"INFO";"HearthFires.esm"
"index 2|00425C";"";"INFO";"HearthFires.esm"
"index 2|00425D";"";"INFO";"HearthFires.esm"
"index 2|00425E";"";"INFO";"HearthFires.esm"
"index 2|00425F";"";"INFO";"HearthFires.esm"
"index 2|004258";"";"INFO";"HearthFires.esm"
"index 2|015E0C";"";"INFO";"Dragonborn.esm"
"index 2|0150E2";"";"INFO";"Dragonborn.esm"
"index 2|015E10";"";"INFO";"Dragonborn.esm"
"index 2|015E0F";"";"INFO";"Dragonborn.esm"
"index 2|002F1A";"";"INFO";"HearthFires.esm"
"index 2|015E51";"";"INFO";"Dragonborn.esm"
"index 2|015E25";"";"INFO";"Dragonborn.esm"
"index 2|015E56";"";"INFO";"Dragonborn.esm"
"index 2|015E55";"";"INFO";"Dragonborn.esm"
"index 2|015E1D";"";"INFO";"Dragonborn.esm"
"index 2|015E16";"";"INFO";"Dragonborn.esm"
"index 2|015E1A";"";"INFO";"Dragonborn.esm"
"index 2|015E24";"";"INFO";"Dragonborn.esm"
"index 2|015E2D";"";"INFO";"Dragonborn.esm"
"index 2|015E31";"";"INFO";"Dragonborn.esm"
"index 2|015E3A";"";"INFO";"Dragonborn.esm"
"index 2|015E47";"";"INFO";"Dragonborn.esm"
"index 2|015E09";"";"INFO";"Dragonborn.esm"
"index 2|015E11";"";"INFO";"Dragonborn.esm"
"index 2|01473D";"";"INFO";"Dragonborn.esm"
"index 2|0056FA";"";"INFO";"The Great City of Solitude.esp"
"index 2|015E0E";"";"INFO";"Dragonborn.esm"
"index 2|0163FC";"";"INFO";"Dragonborn.esm"
"index 2|014731";"";"INFO";"Dragonborn.esm"
"index 2|00593D";"";"INFO";"DIS_Heavy_Legion.esp"
"index 2|005943";"";"INFO";"DIS_Heavy_Legion.esp"
"index 2|005946";"";"INFO";"DIS_Heavy_Legion.esp"
"index 2|01219B";"";"INFO";"Dragonborn.esm"
"index 2|002F1B";"";"INFO";"HearthFires.esm"
"index 2|002F1C";"";"INFO";"JK's Riverwood.esp"
"index 2|002F1D";"";"INFO";"HearthFires.esm"
"index 2|002F1E";"";"INFO";"HearthFires.esm"
"index 2|00F36E";"";"INFO";"The Great City of Solitude.esp"
"index 2|007EC2";"";"INFO";"JK's Riverwood.esp"
"index 2|0193F2";"";"INFO";"Dragonborn.esm"
"index 2|012198";"";"INFO";"Dragonborn.esm"
"index 2|0179FE";"DLC1VQ03InnkeeperShared5";"INFO";"Dragonborn.esm"
"index 2|017A01";"VQ03VampireCarriageDriversShared6";"INFO";"Dragonborn.esm"
"index 2|00A299";"";"INFO";"Dragonborn.esm"
"index 2|00A29A";"";"INFO";"Dragonborn.esm"
"index 2|00A36F";"";"INFO";"Dragonborn.esm"
"index 2|00A864";"";"INFO";"Dragonborn.esm"
"index 2|00A86C";"";"INFO";"Dragonborn.esm"
"index 2|00A871";"";"INFO";"Dragonborn.esm"
"index 2|00B53D";"";"INFO";"Dragonborn.esm"
"index 2|00B66D";"";"INFO";"Dragonborn.esm"
"index 2|00B671";"";"INFO";"Dragonborn.esm"
"index 2|00B667";"";"INFO";"Dragonborn.esm"
"index 2|00B669";"";"INFO";"Dragonborn.esm"
"index 2|00B66B";"";"INFO";"Dragonborn.esm"
"index 2|00B66E";"";"INFO";"Dragonborn.esm"
"index 2|00B673";"";"INFO";"Dragonborn.esm"
"index 2|00B676";"";"INFO";"Dragonborn.esm"
"index 2|00B678";"";"INFO";"Dragonborn.esm"
"index 2|00B668";"";"INFO";"Dragonborn.esm"
"index 2|01197D";"";"INFO";"Dragonborn.esm"
"index 2|00B66C";"";"INFO";"Dragonborn.esm"
"index 2|019F9C";"";"INFO";"Dragonborn.esm"
"index 2|00BDDB";"";"INFO";"Dragonborn.esm"
"index 2|00C616";"";"INFO";"Dragonborn.esm"
"index 2|00C705";"";"INFO";"Dragonborn.esm"
"index 2|00C706";"";"INFO";"Dragonborn.esm"
"index 2|00C707";"";"INFO";"Dragonborn.esm"
"index 2|00C708";"";"INFO";"Dragonborn.esm"
"index 2|00C709";"";"INFO";"Dragonborn.esm"
"index 2|00C70A";"";"INFO";"Dragonborn.esm"
"index 2|00CCC7";"";"INFO";"Dragonborn.esm"
"index 2|00CD57";"";"INFO";"Dragonborn.esm"
"index 2|00CE00";"";"INFO";"Dragonborn.esm"
"index 2|00CDFD";"";"INFO";"Dragonborn.esm"
"index 2|00CE02";"";"INFO";"Dragonborn.esm"
"index 2|00CE03";"";"INFO";"Dragonborn.esm"
"index 2|00CF44";"";"INFO";"Dragonborn.esm"
"index 2|00CF78";"";"INFO";"Dragonborn.esm"
"index 2|00CF9C";"";"INFO";"Dragonborn.esm"
"index 2|00CF45";"";"INFO";"Dragonborn.esm"
"index 2|00CF4F";"";"INFO";"Dragonborn.esm"
"index 2|00CF59";"";"INFO";"Dragonborn.esm"
"index 2|00CF64";"";"INFO";"Dragonborn.esm"
"index 2|00CF5A";"";"INFO";"Dragonborn.esm"
"index 2|00CF60";"";"INFO";"Dragonborn.esm"
"index 2|00CF7C";"";"INFO";"Dragonborn.esm"
"index 2|00CF61";"";"INFO";"Dragonborn.esm"
"index 2|00CF66";"";"INFO";"Dragonborn.esm"
"index 2|00CF7D";"";"INFO";"Dragonborn.esm"
"index 2|00CF42";"";"INFO";"Dragonborn.esm"
"index 2|00D3E0";"";"INFO";"Dragonborn.esm"
"index 2|00D3E3";"";"INFO";"Dragonborn.esm"
"index 2|00D3E6";"";"INFO";"Dragonborn.esm"
"index 2|00D3E8";"";"INFO";"Dragonborn.esm"
"index 2|00D3E9";"";"INFO";"Dragonborn.esm"
"index 2|00D3D9";"";"INFO";"Dragonborn.esm"
"index 2|00D3DB";"";"INFO";"Dragonborn.esm"
"index 2|00D3DD";"";"INFO";"Dragonborn.esm"
"index 2|00D3E2";"";"INFO";"Dragonborn.esm"
"index 2|00D3E5";"";"INFO";"Dragonborn.esm"
"index 2|00D675";"";"INFO";"Dragonborn.esm"
"index 2|00D889";"";"INFO";"Dragonborn.esm"
"index 2|00D8E4";"";"INFO";"Dragonborn.esm"
"index 2|00D8F4";"";"INFO";"Dragonborn.esm"
"index 2|00D8FA";"";"INFO";"Dragonborn.esm"
"index 2|00D901";"";"INFO";"Dragonborn.esm"
"index 2|00D8DC";"";"INFO";"Dragonborn.esm"
"index 2|00D8DD";"";"INFO";"Dragonborn.esm"
"index 2|00D8D8";"";"INFO";"Dragonborn.esm"
"index 2|00E997";"";"INFO";"Dragonborn.esm"
"index 2|00D8E2";"";"INFO";"Dragonborn.esm"
"index 2|00D908";"";"INFO";"Dragonborn.esm"
"index 2|0126C1";"";"INFO";"Dragonborn.esm"
"index 2|00D909";"";"INFO";"Dragonborn.esm"
"index 2|00E880";"";"INFO";"Dragonborn.esm"
"index 2|00E87D";"";"INFO";"Dragonborn.esm"
"index 2|00E875";"";"INFO";"Dragonborn.esm"
"index 2|00E87F";"";"INFO";"Dragonborn.esm"
"index 2|00E8A6";"";"INFO";"Dragonborn.esm"
"index 2|00D90A";"";"INFO";"Dragonborn.esm"
"index 2|00D057";"";"INFO";"Dragonborn.esm"
"index 2|00D058";"";"INFO";"Dragonborn.esm"
"index 2|00E945";"";"INFO";"Dragonborn.esm"
"index 2|00E995";"";"INFO";"Dragonborn.esm"
"index 2|00E9DD";"";"INFO";"Dragonborn.esm"
"index 2|00F710";"";"INFO";"The Great City of Solitude.esp"
"index 2|00F7C8";"";"INFO";"Dragonborn.esm"
"index 2|00F7C9";"";"INFO";"Dragonborn.esm"
"index 2|00F7FA";"";"INFO";"Dragonborn.esm"
"index 2|002F19";"";"INFO";"HearthFires.esm"
"index 2|00F805";"";"INFO";"Dragonborn.esm"
"index 2|00F81E";"";"INFO";"Dragonborn.esm"
"index 2|00F81F";"";"INFO";"Dragonborn.esm"
"index 2|00F820";"";"INFO";"Dragonborn.esm"
"index 2|00F821";"";"INFO";"Dragonborn.esm"
"index 2|00F822";"";"INFO";"Dragonborn.esm"
"index 2|00F823";"";"INFO";"Dragonborn.esm"
"index 2|00F824";"";"INFO";"Dragonborn.esm"
"index 2|00F825";"";"INFO";"Dragonborn.esm"
"index 2|00F826";"";"INFO";"Dragonborn.esm"
"index 2|00E7A9";"";"INFO";"Dragonborn.esm"
"index 2|00E7AA";"";"INFO";"Dragonborn.esm"
"index 2|00E7AB";"";"INFO";"Dragonborn.esm"
"index 2|00F818";"";"INFO";"Dragonborn.esm"
"index 2|00F819";"";"INFO";"Dragonborn.esm"
"index 2|00F854";"";"INFO";"Dragonborn.esm"
"index 2|00F855";"";"INFO";"Dragonborn.esm"
"index 2|00F898";"";"INFO";"Dragonborn.esm"
"index 2|00F9C5";"";"INFO";"Dragonborn.esm"
"index 2|00FFE6";"";"INFO";"Dragonborn.esm"
"index 2|0163C8";"";"INFO";"Dragonborn.esm"
"index 2|00FFDA";"";"INFO";"Dragonborn.esm"
"index 2|00FFE1";"";"INFO";"Dragonborn.esm"
"index 2|00FFE3";"";"INFO";"Dragonborn.esm"
"index 2|01038B";"";"INFO";"Dragonborn.esm"
"index 2|01056F";"";"INFO";"The Great City of Solitude.esp"
"index 2|0117F0";"";"INFO";"Dragonborn.esm"
"index 2|010663";"";"INFO";"The Great City of Solitude.esp"
"index 2|010664";"";"INFO";"The Great City of Solitude.esp"
"index 2|010665";"";"INFO";"The Great City of Solitude.esp"
"index 2|010666";"";"INFO";"The Great City of Solitude.esp"
"index 2|010667";"";"INFO";"The Great City of Solitude.esp"
"index 2|010668";"";"INFO";"The Great City of Solitude.esp"
"index 2|010669";"";"INFO";"The Great City of Solitude.esp"
"index 2|01066A";"";"INFO";"The Great City of Solitude.esp"
"index 2|01066B";"";"INFO";"The Great City of Solitude.esp"
"index 2|01066C";"";"INFO";"The Great City of Solitude.esp"
"index 2|01066D";"";"INFO";"The Great City of Solitude.esp"
"index 2|01066E";"";"INFO";"The Great City of Solitude.esp"
"index 2|01066F";"";"INFO";"The Great City of Solitude.esp"
"index 2|010670";"";"INFO";"The Great City of Solitude.esp"
"index 2|010671";"";"INFO";"The Great City of Solitude.esp"
"index 2|010672";"";"INFO";"The Great City of Solitude.esp"
"index 2|010678";"";"INFO";"The Great City of Solitude.esp"
"index 2|010A53";"";"INFO";"Dragonborn.esm"
"index 2|010A73";"";"INFO";"Dragonborn.esm"
"index 2|010A71";"";"INFO";"Dragonborn.esm"
"index 2|010A82";"";"INFO";"Dragonborn.esm"
"index 2|010A84";"";"INFO";"Dragonborn.esm"
"index 2|010A86";"";"INFO";"Dragonborn.esm"
"index 2|010A88";"";"INFO";"Dragonborn.esm"
"index 2|00D8ED";"";"INFO";"Dragonborn.esm"
"index 2|010F89";"";"INFO";"Dragonborn.esm"
"index 2|010F8A";"";"INFO";"Dragonborn.esm"
"index 2|010F86";"";"INFO";"Dragonborn.esm"
"index 2|010F87";"";"INFO";"Dragonborn.esm"
"index 2|011199";"";"INFO";"Dragonborn.esm"
"index 2|01119B";"";"INFO";"Dragonborn.esm"
"index 2|01156F";"";"INFO";"Dragonborn.esm"
"index 2|01157B";"";"INFO";"Dragonborn.esm"
"index 2|011575";"";"INFO";"Dragonborn.esm"
"index 2|01157A";"";"INFO";"Dragonborn.esm"
"index 2|01157C";"";"INFO";"Dragonborn.esm"
"index 2|01157E";"";"INFO";"Dragonborn.esm"
"index 2|011570";"";"INFO";"Dragonborn.esm"
"index 2|011573";"";"INFO";"Dragonborn.esm"
"index 2|0117E6";"";"INFO";"Dragonborn.esm"
"index 2|0117E8";"";"INFO";"Dragonborn.esm"
"index 2|0117E9";"";"INFO";"Dragonborn.esm"
"index 2|0117EA";"";"INFO";"Dragonborn.esm"
"index 2|0117EB";"";"INFO";"Dragonborn.esm"
"index 2|011973";"";"INFO";"Dragonborn.esm"
"index 2|011967";"";"INFO";"Dragonborn.esm"
"index 2|01195C";"";"INFO";"Dragonborn.esm"
"index 2|011992";"";"INFO";"Dragonborn.esm"
"index 2|011A92";"";"INFO";"Dragonborn.esm"
"index 2|011BF6";"";"INFO";"Dragonborn.esm"
"index 2|011EDA";"";"INFO";"Dragonborn.esm"
"index 2|011EDB";"";"INFO";"Dragonborn.esm"
"index 2|011EDE";"";"INFO";"Dragonborn.esm"
"index 2|011F8F";"";"INFO";"Dragonborn.esm"
"index 2|011F91";"";"INFO";"Dragonborn.esm"
"index 2|011F92";"";"INFO";"Dragonborn.esm"
"index 2|01218A";"";"INFO";"Dragonborn.esm"
"index 2|01218B";"";"INFO";"Dragonborn.esm"
"index 2|012191";"";"INFO";"Dragonborn.esm"
"index 2|012192";"";"INFO";"Dragonborn.esm"
"index 2|012E82";"";"INFO";"Dragonborn.esm"
"index 2|01219C";"";"INFO";"Dragonborn.esm"
"index 2|012194";"DLC1VQ03SeranaRejoinYes";"INFO";"Dragonborn.esm"
"index 2|012197";"DLC1VQ03SeranaFollowerSegue";"INFO";"Dragonborn.esm"
"index 2|01219D";"";"INFO";"Dragonborn.esm"
"index 2|00E998";"";"INFO";"Dragonborn.esm"
"index 2|00D8DE";"";"INFO";"Dragonborn.esm"
"index 2|0126D7";"";"INFO";"Dragonborn.esm"
"index 2|0126D1";"";"INFO";"Dragonborn.esm"
"index 2|0126D5";"";"INFO";"Dragonborn.esm"
"index 2|012F51";"";"INFO";"Dragonborn.esm"
"index 2|012F4F";"";"INFO";"Dragonborn.esm"
"index 2|012F50";"";"INFO";"Dragonborn.esm"
"index 2|012F54";"";"INFO";"Dragonborn.esm"
"index 2|012F55";"";"INFO";"Dragonborn.esm"
"index 2|012F56";"";"INFO";"Dragonborn.esm"
"index 2|012F57";"";"INFO";"Dragonborn.esm"
"index 2|012F4D";"";"INFO";"Dragonborn.esm"
"index 2|012F5C";"";"INFO";"Dragonborn.esm"
"index 2|012F8A";"";"INFO";"Dragonborn.esm"
"index 2|012F8B";"";"INFO";"Dragonborn.esm"
"index 2|012F8C";"";"INFO";"Dragonborn.esm"
"index 2|01300D";"";"INFO";"Dragonborn.esm"
"index 2|01300E";"";"INFO";"Dragonborn.esm"
"index 2|01300F";"";"INFO";"Dragonborn.esm"
"index 2|013010";"";"INFO";"Dragonborn.esm"
"index 2|013011";"";"INFO";"Dragonborn.esm"
"index 2|01329E";"";"INFO";"Dragonborn.esm"
"index 2|0132B3";"";"INFO";"Dragonborn.esm"
"index 2|0132B4";"";"INFO";"Dragonborn.esm"
"index 2|0132B7";"DLC1VQ03HunterDragonBridgeGuardsTopic1Shared";"INFO";"Dragonborn.esm"
"index 2|0132B8";"DLC1VQ03HunterDragonBridgeClintonYesTopic1Shared";"INFO";"Dragonborn.esm"
"index 2|013790";"";"INFO";"Dragonborn.esm"
"index 2|013788";"";"INFO";"Dragonborn.esm"
"index 2|013789";"";"INFO";"Dragonborn.esm"
"index 2|01378A";"";"INFO";"Dragonborn.esm"
"index 2|01378B";"";"INFO";"Dragonborn.esm"
"index 2|01378C";"";"INFO";"Dragonborn.esm"
"index 2|01378E";"";"INFO";"Dragonborn.esm"
"index 2|01378F";"";"INFO";"Dragonborn.esm"
"index 2|0137BD";"";"INFO";"HearthFires.esm"
"index 2|0137BE";"";"INFO";"Dragonborn.esm"
"index 2|014039";"";"INFO";"Dragonborn.esm"
"index 2|01403A";"";"INFO";"Dragonborn.esm"
"index 2|014164";"";"INFO";"Dragonborn.esm"
"index 2|01415B";"";"INFO";"Dragonborn.esm"
"index 2|014154";"";"INFO";"Dragonborn.esm"
"index 2|01417B";"";"INFO";"Dragonborn.esm"
"index 2|014160";"";"INFO";"Dragonborn.esm"
"index 2|01414F";"";"INFO";"Dragonborn.esm"
"index 2|014165";"";"INFO";"Dragonborn.esm"
"index 2|014157";"";"INFO";"Dragonborn.esm"
"index 2|014152";"";"INFO";"Dragonborn.esm"
"index 2|014153";"";"INFO";"Dragonborn.esm"
"index 2|014203";"";"INFO";"The Great City of Solitude.esp"
"index 2|014205";"";"INFO";"Dragonborn.esm"
"index 2|014206";"";"INFO";"The Great City of Solitude.esp"
"index 2|014207";"";"INFO";"Dragonborn.esm"
"index 2|0142DC";"";"INFO";"Dragonborn.esm"
"index 2|0142DE";"";"INFO";"Dragonborn.esm"
"index 2|00CF48";"";"INFO";"Dragonborn.esm"
"index 2|0132CB";"";"INFO";"Dragonborn.esm"
"index 2|0132AC";"";"INFO";"Dragonborn.esm"
"index 2|0132AB";"";"INFO";"Dragonborn.esm"
"index 2|0132AD";"";"INFO";"Dragonborn.esm"
"index 2|0132C4";"";"INFO";"Dragonborn.esm"
"index 2|014744";"";"INFO";"Dragonborn.esm"
"index 2|014BB4";"";"INFO";"Dragonborn.esm"
"index 2|014BB3";"";"INFO";"Dragonborn.esm"
"index 2|014BA8";"";"INFO";"Dragonborn.esm"
"index 2|014BA9";"";"INFO";"Dragonborn.esm"
"index 2|014BB0";"";"INFO";"Dragonborn.esm"
"index 2|014BB1";"";"INFO";"Dragonborn.esm"
"index 2|014BAB";"";"INFO";"Dragonborn.esm"
"index 2|014EFF";"";"INFO";"Dragonborn.esm"
"index 2|014F00";"";"INFO";"Dragonborn.esm"
"index 2|014F01";"";"INFO";"Dragonborn.esm"
"index 2|014F3F";"";"INFO";"Dragonborn.esm"
"index 2|014F40";"";"INFO";"Dragonborn.esm"
"index 2|014F41";"";"INFO";"Dragonborn.esm"
"index 2|014F42";"";"INFO";"Dragonborn.esm"
"index 2|014F7B";"";"INFO";"Dragonborn.esm"
"index 2|015009";"";"INFO";"Dragonborn.esm"
"index 2|01500F";"";"INFO";"Dragonborn.esm"
"index 2|015066";"";"INFO";"Dragonborn.esm"
"index 2|015A93";"";"INFO";"Dragonborn.esm"
"index 2|012FE6";"";"INFO";"Dragonborn.esm"
"index 2|012FE7";"";"INFO";"Dragonborn.esm"
"index 2|012FE8";"";"INFO";"Dragonborn.esm"
"index 2|012FE9";"";"INFO";"Dragonborn.esm"
"index 2|012EB9";"";"INFO";"Dragonborn.esm"
"index 2|012EBA";"";"INFO";"Dragonborn.esm"
"index 2|012EBC";"";"INFO";"Dragonborn.esm"
"index 2|012190";"";"INFO";"Dragonborn.esm"
"index 2|01508E";"";"INFO";"Dragonborn.esm"
"index 2|01508F";"";"INFO";"Dragonborn.esm"
"index 2|015744";"";"INFO";"Dragonborn.esm"
"index 2|015737";"";"INFO";"Dragonborn.esm"
"index 2|015739";"";"INFO";"Dragonborn.esm"
"index 2|0159FD";"";"INFO";"Dragonborn.esm"
"index 2|015A12";"";"INFO";"Dragonborn.esm"
"index 2|015A13";"";"INFO";"Dragonborn.esm"
"index 2|015A14";"";"INFO";"Dragonborn.esm"
"index 2|015A15";"";"INFO";"Dragonborn.esm"
"index 2|0159FA";"";"INFO";"Dragonborn.esm"
"index 2|015A65";"";"INFO";"Dragonborn.esm"
"index 2|015A66";"";"INFO";"Dragonborn.esm"
"index 2|015A55";"";"INFO";"Dragonborn.esm"
"index 2|015A94";"";"INFO";"Dragonborn.esm"
"index 2|015A97";"";"INFO";"Dragonborn.esm"
"index 2|011EC2";"";"INFO";"Dragonborn.esm"
"index 2|015A95";"";"INFO";"Dragonborn.esm"
"index 2|015CF0";"";"INFO";"Dragonborn.esm"
"index 2|015CF1";"";"INFO";"Dragonborn.esm"
"index 2|015CF2";"";"INFO";"Dragonborn.esm"
"index 2|015CF3";"";"INFO";"Dragonborn.esm"
"index 2|015E12";"";"INFO";"Dragonborn.esm"
"index 2|015E13";"";"INFO";"Dragonborn.esm"
"index 2|015FA5";"";"INFO";"Dragonborn.esm"
"index 2|015FA1";"";"INFO";"Dragonborn.esm"
"index 2|015FA2";"";"INFO";"Dragonborn.esm"
"index 2|015FA3";"";"INFO";"Dragonborn.esm"
"index 2|016049";"";"INFO";"Dragonborn.esm"
"index 2|01604A";"";"INFO";"Dragonborn.esm"
"index 2|01604B";"";"INFO";"Dragonborn.esm"
"index 2|01604C";"";"INFO";"Dragonborn.esm"
"index 2|01604D";"";"INFO";"Dragonborn.esm"
"index 2|01604E";"";"INFO";"Dragonborn.esm"
"index 2|01604F";"";"INFO";"Dragonborn.esm"
"index 2|016050";"";"INFO";"Dragonborn.esm"
"index 2|016051";"";"INFO";"Dragonborn.esm"
"index 2|016052";"";"INFO";"Dragonborn.esm"
"index 2|016053";"";"INFO";"Dragonborn.esm"
"index 2|016054";"";"INFO";"Dragonborn.esm"
"index 2|016055";"";"INFO";"Dragonborn.esm"
"index 2|016056";"";"INFO";"Dragonborn.esm"
"index 2|016057";"";"INFO";"Dragonborn.esm"
"index 2|016058";"";"INFO";"Dragonborn.esm"
"index 2|016059";"";"INFO";"Dragonborn.esm"
"index 2|01605A";"";"INFO";"Dragonborn.esm"
"index 2|01605B";"";"INFO";"Dragonborn.esm"
"index 2|01605C";"";"INFO";"Dragonborn.esm"
"index 2|01605D";"";"INFO";"Dragonborn.esm"
"index 2|01605F";"";"INFO";"Dragonborn.esm"
"index 2|016060";"";"INFO";"Dragonborn.esm"
"index 2|016061";"";"INFO";"Dragonborn.esm"
"index 2|016062";"";"INFO";"Dragonborn.esm"
"index 2|016063";"";"INFO";"Dragonborn.esm"
"index 2|016064";"";"INFO";"Dragonborn.esm"
"index 2|016065";"";"INFO";"Dragonborn.esm"
"index 2|016066";"";"INFO";"Dragonborn.esm"
"index 2|016067";"";"INFO";"Dragonborn.esm"
"index 2|016068";"";"INFO";"Dragonborn.esm"
"index 2|01606B";"";"INFO";"Dragonborn.esm"
"index 2|01606E";"";"INFO";"Dragonborn.esm"
"index 2|01606F";"";"INFO";"Dragonborn.esm"
"index 2|016070";"";"INFO";"Dragonborn.esm"
"index 2|01606D";"";"INFO";"Dragonborn.esm"
"index 2|01606A";"";"INFO";"Dragonborn.esm"
"index 2|016069";"";"INFO";"Dragonborn.esm"
"index 2|0163A0";"";"INFO";"Dragonborn.esm"
"index 2|0163C9";"";"INFO";"Dragonborn.esm"
"index 2|0163F8";"";"INFO";"Dragonborn.esm"
"index 2|01667C";"";"INFO";"Dragonborn.esm"
"index 2|016832";"";"INFO";"Dragonborn.esm"
"index 2|01682B";"";"INFO";"Dragonborn.esm"
"index 2|01682C";"";"INFO";"Dragonborn.esm"
"index 2|016833";"";"INFO";"Dragonborn.esm"
"index 2|016834";"";"INFO";"Dragonborn.esm"
"index 2|016844";"";"INFO";"Dragonborn.esm"
"index 2|016845";"";"INFO";"Dragonborn.esm"
"index 2|01682F";"";"INFO";"Dragonborn.esm"
"index 2|016830";"";"INFO";"Dragonborn.esm"
"index 2|016918";"";"INFO";"Dragonborn.esm"
"index 2|016924";"";"INFO";"Dragonborn.esm"
"index 2|016926";"";"INFO";"Dragonborn.esm"
"index 2|016919";"";"INFO";"Dragonborn.esm"
"index 2|017678";"";"INFO";"Dragonborn.esm"
"index 2|017679";"";"INFO";"Dragonborn.esm"
"index 2|0176AF";"";"INFO";"Dragonborn.esm"
"index 2|0179EC";"";"INFO";"Dragonborn.esm"
"index 2|0179F1";"";"INFO";"Dragonborn.esm"
"index 2|0179E9";"";"INFO";"Dragonborn.esm"
"index 2|0179EA";"";"INFO";"Dragonborn.esm"
"index 2|017FEA";"";"INFO";"Dragonborn.esm"
"index 2|018B1C";"";"INFO";"Dragonborn.esm"
"index 2|018B65";"";"INFO";"Dragonborn.esm"
"index 2|01907A";"";"INFO";"Dragonborn.esm"
"index 2|019075";"";"INFO";"Dragonborn.esm"
"index 2|019076";"";"INFO";"Dragonborn.esm"
"index 2|019926";"";"INFO";"Dragonborn.esm"
"index 2|019927";"";"INFO";"Dragonborn.esm"
"index 2|019928";"";"INFO";"Dragonborn.esm"
"index 2|019929";"";"INFO";"Dragonborn.esm"
"index 2|015FA6";"";"INFO";"Dragonborn.esm"
"index 2|015FA7";"";"INFO";"Dragonborn.esm"
"index 2|01AA5B";"";"INFO";"The Great City of Solitude.esp"
"index 2|015FA9";"";"INFO";"Dragonborn.esm"
"index 2|015FA8";"";"INFO";"Dragonborn.esm"
"index 2|015FAA";"";"INFO";"Dragonborn.esm"
"index 2|015FAB";"";"INFO";"Dragonborn.esm"
"index 2|0190AF";"";"INFO";"Dragonborn.esm"
"index 2|0191E4";"";"INFO";"Dragonborn.esm"
"index 2|0191E5";"";"INFO";"Dragonborn.esm"
"index 2|0191E2";"";"INFO";"Dragonborn.esm"
"index 2|0191E1";"";"INFO";"Dragonborn.esm"
"index 2|0191FA";"";"INFO";"Dragonborn.esm"
"index 2|0191FC";"";"INFO";"Dragonborn.esm"
"index 2|0191F9";"";"INFO";"Dragonborn.esm"
"index 2|019812";"";"INFO";"Dragonborn.esm"
"index 2|019934";"";"INFO";"Dragonborn.esm"
"index 2|019935";"";"INFO";"Dragonborn.esm"
"index 2|019932";"";"INFO";"Dragonborn.esm"
"index 2|019933";"";"INFO";"Dragonborn.esm"
"index 2|019941";"";"INFO";"Dragonborn.esm"
"index 2|019FA6";"";"INFO";"Dragonborn.esm"
"index 2|019F96";"";"INFO";"Dragonborn.esm"
"index 2|019F8E";"";"INFO";"Dragonborn.esm"
"index 2|019F82";"";"INFO";"Dragonborn.esm"
"index 2|019F7F";"";"INFO";"Dragonborn.esm"
"index 2|019F7A";"";"INFO";"Dragonborn.esm"
"index 2|019FA1";"";"INFO";"Dragonborn.esm"
"index 2|019F8F";"";"INFO";"Dragonborn.esm"
"index 2|019F94";"";"INFO";"Dragonborn.esm"
"index 2|019FA9";"";"INFO";"Dragonborn.esm"
"index 2|019FA7";"";"INFO";"Dragonborn.esm"
"index 2|019F84";"";"INFO";"Dragonborn.esm"
"index 2|019F9D";"";"INFO";"Dragonborn.esm"
"index 2|019F97";"";"INFO";"Dragonborn.esm"
"index 2|019F8A";"";"INFO";"Dragonborn.esm"
"index 2|019FA3";"";"INFO";"Dragonborn.esm"
"index 2|019FA5";"";"INFO";"Dragonborn.esm"
"index 2|019FC7";"";"INFO";"Dragonborn.esm"
"index 2|01A1B4";"";"INFO";"Dragonborn.esm"
"index 2|01A33E";"";"INFO";"Dragonborn.esm"
"index 2|01A3DC";"";"INFO";"Dragonborn.esm"
"index 2|01A3DE";"";"INFO";"Dragonborn.esm"
"index 2|01AA6A";"";"INFO";"The Great City of Solitude.esp"
"index 2|01AA6B";"";"INFO";"The Great City of Solitude.esp"
"index 2|01AA81";"";"INFO";"Dragonborn.esm"
"index 2|014CB9";"DLC1VampireFeedBystander";"QUST";"Dragonborn.esm"
"index 2|012F92";"DLC1ScrollHandlingChangeLoc";"QUST";"Dragonborn.esm"
"index 2|0123E5";"DLC1GargoyleFactionRelations";"QUST";"Dragonborn.esm"
"index 2|011F0D";"DLC1HunterBaseFlorentiusChange";"QUST";"Dragonborn.esm"
"index 2|00EA41";"DLC1VQ05SoulGemHandler";"QUST";"Dragonborn.esm"
"index 2|00E6A7";"DLC1VQ01RNPC";"QUST";"Dragonborn.esm"
"index 2|00D90E";"DLC1VQ00";"QUST";"Dragonborn.esm"
"index 2|00D90B";"DLC1VQ00ChangeLocation";"QUST";"Dragonborn.esm"
"index 2|00420E";"DLC1RadiantDisguisedVampireLordSpawner";"QUST";"HearthFires.esm"
"index 2|004201";"DLC1WE08";"QUST";"HearthFires.esm"
"index 2|0041FE";"DLC1WE07";"QUST";"HearthFires.esm"
"index 2|0041CF";"DLC1ScoutPatrol";"QUST";"HearthFires.esm"
"index 2|01AA70";"DLC1HireableDogs";"QUST";"The Great City of Solitude.esp"
"index 2|01A3E4";"DLC1VQFVBooks";"QUST";"Dragonborn.esm"
"index 2|01A1C1";"DLC1VQ08Post";"QUST";"Dragonborn.esm"
"index 2|019938";"DLC1RV10";"QUST";"Dragonborn.esm"
"index 2|01991F";"DLC1HunterBaseEnableSet2";"QUST";"Dragonborn.esm"
"index 2|0198B2";"DLC1HunterBaseEnableSet1";"QUST";"Dragonborn.esm"
"index 2|01964A";"DLC1DialogueVampire";"QUST";"Dragonborn.esm"
"index 2|0190C2";"DLC1RNPCGeneralHellos";"QUST";"Dragonborn.esm"
"index 2|01909F";"DLC1VampireTutorial";"QUST";"Dragonborn.esm"
"index 2|017867";"DLC1WE06";"QUST";"Dragonborn.esm"
"index 2|017865";"DLC1WE05";"QUST";"Dragonborn.esm"
"index 2|017863";"DLC1WE04";"QUST";"Dragonborn.esm"
"index 2|017861";"DLC1WE03";"QUST";"Dragonborn.esm"
"index 2|016848";"DLC1DialogueFerrySystem";"QUST";"Dragonborn.esm"
"index 2|016673";"DLC1VQ04RNPC";"QUST";"Dragonborn.esm"
"index 2|0163CD";"DLC01SoulCairnHorseQuest2";"QUST";"Dragonborn.esm"
"index 2|016352";"DLC1SoulCairnHuskMerchant";"QUST";"Dragonborn.esm"
"index 2|01629F";"DLC1EclipseAttack1";"QUST";"Dragonborn.esm"
"index 2|015AA7";"DLC1VQ02RNPC";"QUST";"Dragonborn.esm"
"index 2|015A68";"DLC1VQ07Post";"QUST";"Dragonborn.esm"
"index 2|015A16";"DLC1VQ05Post";"QUST";"Dragonborn.esm"
"index 2|01574C";"DLC1RadiantDisguised";"QUST";"Dragonborn.esm"
"index 2|015017";"DLC1RH08";"QUST";"Dragonborn.esm"
"index 2|014BF1";"DLC1_WESC09";"QUST";"Dragonborn.esm"
"index 2|014215";"DLC1WEDB03";"QUST";"Dragonborn.esm"
"index 2|01420F";"DLC1WEDB02";"QUST";"Dragonborn.esm"
"index 2|01420C";"DLC1WEDB01";"QUST";"The Great City of Solitude.esp"
"index 2|01400D";"DLC1VQSaintPost";"QUST";"Dragonborn.esm"
"index 2|01400B";"DLC1VQSaint";"QUST";"Dragonborn.esm"
"index 2|013F1F";"DLC1HunterBaseStage2";"QUST";"Dragonborn.esm"
"index 2|0127F0";"DLC1WEJS06";"QUST";"Dragonborn.esm"
"index 2|0127EE";"DLC1WEJS05";"QUST";"Dragonborn.esm"
"index 2|011A83";"DLC1ScrollHandling";"QUST";"Dragonborn.esm"
"index 2|01119F";"DLC1VQDragonMisc";"QUST";"Dragonborn.esm"
"index 2|010AEB";"DLC1WEJS04";"QUST";"Dragonborn.esm"
"index 2|010AE7";"DLC1WEJS02";"QUST";"Dragonborn.esm"
"index 2|00F899";"DLC1RegiftingLycanthropy";"QUST";"Dragonborn.esm"
"index 2|00F7F0";"DLC1WEJS01";"QUST";"Dragonborn.esm"
"index 2|00F711";"DLC1WerewolfPerkExplanation";"QUST";"The Great City of Solitude.esp"
"index 2|00F363";"DLC1VQ03RNPC";"QUST";"The Great City of Solitude.esp"
"index 2|00D06C";"DLC1VQ01MiscObjective";"QUST";"Dragonborn.esm"
"index 2|00CFFF";"DLC1LD_Bthalft";"QUST";"Dragonborn.esm"
"index 2|00CFFE";"DLC1LD_CraftItemManager";"QUST";"Dragonborn.esm"
"index 2|00CFFD";"DLC1LD_Postquest";"QUST";"Dragonborn.esm"
"index 2|00CE0B";"DLC1RV09";"QUST";"Dragonborn.esm"
"index 2|00CE06";"DLC1RV08";"QUST";"Dragonborn.esm"
"index 2|00C73A";"DLC1VQDragon";"QUST";"Dragonborn.esm"
"index 2|00BF73";"DLC1VampireMesmerize";"QUST";"Dragonborn.esm"
"index 2|00BDD1";"DLC01SoulCairnHorseQuest";"QUST";"Dragonborn.esm"
"index 2|00B639";"DLC1LD_Misc";"QUST";"Dragonborn.esm"
"index 2|00A29C";"DLC1RV07";"QUST";"Dragonborn.esm"
"index 2|00594C";"DLC1VampireBaseIntro";"QUST";"DIS_Heavy_Legion.esp"
"index 2|0132A8";"DLC1VQ03VampireReactionSceneRun";"PACK";"Dragonborn.esm"
"index 2|011E5C";"DLC1DefaultSandbox_1024FeastHall";"PACK";"Dragonborn.esm"
"index 2|011E5B";"DLC1DefaultSandbox_128FeastHall";"PACK";"Dragonborn.esm"
"index 2|011E59";"DLC1DefaultSandbox_256FeastHall";"PACK";"Dragonborn.esm"
"index 2|011E58";"DLC1DefaultSandbox_768FeastHall";"PACK";"Dragonborn.esm"
"index 2|011E57";"DLC1VQ02FeastVingalmoStandWithDrink";"PACK";"Dragonborn.esm"
"index 2|011E56";"DLC1DefaultSandbox_512FeastHall";"PACK";"Dragonborn.esm"
"index 2|011CF1";"DLC1VQ02FeastRonthilStandWithDrink";"PACK";"Dragonborn.esm"
"index 2|011CEB";"DLC1VQ02FeastVingalmoPatrolToDias";"PACK";"Dragonborn.esm"
"index 2|011BB4";"DLC1VQ02FeastGaranStandWithDrink";"PACK";"Dragonborn.esm"
"index 2|011B3E";"DLC1VQ02FeastStalfStandWithDrink";"PACK";"Dragonborn.esm"
"index 2|01AADB";"DLC1RedwaterPackageOverrideCombatActivate";"PACK";"The Great City of Solitude.esp"
"index 2|018069";"DLC1CastleThrallMesmerizedNoLinkedRef";"PACK";"Dragonborn.esm"
"index 2|018068";"DLC1CasteThrallSleepLinkedRef";"PACK";"Dragonborn.esm"
"index 2|016363";"DLC1dunRedwaterDenOpenDoorPacakge";"PACK";"Dragonborn.esm"
"index 2|014F33";"DLC1LD_D4_KatriaPostShardForcegreet";"PACK";"Dragonborn.esm"
"index 2|014F32";"DLC1LD_D3_KatriaPostShardForcegreet";"PACK";"Dragonborn.esm"
"index 2|014F31";"DLC1LD_D2_KatriaPostShardForcegreet";"PACK";"Dragonborn.esm"
"index 2|014F1A";"DLC1LD_KatriaPuzzleForcegreetLargeRadius";"PACK";"Dragonborn.esm"
"index 2|014741";"DLC1VampireMesmerizeTravelToSelfDLC1RV06";"PACK";"Dragonborn.esm"
"index 2|00D008";"DLC1LD_KatriaForcegreetBthalftExterior";"PACK";"Dragonborn.esm"
"index 2|00D002";"DLC1LD_KatriaForcegreetBthalftFinale";"PACK";"Dragonborn.esm"
"index 2|00D000";"DLC1LD_KatriaForcegreetBthalftUseForge";"PACK";"Dragonborn.esm"
"index 2|00BF74";"DLC1VampireMesmerizeTravelToSelf";"PACK";"Dragonborn.esm"
"index 2|00BF54";"DLC01SoulCairnHorseEncounterPackage";"PACK";"Dragonborn.esm"
"index 2|00D00A";"DLC1LD_AetherialCrownPerk";"PERK";"Dragonborn.esm"
"index 2|013F86";"DLC1_BF_DunTempleQSTSCENEShiftBack";"SCEN";"Dragonborn.esm"
"index 2|013E21";"DLC1WEJS02VampRunningScene";"SCEN";"Dragonborn.esm"
"index 2|010F30";"DLC1VQ08PostGaranScene";"SCEN";"Dragonborn.esm"
"index 2|010F2B";"DLC1VQ08PostIsranScene";"SCEN";"Dragonborn.esm"
"index 2|00FB20";"DLC1VQ01PuzzleRoomScene";"SCEN";"Dragonborn.esm"
"index 2|00E88E";"DLC1VampireTurnHarkonHack";"SCEN";"Dragonborn.esm"
"index 2|00E885";"DLC1VQ04RNPCSoulTrapScene";"SCEN";"Dragonborn.esm"
"index 2|00D937";"DLC1VQ01IsranAgmaerScene";"SCEN";"Dragonborn.esm"
"index 2|00D92D";"DLC1VQ01IsranTolanDimhollowScene";"SCEN";"Dragonborn.esm"
"index 2|00D928";"DLC1VQ01IsranIntroScene";"SCEN";"Dragonborn.esm"
"index 2|00D680";"DLC1VQ07FinalSceneAlternate";"SCEN";"Dragonborn.esm"
"index 2|00D64F";"DLC1VQ08HarkonBattleScene";"SCEN";"Dragonborn.esm"
"index 2|0041AB";"DLC1LD_Katria_Forge6b";"SCEN";"HearthFires.esm"
"index 2|003DA2";"DLC1VQ03VampireMothPriestScene";"SCEN";"HearthFires.esm"
"index 2|019FC1";"DLC1VQ08HarkonConfrontScene";"SCEN";"Dragonborn.esm"
"index 2|019574";"DLC1LDIceDragonFightScene02";"SCEN";"Dragonborn.esm"
"index 2|01931F";"DLC1VQ08DawnguardCelebrate";"SCEN";"Dragonborn.esm"
"index 2|0191E8";"DLC1VampireTutorialScene1";"SCEN";"Dragonborn.esm"
"index 2|019139";"DLC1LD_Katria_Forge02";"SCEN";"Dragonborn.esm"
"index 2|019138";"DLC1LD_Katria_Forge01";"SCEN";"Dragonborn.esm"
"index 2|01666A";"DLC1_BF_DunTempleQSTStart";"SCEN";"Dragonborn.esm"
"index 2|015AC0";"DLC1VQ02RNPCTalkToPlayerPreCastle";"SCEN";"Dragonborn.esm"
"index 2|015AB7";"DLC1VQ02RNPCOnExit";"SCEN";"Dragonborn.esm"
"index 2|0153B4";"DLC1VQ07FinalPreScene";"SCEN";"Dragonborn.esm"
"index 2|014F4D";"DLC1VQ07Prelate04Scene";"SCEN";"Dragonborn.esm"
"index 2|014F4C";"DLC1VQ07Prelate03Scene";"SCEN";"Dragonborn.esm"
"index 2|014F4B";"DLC1VQ07Prelate02Scene";"SCEN";"Dragonborn.esm"
"index 2|014F4A";"DLC1VQ07Prelate01Scene";"SCEN";"Dragonborn.esm"
"index 2|014F20";"DLC1LD_BthalftPreRising";"SCEN";"Dragonborn.esm"
"index 2|014B54";"DLC1VQ03HunterStage5IsranScene";"SCEN";"Dragonborn.esm"
"index 2|014211";"DLC1WEDB02Scene01";"SCEN";"Dragonborn.esm"
"index 2|01391F";"DLC1dunRedwaterDenCageScene";"SCEN";"Dragonborn.esm"
"index 2|013911";"DLC1dunRedwaterDenBouncerScene";"SCEN";"Dragonborn.esm"
"index 2|0133AF";"DLC1VQ02SeranaLeverScene";"SCEN";"Dragonborn.esm"
"index 2|0103A5";"DLC1VQ02HarkonAndSeranaScene";"SCEN";"Dragonborn.esm"
"index 2|00D7F9";"DLC1VQ04StatueDoneScene";"SCEN";"Dragonborn.esm"
"index 2|00D7EB";"DLC1VQ04CourtyardScene";"SCEN";"Dragonborn.esm"
"index 2|00D030";"DLC1LD_BthalftRisingScene";"SCEN";"Dragonborn.esm"
"index 2|00D02F";"DLC1LD_03b_KatriaCommentBody";"SCEN";"Dragonborn.esm"
"index 2|00D02C";"DLC1LD_02KatriaBackout";"SCEN";"Dragonborn.esm"
"index 2|00C73C";"DLC1VQDragonScene1";"SCEN";"Dragonborn.esm"
"index 2|00BDF7";"DLC1HunterBaseIntroStartScene";"SCEN";"Dragonborn.esm"
"index 2|00A886";"DLC1VQ07GeleborScene";"SCEN";"Dragonborn.esm"
"index 2|0008CE";"BYOHFishHatchery01";"ACTI";"evgnnsmpaccessories.esp"
"index 2|018B79";"BYOHRelationshipAdoptionPetDoorTrig";"ACTI";"Dragonborn.esm"
"index 2|00A511";"BYOHMineClay01Dirt01";"ACTI";"Dragonborn.esm"
"index 2|012A54";"BYOHBYOHApiary";"CONT";"Dragonborn.esm"
"index 2|018088";"BYOHHouseInteriorPart196PracticeDummyChild01";"MISC";"Dragonborn.esm"
"index 2|015BEA";"BYOHHouseTrophyPart17Goat";"MISC";"Dragonborn.esm"
"index 2|015BE9";"BYOHHouseTrophyPart12TrollFrost";"MISC";"Dragonborn.esm"
"index 2|015BE8";"BYOHHouseTrophyPart27FalmerCrouch";"MISC";"Dragonborn.esm"
"index 2|015BE7";"BYOHHouseTrophyPart26DraugrMale";"MISC";"Dragonborn.esm"
"index 2|01515D";"BYOHHouseExteriorPart08Mill";"MISC";"Dragonborn.esm"
"index 2|01515C";"BYOHHouseExteriorPart07Apiary";"MISC";"Dragonborn.esm"
"index 2|00F3A9";"BYOHHouseInteriorPart195ShrineZenithar";"MISC";"The Great City of Solitude.esp"
"index 2|00F3A8";"BYOHHouseInteriorPart194ShrineTalos";"MISC";"The Great City of Solitude.esp"
"index 2|00F3A7";"BYOHHouseInteriorPart193ShrineMara";"MISC";"The Great City of Solitude.esp"
"index 2|00F3A6";"BYOHHouseInteriorPart192ShrineAkatosh";"MISC";"The Great City of Solitude.esp"
"index 2|00F3A5";"BYOHHouseInteriorPart191ShrineArkay";"MISC";"The Great City of Solitude.esp"
"index 2|00F3A4";"BYOHHouseInteriorPart190ShrineStendarr";"MISC";"The Great City of Solitude.esp"
"index 2|00F3A3";"BYOHHouseInteriorPart189ShrineKynareth";"MISC";"The Great City of Solitude.esp"
"index 2|00F3A2";"BYOHHouseInteriorPart188ShrineJulianos";"MISC";"The Great City of Solitude.esp"
"index 2|00F3A1";"BYOHHouseInteriorPart187ShrineBase01";"MISC";"The Great City of Solitude.esp"
"index 2|00F3A0";"BYOHHouseInteriorPart186WallSconcex2_04";"MISC";"The Great City of Solitude.esp"
"index 2|00F39F";"BYOHHouseInteriorPart185VampireCoffin01";"MISC";"The Great City of Solitude.esp"
"index 2|00F39D";"BYOHHouseInteriorPart184MeadBarrelsx2_01";"MISC";"The Great City of Solitude.esp"
"index 2|00F39C";"BYOHHouseMead";"MISC";"The Great City of Solitude.esp"
"index 2|00F39A";"BYOHHouseInteriorPart183WeaponRackx5_01";"MISC";"The Great City of Solitude.esp"
"index 2|00F399";"BYOHHouseInteriorPart182Safex5_02";"MISC";"The Great City of Solitude.esp"
"index 2|00F398";"BYOHHouseInteriorPart181Safex5_01";"MISC";"The Great City of Solitude.esp"
"index 2|00F397";"BYOHHouseInteriorPart180Forge01";"MISC";"The Great City of Solitude.esp"
"index 2|00F396";"BYOHHouseInteriorPart179Smelter01";"MISC";"The Great City of Solitude.esp"
"index 2|00F395";"BYOHHouseInteriorPart178Barrels04";"MISC";"The Great City of Solitude.esp"
"index 2|00F394";"BYOHHouseInteriorPart177Barrels03";"MISC";"The Great City of Solitude.esp"
"index 2|00F393";"BYOHHouseInteriorPart176ArcheryTarget01";"MISC";"The Great City of Solitude.esp"
"index 2|00F392";"BYOHHouseInteriorPart175MountedHeadBear02";"MISC";"The Great City of Solitude.esp"
"index 2|00F375";"BYOHHouseInteriorPart174HangingRack04";"MISC";"The Great City of Solitude.esp"
"index 2|00F374";"BYOHHouseInteriorPart173HangingRack03";"MISC";"The Great City of Solitude.esp"
"index 2|00F372";"BYOHHouseInteriorPart172MountedHeadHorkerFireplace";"MISC";"The Great City of Solitude.esp"
"index 2|00F370";"BYOHHouseInteriorPart171Oven";"MISC";"The Great City of Solitude.esp"
"index 2|00DD8D";"BYOHHouseInteriorPart170MountedHeadGoat02";"MISC";"Dragonborn.esm"
"index 2|00DD8B";"BYOHHouseInteriorPart169TableNightx2_02";"MISC";"Dragonborn.esm"
"index 2|00DD7A";"BYOHHouseInteriorPart168PlanterLarge03";"MISC";"Dragonborn.esm"
"index 2|00DD79";"BYOHHouseInteriorPart167PlanterLarge02";"MISC";"Dragonborn.esm"
"index 2|00DD78";"BYOHHouseInteriorPart166PlanterLarge01";"MISC";"Dragonborn.esm"
"index 2|00DD6E";"BYOHHouseInteriorPart165PlanterSmallWithCupboard06";"MISC";"Dragonborn.esm"
"index 2|00DD6D";"BYOHHouseInteriorPart164PlanterSmallWithCupboard05";"MISC";"Dragonborn.esm"
"index 2|00DD6C";"BYOHHouseInteriorPart163PlanterSmallWithCupboard04";"MISC";"Dragonborn.esm"
"index 2|00DD6B";"BYOHHouseInteriorPart162PlanterSmallWithCupboard03";"MISC";"Dragonborn.esm"
"index 2|00DD6A";"BYOHHouseInteriorPart161PlanterSmallWithCupboard02";"MISC";"Dragonborn.esm"
"index 2|00DD69";"BYOHHouseInteriorPart160PlanterSmallWithCupboard01";"MISC";"Dragonborn.esm"
"index 2|00DD66";"BYOHHouseInteriorPart159MountedMudcrab02";"MISC";"Dragonborn.esm"
"index 2|00D16B";"BYOHHouseInteriorPart158ChestExterior01";"MISC";"Dragonborn.esm"
"index 2|00CD7E";"BYOHHouseInteriorPart157HangingRack02";"MISC";"Keizaal.esp"
"index 2|00CD76";"BYOHHouseInteriorPart155SafeWithShelf013";"MISC";"Dragonborn.esm"
"index 2|00CD75";"BYOHHouseInteriorPart156SafeWithShelf013";"MISC";"Dragonborn.esm"
"index 2|00CD6C";"BYOHHouseInteriorPart154WallSconcex2_03";"MISC";"Dragonborn.esm"
"index 2|00CD59";"BYOHHouseInteriorPart153Dresser02";"MISC";"Dragonborn.esm"
"index 2|00CD46";"BYOHHouseInteriorPart152ArmorWorkbench01";"MISC";"Dragonborn.esm"
"index 2|00CD45";"BYOHHouseInteriorPart151Grindstone01";"MISC";"Dragonborn.esm"
"index 2|00CD44";"BYOHHouseInteriorPart150TanningRack01";"MISC";"Dragonborn.esm"
"index 2|00CD3E";"BYOHHouseInteriorPart149MannequinWithCupboard05";"MISC";"Dragonborn.esm"
"index 2|00CD3D";"BYOHHouseInteriorPart148MannequinWithCupboard04";"MISC";"Dragonborn.esm"
"index 2|00CD3C";"BYOHHouseInteriorPart147MannequinWithCupboard03";"MISC";"Dragonborn.esm"
"index 2|00CD3B";"BYOHHouseInteriorPart146MannequinWithCupboard02";"MISC";"Dragonborn.esm"
"index 2|00CD3A";"BYOHHouseInteriorPart145MannequinWithCupboard01";"MISC";"Dragonborn.esm"
"index 2|00CD33";"BYOHHouseInteriorPart144WeaponRackx4_02";"MISC";"Dragonborn.esm"
"index 2|00CD32";"BYOHHouseInteriorPart143WeaponRackx4_01";"MISC";"Dragonborn.esm"
"index 2|00C739";"BYOHHouseInteriorPart142DisplayCupboard02";"MISC";"Dragonborn.esm"
"index 2|00C738";"BYOHHouseInteriorPart141DisplayCupboard01";"MISC";"Dragonborn.esm"
"index 2|00C737";"BYOHHouseInteriorPart140LampStand02";"MISC";"Dragonborn.esm"
"index 2|00C736";"BYOHHouseInteriorPart139TableRound01";"MISC";"Dragonborn.esm"
"index 2|00C213";"BYOHHouseInteriorPart138BarrelsWithTable137";"MISC";"Dragonborn.esm"
"index 2|00C20D";"BYOHHouseInteriorPart137TableEnd02";"MISC";"Dragonborn.esm"
"index 2|00C20C";"BYOHHouseInteriorPart136WallShelvesx2_04";"MISC";"Dragonborn.esm"
"index 2|00C20B";"BYOHHouseInteriorPart135WallShelvesx2_03";"MISC";"Dragonborn.esm"
"index 2|00C208";"BYOHHouseInteriorPart134ChestWithTable044";"MISC";"Dragonborn.esm"
"index 2|00C206";"BYOHHouseInteriorPart133ChestWithDisplayShelf039";"MISC";"Dragonborn.esm"
"index 2|00C1EF";"BYOHHouseInteriorPart132ChestWithTable130";"MISC";"Dragonborn.esm"
"index 2|00C1EE";"BYOHHouseInteriorPart131ChestWithTable130";"MISC";"Dragonborn.esm"
"index 2|00C1EC";"BYOHHouseInteriorPart130TableWithChest01";"MISC";"Dragonborn.esm"
"index 2|00C1E8";"BYOHHouseInteriorPart129SafeWithDisplayTable127";"MISC";"Dragonborn.esm"
"index 2|00C1E7";"BYOHHouseInteriorPart128ChestWithDisplayTable127";"MISC";"Dragonborn.esm"
"index 2|00C1E6";"BYOHHouseInteriorPart127DisplayTableLarge01";"MISC";"Dragonborn.esm"
"index 2|00C1E2";"BYOHHouseExteriorPart06Grindstone";"MISC";"Dragonborn.esm"
"index 2|00C1E1";"BYOHHouseExteriorPart05ArmorWorkbench";"MISC";"Dragonborn.esm"
"index 2|00B695";"BYOHHouseInteriorPart126ChairExterior01";"MISC";"Dragonborn.esm"
"index 2|00B693";"BYOHHouseInteriorPart125Mannequin01";"MISC";"Dragonborn.esm"
"index 2|00B690";"BYOHHouseInteriorPart124WallShelf01";"MISC";"Dragonborn.esm"
"index 2|00B68D";"BYOHHouseInteriorPart123ChestWithCupboard020";"MISC";"Dragonborn.esm"
"index 2|00B689";"BYOHHouseInteriorPart122WeaponRackx3_01";"MISC";"Dragonborn.esm"
"index 2|00B684";"BYOHHouseInteriorPart121Brazier02";"MISC";"Dragonborn.esm"
"index 2|00B683";"BYOHHouseInteriorPart120Brazier01";"MISC";"Dragonborn.esm"
"index 2|00B4D7";"BYOHHouseInteriorPart119LampStand01";"MISC";"Dragonborn.esm"
"index 2|00B4D6";"BYOHHouseInteriorPart118WallSconce01";"MISC";"Dragonborn.esm"
"index 2|00B4D5";"BYOHHouseInteriorPart117BookshelfTall05";"MISC";"Dragonborn.esm"
"index 2|00B4D4";"BYOHHouseInteriorPart116BookshelfTall04";"MISC";"Dragonborn.esm"
"index 2|00B4D3";"BYOHHouseInteriorPart115BookshelfTall03";"MISC";"Dragonborn.esm"
"index 2|00B4D2";"BYOHHouseInteriorPart114BookshelfTall02";"MISC";"Dragonborn.esm"
"index 2|00B4D1";"BYOHHouseInteriorPart113BookshelfTall01";"MISC";"Dragonborn.esm"
"index 2|00B4D0";"BYOHHouseInteriorPart112Bookshelf04";"MISC";"Dragonborn.esm"
"index 2|00B4CF";"BYOHHouseInteriorPart111Bookshelf03";"MISC";"Dragonborn.esm"
"index 2|00B4CE";"BYOHHouseInteriorPart110Bookshelf02";"MISC";"Dragonborn.esm"
"index 2|00B0E0";"BYOHHouseInteriorPart109Cupboard04";"MISC";"Dragonborn.esm"
"index 2|00B0DF";"BYOHHouseInteriorPart108TrophyBaseLarge03";"MISC";"Dragonborn.esm"
"index 2|00B0DE";"BYOHHouseInteriorPart107TrophyBaseLarge02";"MISC";"Dragonborn.esm"
"index 2|00B0DD";"BYOHHouseInteriorPart106TrophyBaseLarge01";"MISC";"Dragonborn.esm"
"index 2|00B0D6";"BYOHHouseInteriorPart105TrophyBaseSmall04";"MISC";"Dragonborn.esm"
"index 2|00B0D5";"BYOHHouseInteriorPart104TrophyBaseSmall03";"MISC";"Dragonborn.esm"
"index 2|00B0D4";"BYOHHouseInteriorPart103TrophyBaseSmall02";"MISC";"Dragonborn.esm"
"index 2|00B0D3";"BYOHHouseInteriorPart102TrophyBaseSmall01";"MISC";"Dragonborn.esm"
"index 2|00A346";"BYOHHouseTrophyPart25Slaughterfish";"MISC";"Dragonborn.esm"
"index 2|00A345";"BYOHHouseTrophyPart24Skeever";"MISC";"Dragonborn.esm"
"index 2|00A344";"BYOHHouseTrophyPart23Mudcrab";"MISC";"Dragonborn.esm"
"index 2|00A343";"BYOHHouseTrophyPart22WolfIce";"MISC";"Dragonborn.esm"
"index 2|00A342";"BYOHHouseTrophyPart21WolfRed";"MISC";"Dragonborn.esm"
"index 2|00A341";"BYOHHouseTrophyPart20FrostbiteSpider";"MISC";"Dragonborn.esm"
"index 2|00A340";"BYOHHouseTrophyPart19Draugr";"MISC";"Dragonborn.esm"
"index 2|00A33F";"BYOHHouseTrophyPart18DragonSkull";"MISC";"Dragonborn.esm"
"index 2|00A33D";"BYOHHouseTrophyPart16Deer";"MISC";"Dragonborn.esm"
"index 2|00A33C";"BYOHHouseTrophyPart15Cow";"MISC";"Dragonborn.esm"
"index 2|00A33B";"BYOHHouseTrophyPart14Chaurus";"MISC";"Dragonborn.esm"
"index 2|00A33A";"BYOHHouseTrophyPart13BearSnow";"MISC";"Dragonborn.esm"
"index 2|00A32B";"BYOHHouseTrophyPart11Troll";"MISC";"Dragonborn.esm"
"index 2|00A32A";"BYOHHouseTrophyPart10TrollFrost";"MISC";"Dragonborn.esm"
"index 2|00A329";"BYOHHouseTrophyPart09Spriggan";"MISC";"Dragonborn.esm"
"index 2|00A328";"BYOHHouseTrophyPart08DwarvenSphere";"MISC";"Dragonborn.esm"
"index 2|00A327";"BYOHHouseTrophyPart07Skeleton";"MISC";"Dragonborn.esm"
"index 2|00A326";"BYOHHouseTrophyPart05Horker";"MISC";"Dragonborn.esm"
"index 2|00A325";"BYOHHouseTrophyPart06SabreCat";"MISC";"Dragonborn.esm"
"index 2|00A324";"BYOHHouseTrophyPart04Hagraven";"MISC";"Dragonborn.esm"
"index 2|00A323";"BYOHHouseTrophyPart03Falmer";"MISC";"Dragonborn.esm"
"index 2|00A322";"BYOHHouseTrophyPart02DwarvenSpider";"MISC";"Dragonborn.esm"
"index 2|00A31F";"BYOHHouseTrophyPart01Bear";"MISC";"Dragonborn.esm"
"index 2|00A312";"BYOHHouseInteriorPart101Firepit";"MISC";"Dragonborn.esm"
"index 2|009507";"BYOHHousePart301Room3BFoundation";"MISC";"JK's Riverwood.esp"
"index 2|009506";"BYOHHousePart300Room3BDoor";"MISC";"JK's Riverwood.esp"
"index 2|007884";"BYOHHouseExteriorPart04Smelter";"MISC";"The Great City of Solitude.esp"
"index 2|005A55";"BYOHHouseInteriorPart078TableBenchesExterior";"MISC";"Keizaal.esp"
"index 2|005A54";"BYOHHouseInteriorPart070MountedSlaughterfish02";"MISC";"Keizaal.esp"
"index 2|005A53";"BYOHHouseInteriorPart069MountedSlaughterfish01";"MISC";"Keizaal.esp"
"index 2|005A52";"BYOHHouseInteriorPart068MountedMudcrab01";"MISC";"Keizaal.esp"
"index 2|005A51";"BYOHHouseInteriorPart067MountedHeadWolf02";"MISC";"Keizaal.esp"
"index 2|005A50";"BYOHHouseInteriorPart066MountedHeadWolf01";"MISC";"Keizaal.esp"
"index 2|005A4F";"BYOHHouseInteriorPart065MountedHeadSabreCat02";"MISC";"Keizaal.esp"
"index 2|005A4E";"BYOHHouseInteriorPart064MountedHeadSabreCat01";"MISC";"Keizaal.esp"
"index 2|005A4D";"BYOHHouseInteriorPart063MountedHeadHorker01";"MISC";"Keizaal.esp"
"index 2|005A4C";"BYOHHouseInteriorPart062MountedHeadGoat01";"MISC";"Keizaal.esp"
"index 2|005A4B";"BYOHHouseInteriorPart061MountedHeadElkMale01";"MISC";"Keizaal.esp"
"index 2|005A41";"BYOHHouseInteriorPart051DisplayWardrobeSmall02";"MISC";"Keizaal.esp"
"index 2|005A40";"BYOHHouseInteriorPart050WardrobeTall02";"MISC";"Keizaal.esp"
"index 2|005A3B";"BYOHHouseInteriorPart045BedDouble01";"MISC";"Keizaal.esp"
"index 2|005A37";"BYOHHouseInteriorPart040Cupboard02";"MISC";"Keizaal.esp"
"index 2|000814";"BYOHHouseInteriorPart197BedChild01";"MISC";"evgnnsmpaccessories.esp"
"index 2|000813";"BYOHHouseInteriorPart198BedChild02";"MISC";"evgnnsmpaccessories.esp"
"index 2|000801";"BYOHVampireCoffinVert01";"FURN";"evgnnsmpaccessories.esp"
"index 2|00A31E";"BYOHHouseTrophyBase2";"FURN";"Dragonborn.esm"
"index 2|00A31A";"BYOHHouseTrophyBase1";"FURN";"Dragonborn.esm"
"index 2|003B00";"BYOHHouseInteriorWorkbenchRoom11";"FURN";"The Great City of Solitude.esp"
"index 2|003AFF";"BYOHHouseInteriorWorkbenchRoom10";"FURN";"The Great City of Solitude.esp"
"index 2|003AFD";"BYOHHouseInteriorWorkbenchRoom08";"FURN";"The Great City of Solitude.esp"
"index 2|003AFB";"BYOHHouseInteriorWorkbenchRoom06";"FURN";"The Great City of Solitude.esp"
"index 2|019631";"BYOHHouse3Bard";"NPC_";"Dragonborn.esm"
"index 2|019630";"BYOHHouse2Bard";"NPC_";"Dragonborn.esm"
"index 2|018DE0";"BYOHHouse1Bard";"NPC_";"Dragonborn.esm"
"index 2|015D5D";"BYOHHouseMannequin";"NPC_";"Dragonborn.esm"
"index 2|01381B";"BYOHRelationshipAdoptionCritter_FoxArctic";"NPC_";"Dragonborn.esm"
"index 2|01381A";"BYOHRelationshipAdoptionCritter_Fox";"NPC_";"Dragonborn.esm"
"index 2|013819";"BYOHRelationshipAdoptionCritter_Skeever";"NPC_";"Dragonborn.esm"
"index 2|013818";"BYOHRelationshipAdoptionCritter_Mudcrab";"NPC_";"Dragonborn.esm"
"index 2|013817";"BYOHRelationshipAdoptionCritter_Hare";"NPC_";"Dragonborn.esm"
"index 2|010A47";"BYOHHouseSkeeverTame";"NPC_";"Dragonborn.esm"
"index 2|008B32";"PlayerHouseMannequinCOPY0000";"NPC_";"The Great City of Solitude.esp"
"index 2|00403C";"BYOHUrchin_Alesan";"NPC_";"JK's Riverwood.esp"
"index 2|00403B";"BYOHUrchin_Sofie";"NPC_";"JK's Riverwood.esp"
"index 2|004271";"BYOHAdoption_WhiterunChest";"REFR";"Keizaal.esp"
"index 2|015159";"BYOHHouse2Room02CraftingTrigger002";"REFR";"Dragonborn.esm"
"index 2|015158";"BYOHHouse2Room02CraftingTrigger001";"REFR";"Dragonborn.esm"
"index 2|0126C3";"BYOHHouse2Room01CraftingTrigger001";"REFR";"Dragonborn.esm"
"index 2|012690";"BYOHHouse2Room04CraftingTrigger001";"REFR";"Dragonborn.esm"
"index 2|01268F";"BYOHHouse2Room05CraftingTrigger001";"REFR";"Dragonborn.esm"
"index 2|01268E";"BYOHHouse2Room06CraftingTrigger001";"REFR";"Dragonborn.esm"
"index 2|01268D";"BYOHHouse2Room07CraftingTrigger001";"REFR";"Dragonborn.esm"
"index 2|01268C";"BYOHHouse2Room08CraftingTrigger001";"REFR";"Dragonborn.esm"
"index 2|01268B";"BYOHHouse2Room09CraftingTrigger001";"REFR";"Dragonborn.esm"
"index 2|01268A";"BYOHHouse2Room10CraftingTrigger001";"REFR";"Dragonborn.esm"
"index 2|012689";"BYOHHouse2Room11CraftingTrigger001";"REFR";"Dragonborn.esm"
"index 2|012688";"BYOHHouse2Room01CraftingTriggerB";"REFR";"Dragonborn.esm"
"index 2|0125C2";"BYOHHouse2Room03CraftingTrigger001";"REFR";"Dragonborn.esm"
"index 2|0126C2";"BYOHHouse2Room02CraftingTrigger";"REFR";"Dragonborn.esm"
"index 2|012058";"BYOHHouse2InteriorRoom01Workbench001";"REFR";"Dragonborn.esm"
"index 2|012057";"BYOHHouse2InteriorRoom01WorkbenchB001";"REFR";"Dragonborn.esm"
"index 2|011FB6";"";"REFR";"Dragonborn.esm"
"index 2|011FB5";"";"REFR";"Dragonborn.esm"
"index 2|011FB4";"";"REFR";"Dragonborn.esm"
"index 2|011F6C";"";"REFR";"Dragonborn.esm"
"index 2|011F6B";"";"REFR";"Dragonborn.esm"
"index 2|011F6A";"";"REFR";"Dragonborn.esm"
"index 2|011D4B";"";"REFR";"Dragonborn.esm"
"index 2|011D4A";"";"REFR";"Dragonborn.esm"
"index 2|011D49";"";"REFR";"Dragonborn.esm"
"index 2|011D45";"";"REFR";"Dragonborn.esm"
"index 2|011D44";"";"REFR";"Dragonborn.esm"
"index 2|011D43";"";"REFR";"Dragonborn.esm"
"index 2|011CE5";"";"REFR";"Dragonborn.esm"
"index 2|0121C8";"";"REFR";"Dragonborn.esm"
"index 2|012195";"";"REFR";"Dragonborn.esm"
"index 2|012184";"";"REFR";"Dragonborn.esm"
"index 2|012183";"";"REFR";"Dragonborn.esm"
"index 2|012182";"";"REFR";"Dragonborn.esm"
"index 2|012181";"";"REFR";"Dragonborn.esm"
"index 2|012180";"";"REFR";"Dragonborn.esm"
"index 2|01217F";"";"REFR";"Dragonborn.esm"
"index 2|01217E";"";"REFR";"Dragonborn.esm"
"index 2|01217D";"";"REFR";"Dragonborn.esm"
"index 2|01217C";"";"REFR";"Dragonborn.esm"
"index 2|01217B";"";"REFR";"Dragonborn.esm"
"index 2|01217A";"";"REFR";"Dragonborn.esm"
"index 2|012177";"";"REFR";"Dragonborn.esm"
"index 2|012176";"";"REFR";"Dragonborn.esm"
"index 2|012175";"";"REFR";"Dragonborn.esm"
"index 2|012174";"";"REFR";"Dragonborn.esm"
"index 2|012173";"BYOHHouse2InteriorRoom04BirdsNest002";"REFR";"Dragonborn.esm"
"index 2|00BEEA";"";"REFR";"Dragonborn.esm"
"index 2|00BEE9";"";"REFR";"Dragonborn.esm"
"index 2|00BEE8";"";"REFR";"Dragonborn.esm"
"index 2|00BEE2";"";"REFR";"Dragonborn.esm"
"index 2|00BEE1";"";"REFR";"Dragonborn.esm"
"index 2|00BEE0";"";"REFR";"Dragonborn.esm"
"index 2|0152AD";"BYOHHouse2Room12CraftingTrigger001";"REFR";"Dragonborn.esm"
"index 2|0151AD";"";"REFR";"Dragonborn.esm"
"index 2|0151AC";"";"REFR";"Dragonborn.esm"
"index 2|0151AB";"";"REFR";"Dragonborn.esm"
"index 2|0151A6";"";"REFR";"Dragonborn.esm"
"index 2|0151A5";"";"REFR";"Dragonborn.esm"
"index 2|0151A4";"";"REFR";"Dragonborn.esm"
"index 2|01742C";"BYOHHouse3Room04CraftingTrigger001";"REFR";"The Great City of Solitude.esp"
"index 2|016E0B";"BYOHHouse3Room02CraftingTrigger005";"REFR";"Dragonborn.esm"
"index 2|016E0A";"BYOHHouse3Room02CraftingTrigger004";"REFR";"Dragonborn.esm"
"index 2|016DCC";"BYOHHouse3InteriorWorkbenchRoom04Ref001";"REFR";"Dragonborn.esm"
"index 2|016DCB";"BYOHHouse3InteriorWorkbenchRoom05Ref001";"REFR";"Dragonborn.esm"
"index 2|016DCA";"BYOHHouse3InteriorWorkbenchRoom06Ref001";"REFR";"Dragonborn.esm"
"index 2|016DC9";"BYOHHouse3InteriorWorkbenchRoom07Ref001";"REFR";"Dragonborn.esm"
"index 2|016DC8";"BYOHHouse3InteriorWorkbenchRoom08Ref001";"REFR";"Dragonborn.esm"
"index 2|016DC7";"BYOHHouse3InteriorWorkbenchRoom09Ref001";"REFR";"Dragonborn.esm"
"index 2|016DC6";"BYOHHouse3InteriorWorkbenchRoom10Ref001";"REFR";"Dragonborn.esm"
"index 2|016DC5";"BYOHHouse3InteriorWorkbenchRoom11Ref001";"REFR";"Dragonborn.esm"
"index 2|016DC1";"BYOHHouse3InteriorRoom02Workbench001";"REFR";"Dragonborn.esm"
"index 2|016D76";"BYOHHouse3InteriorWorkbenchRoom03Ref001";"REFR";"Dragonborn.esm"
"index 2|016D5B";"";"REFR";"Dragonborn.esm"
"index 2|016D5A";"";"REFR";"Dragonborn.esm"
"index 2|016D59";"";"REFR";"Dragonborn.esm"
"index 2|016D11";"";"REFR";"Dragonborn.esm"
"index 2|016D10";"";"REFR";"Dragonborn.esm"
"index 2|016D0F";"";"REFR";"Dragonborn.esm"
"index 2|016AE6";"";"REFR";"Dragonborn.esm"
"index 2|016AE5";"";"REFR";"Dragonborn.esm"
"index 2|016AE4";"";"REFR";"Dragonborn.esm"
"index 2|016AE0";"";"REFR";"Dragonborn.esm"
"index 2|016ADF";"";"REFR";"Dragonborn.esm"
"index 2|016ADE";"";"REFR";"Dragonborn.esm"
"index 2|016A80";"";"REFR";"Dragonborn.esm"
"index 2|016A65";"BYOHHouse3InteriorRoom02Workbench_bedrooms001";"REFR";"Dragonborn.esm"
"index 2|016A64";"BYOHHouse3InteriorRoom02Workbench_back001";"REFR";"Dragonborn.esm"
"index 2|016A5E";"BYOHHouse3Room02CraftingTrigger003";"REFR";"Dragonborn.esm"
"index 2|015157";"BYOHHouse1Room02CraftingTrigger002";"REFR";"Dragonborn.esm"
"index 2|015156";"BYOHHouse1Room02CraftingTrigger001";"REFR";"Dragonborn.esm"
"index 2|005AA0";"BYOHHouse1InteriorRoom02Workbench_bedrooms";"REFR";"Keizaal.esp"
"index 2|00D2A9";"";"REFR";"Dragonborn.esm"
"index 2|00C5AF";"";"REFR";"Dragonborn.esm"
"index 2|00C5AE";"";"REFR";"Dragonborn.esm"
"index 2|00C5AD";"";"REFR";"Dragonborn.esm"
"index 2|00C5A9";"";"REFR";"Dragonborn.esm"
"index 2|00C5A8";"";"REFR";"Dragonborn.esm"
"index 2|00C5A7";"";"REFR";"Dragonborn.esm"
"index 2|00D2B7";"BYOHHouse1InteriorRoom04BirdsNest01";"REFR";"Dragonborn.esm"
"index 2|00D2B6";"";"REFR";"Dragonborn.esm"
"index 2|00D2B5";"";"REFR";"Dragonborn.esm"
"index 2|00D2B4";"";"REFR";"Dragonborn.esm"
"index 2|00D2B3";"";"REFR";"Dragonborn.esm"
"index 2|00D2B0";"";"REFR";"Dragonborn.esm"
"index 2|00D2AF";"";"REFR";"Dragonborn.esm"
"index 2|00D2AE";"";"REFR";"Dragonborn.esm"
"index 2|00D2AD";"";"REFR";"Dragonborn.esm"
"index 2|00D2AC";"";"REFR";"Dragonborn.esm"
"index 2|00D2AB";"";"REFR";"Dragonborn.esm"
"index 2|00D2AA";"";"REFR";"Dragonborn.esm"
"index 2|00D2A8";"";"REFR";"Dragonborn.esm"
"index 2|00D2A7";"";"REFR";"Dragonborn.esm"
"index 2|00D2A6";"";"REFR";"Dragonborn.esm"
"index 2|00D2A5";"";"REFR";"Dragonborn.esm"
"index 2|00D294";"";"REFR";"Dragonborn.esm"
"index 2|00D257";"";"REFR";"Dragonborn.esm"
"index 2|003FDA";"";"REFR";"JK's Riverwood.esp"
"index 2|0008D3";"";"REFR";"evgnnsmpaccessories.esp"
"index 2|0008F2";"BYOHHouseFishSpawner1";"REFR";"evgnnsmpaccessories.esp"
"index 2|0008EA";"BYOHHouse2MudcrabRef1";"ACHR";"evgnnsmpaccessories.esp"
"index 2|010FBC";"BYOHHouse3HorseRef";"ACHR";"Dragonborn.esm"
"index 2|00BE1A";"BYOHHouse2HorseRef";"ACHR";"Dragonborn.esm"
"index 2|007A8E";"BYOHHouse1HorseRef";"ACHR";"The Great City of Solitude.esp"
"index 2|010FB9";"BYOHHouse3MainCraftingTrigger";"REFR";"Dragonborn.esm"
"index 2|010FB5";"BYOHHouse2CarriageDriverRef001";"ACHR";"Dragonborn.esm"
"index 2|010F27";"BYOHHouse3Room11CPart187Roof003";"REFR";"Dragonborn.esm"
"index 2|010F1F";"BYOHHouse3Room11BPart187Roof003";"REFR";"Dragonborn.esm"
"index 2|010F18";"BYOHHouse3Room10CPart176Roof003";"REFR";"Dragonborn.esm"
"index 2|010F12";"BYOHHouse3Room10BPart176Roof003";"REFR";"Dragonborn.esm"
"index 2|010F0C";"BYOHHouse3Room09CPart165Walls003";"REFR";"Dragonborn.esm"
"index 2|010F06";"BYOHHouse3Room09BPart165Walls003";"REFR";"Dragonborn.esm"
"index 2|010EFF";"BYOHHouse3Room08CPart157Roof003";"REFR";"Dragonborn.esm"
"index 2|010EF7";"BYOHHouse3Room08BPart157Roof003";"REFR";"Dragonborn.esm"
"index 2|010EF0";"BYOHHouse3Room07CPart146Roof003";"REFR";"Dragonborn.esm"
"index 2|010EEA";"BYOHHouse3Room07BPart146Roof003";"REFR";"Dragonborn.esm"
"index 2|010ED3";"BYOHHouse3Room05CPart127Roof003";"REFR";"Dragonborn.esm"
"index 2|010ECB";"BYOHHouse3Room05BPart127Roof003";"REFR";"Dragonborn.esm"
"index 2|010EC4";"BYOHHouse3Room04CPart116Roof003";"REFR";"Dragonborn.esm"
"index 2|010EBE";"BYOHHouse3Room04BPart116Roof003";"REFR";"Dragonborn.esm"
"index 2|010EB3";"BYOHHouse3Room03CPart105Walls003";"REFR";"Dragonborn.esm"
"index 2|010EB2";"BYOHHouse3Room06CPart135Walls003";"REFR";"Dragonborn.esm"
"index 2|010EB1";"BYOHHouse3Room03BPart105Walls003";"REFR";"Dragonborn.esm"
"index 2|010EAB";"BYOHHouse3Room06BPart135Walls003";"REFR";"Dragonborn.esm"
"index 2|010E7B";"BYOHHouse3Room10LonghouseInteriorSwapTrigger003";"REFR";"Dragonborn.esm"
"index 2|010E6F";"BYOHHouse3Room11TowerInteriorSwapTrigger003";"REFR";"Dragonborn.esm"
"index 2|010E6E";"BYOHHouse3Room08APart157Roof003";"REFR";"Dragonborn.esm"
"index 2|010E66";"BYOHHouse3Room08TowerInteriorSwapTrigger003";"REFR";"Keizaal.esp"
"index 2|010E63";"BYOHHouse3Room11APart187Roof003";"REFR";"Dragonborn.esm"
"index 2|010E5D";"BYOHHouse3Room10APart176Roof003";"REFR";"Dragonborn.esm"
"index 2|010E5C";"BYOHHouse3Room09APart165Walls003";"REFR";"Dragonborn.esm"
"index 2|010E53";"BYOHHouse3Room05APart127Roof003";"REFR";"Dragonborn.esm"
"index 2|010E50";"BYOHHouse3Room05TowerInteriorSwapTrigger003";"REFR";"Dragonborn.esm"
"index 2|010E4E";"BYOHHouse3Room07APart146Roof003";"REFR";"Dragonborn.esm"
"index 2|010E47";"BYOHHouse3Room07LonghouseInteriorSwapTrigger003";"REFR";"Dragonborn.esm"
"index 2|010E44";"BYOHHouse3Room06APart135Walls003";"REFR";"Dragonborn.esm"
"index 2|010E3E";"BYOHHouse3Room06PorchInteriorSwapTrigger003";"REFR";"Dragonborn.esm"
"index 2|010E3C";"BYOHHouse3Room09PorchInteriorSwapTrigger003";"REFR";"Dragonborn.esm"
"index 2|010E31";"BYOHHouse3Room04LonghouseInteriorSwapTrigger003";"REFR";"Keizaal.esp"
"index 2|010E2F";"BYOHHouse3Room04APart116Roof003";"REFR";"Keizaal.esp"
"index 2|010E27";"BYOHHouse3Room02APart020Roof003";"REFR";"Dragonborn.esm"
"index 2|010E19";"BYOHHouse3Room01FullExterior01";"REFR";"Dragonborn.esm"
"index 2|010E18";"BYOHHouse3Room03APart105Walls003";"REFR";"Dragonborn.esm"
"index 2|010E16";"BYOHHouse3Room02CPart057Roof003";"REFR";"Dragonborn.esm"
"index 2|010DF0";"BYOHHouse3Room02BPart047Roof003";"REFR";"Dragonborn.esm"
"index 2|010DE9";"BYOHHouse3Room02InteriorSwapTrigger003";"REFR";"Dragonborn.esm"
"index 2|010DE1";"BYOHHouse3SiteChickenMarker002";"REFR";"Dragonborn.esm"
"index 2|010DDD";"BYOHHouse3Room01InteriorSwapTrigger003";"REFR";"Dragonborn.esm"
"index 2|00BE1C";"BYOHHouse2SiteChickenMarker";"REFR";"Dragonborn.esm"
"index 2|00BE0C";"BYOHHouse2CarriageDriverRef";"ACHR";"Dragonborn.esm"
"index 2|00A535";"BYOHHouse2DraftingTable";"REFR";"Dragonborn.esm"
"index 2|00A534";"";"REFR";"Dragonborn.esm"
"index 2|00B9F3";"BYOHHouse2MainCraftingTrigger";"REFR";"Dragonborn.esm"
"index 2|00B9EF";"BYOHHouse2Room11CPart187Roof";"REFR";"Dragonborn.esm"
"index 2|00B9E7";"BYOHHouse2Room11BPart187Roof";"REFR";"Dragonborn.esm"
"index 2|00B9E0";"BYOHHouse2Room10CPart176Roof";"REFR";"Dragonborn.esm"
"index 2|00B9DA";"BYOHHouse2Room10BPart176Roof";"REFR";"Dragonborn.esm"
"index 2|00B9D4";"BYOHHouse2Room09CPart165Walls";"REFR";"Dragonborn.esm"
"index 2|00B9CE";"BYOHHouse2Room09BPart165Walls";"REFR";"Dragonborn.esm"
"index 2|00B9C7";"BYOHHouse2Room08CPart157Roof";"REFR";"Dragonborn.esm"
"index 2|00B9BF";"BYOHHouse2Room08BPart157Roof";"REFR";"Dragonborn.esm"
"index 2|00B9B8";"BYOHHouse2Room07CPart146Roof";"REFR";"Dragonborn.esm"
"index 2|00B9B2";"BYOHHouse2Room07BPart146Roof";"REFR";"Dragonborn.esm"
"index 2|00B99B";"BYOHHouse2Room05CPart127Roof";"REFR";"Dragonborn.esm"
"index 2|00B993";"BYOHHouse2Room05BPart127Roof";"REFR";"Dragonborn.esm"
"index 2|00B98C";"BYOHHouse2Room04CPart116Roof";"REFR";"Dragonborn.esm"
"index 2|00B986";"BYOHHouse2Room04BPart116Roof";"REFR";"Dragonborn.esm"
"index 2|00B97B";"BYOHHouse2Room03CPart105Walls";"REFR";"Dragonborn.esm"
"index 2|00B97A";"BYOHHouse2Room06CPart135Walls";"REFR";"Dragonborn.esm"
"index 2|00B979";"BYOHHouse2Room03BPart105Walls";"REFR";"Dragonborn.esm"
"index 2|00B973";"BYOHHouse2Room06BPart135Walls";"REFR";"Dragonborn.esm"
"index 2|00B943";"BYOHHouse2Room10LonghouseInteriorSwapTrigger";"REFR";"Dragonborn.esm"
"index 2|00B937";"BYOHHouse2Room11TowerInteriorSwapTrigger";"REFR";"Dragonborn.esm"
"index 2|00B936";"BYOHHouse2Room08APart157Roof";"REFR";"Dragonborn.esm"
"index 2|00B92E";"BYOHHouse2Room08TowerInteriorSwapTrigger";"REFR";"Dragonborn.esm"
"index 2|00B92B";"BYOHHouse2Room11APart187Roof";"REFR";"Dragonborn.esm"
"index 2|00B925";"BYOHHouse2Room10APart176Roof";"REFR";"Dragonborn.esm"
"index 2|00B924";"BYOHHouse2Room09APart165Walls";"REFR";"Dragonborn.esm"
"index 2|00B91B";"BYOHHouse2Room05APart127Roof";"REFR";"Dragonborn.esm"
"index 2|00B918";"BYOHHouse2Room05TowerInteriorSwapTrigger";"REFR";"Dragonborn.esm"
"index 2|00B916";"BYOHHouse2Room07APart146Roof";"REFR";"Dragonborn.esm"
"index 2|00B90F";"BYOHHouse2Room07LonghouseInteriorSwapTrigger";"REFR";"Dragonborn.esm"
"index 2|00B90C";"BYOHHouse2Room06APart135Walls";"REFR";"Dragonborn.esm"
"index 2|00B906";"BYOHHouse2Room06PorchInteriorSwapTrigger";"REFR";"Dragonborn.esm"
"index 2|00B904";"BYOHHouse2Room09PorchInteriorSwapTrigger";"REFR";"Dragonborn.esm"
"index 2|00B8F9";"BYOHHouse2Room04LonghouseInteriorSwapTrigger";"REFR";"Dragonborn.esm"
"index 2|00B8F7";"BYOHHouse2Room04APart116Roof";"REFR";"Dragonborn.esm"
"index 2|00B8EF";"BYOHHouse2Room02APart020Roof";"REFR";"Dragonborn.esm"
"index 2|00B8E1";"BYOHHouse2Room01FullExterior01";"REFR";"Dragonborn.esm"
"index 2|00B8E0";"BYOHHouse2Room03APart105Walls";"REFR";"Dragonborn.esm"
"index 2|00B8DE";"BYOHHouse2Room02CPart057Roof";"REFR";"Dragonborn.esm"
"index 2|00B8C6";"BYOHHouse2Room03PorchInteriorSwapTrigger";"REFR";"Dragonborn.esm"
"index 2|00B8B8";"BYOHHouse2Room02BPart047Roof";"REFR";"Dragonborn.esm"
"index 2|00B8B1";"BYOHHouse2Room02InteriorSwapTrigger";"REFR";"Dragonborn.esm"
"index 2|00B850";"BYOHHouse2Room011InteriorSwapTrigger";"REFR";"Dragonborn.esm"
"index 2|010F5C";"BYOHHouse3Chicken01";"ACHR";"Dragonborn.esm"
"index 2|010F58";"BYOHHouse3Chicken02";"ACHR";"Dragonborn.esm"
"index 2|010F57";"BYOHHouse3Chicken03";"ACHR";"Dragonborn.esm"
"index 2|0008EB";"BYOHHouse2MudcrabRef002";"ACHR";"evgnnsmpaccessories.esp"
"index 2|00BE18";"BYOHHouse2Chicken1";"ACHR";"Dragonborn.esm"
"index 2|00BE17";"BYOHHouse2Chicken2";"ACHR";"Dragonborn.esm"
"index 2|0008EC";"BYOHHouse2MudcrabRef003";"ACHR";"evgnnsmpaccessories.esp"
"index 2|00BE1B";"BYOHHouse2Chicken3";"ACHR";"Dragonborn.esm"
"index 2|015D11";"";"INFO";"Dragonborn.esm"
"index 2|01612D";"";"INFO";"Dragonborn.esm"
"index 2|01612E";"";"INFO";"Dragonborn.esm"
"index 2|01612F";"";"INFO";"Dragonborn.esm"
"index 2|015D53";"";"INFO";"Dragonborn.esm"
"index 2|015D54";"";"INFO";"Dragonborn.esm"
"index 2|015D55";"";"INFO";"Dragonborn.esm"
"index 2|015D56";"";"INFO";"Dragonborn.esm"
"index 2|015D57";"";"INFO";"Dragonborn.esm"
"index 2|015D58";"";"INFO";"Dragonborn.esm"
"index 2|015D4E";"";"INFO";"Dragonborn.esm"
"index 2|015D4F";"";"INFO";"Dragonborn.esm"
"index 2|015D50";"";"INFO";"Dragonborn.esm"
"index 2|015D51";"";"INFO";"Dragonborn.esm"
"index 2|015D52";"";"INFO";"Dragonborn.esm"
"index 2|015D38";"";"INFO";"Dragonborn.esm"
"index 2|015D39";"";"INFO";"Dragonborn.esm"
"index 2|015D3A";"";"INFO";"Dragonborn.esm"
"index 2|015D3B";"";"INFO";"Dragonborn.esm"
"index 2|015D44";"";"INFO";"Dragonborn.esm"
"index 2|015D45";"";"INFO";"Dragonborn.esm"
"index 2|015D46";"";"INFO";"Dragonborn.esm"
"index 2|015D47";"";"INFO";"Dragonborn.esm"
"index 2|011CB6";"";"INFO";"Keizaal.esp"
"index 2|011CB5";"";"INFO";"Keizaal.esp"
"index 2|011CB4";"";"INFO";"Keizaal.esp"
"index 2|015D0E";"";"INFO";"Dragonborn.esm"
"index 2|015D0F";"";"INFO";"Dragonborn.esm"
"index 2|015D10";"";"INFO";"Dragonborn.esm"
"index 2|000889";"";"INFO";"evgnnsmpaccessories.esp"
"index 2|00088A";"";"INFO";"evgnnsmpaccessories.esp"
"index 2|00088B";"";"INFO";"evgnnsmpaccessories.esp"
"index 2|000895";"";"INFO";"evgnnsmpaccessories.esp"
"index 2|000896";"";"INFO";"evgnnsmpaccessories.esp"
"index 2|000898";"";"INFO";"evgnnsmpaccessories.esp"
"index 2|000899";"";"INFO";"evgnnsmpaccessories.esp"
"index 2|00089A";"";"INFO";"evgnnsmpaccessories.esp"
"index 2|00089B";"";"INFO";"evgnnsmpaccessories.esp"
"index 2|000888";"";"INFO";"evgnnsmpaccessories.esp"
"index 2|00088D";"";"INFO";"evgnnsmpaccessories.esp"
"index 2|00088E";"";"INFO";"evgnnsmpaccessories.esp"
"index 2|0008A4";"";"INFO";"evgnnsmpaccessories.esp"
"index 2|0008A5";"";"INFO";"evgnnsmpaccessories.esp"
"index 2|0008C8";"";"INFO";"Sentinel - More Craftable Equipment.esp"
"index 2|000D61";"";"INFO";"Mage Clothing Expansion.esp"
"index 2|000D9B";"";"INFO";"Mage Clothing Expansion.esp"
"index 2|000D9C";"";"INFO";"The Great City of Solitude.esp"
"index 2|000D9D";"";"INFO";"Mage Clothing Expansion.esp"
"index 2|000D9F";"";"INFO";"Mage Clothing Expansion.esp"
"index 2|000DA1";"";"INFO";"Mage Clothing Expansion.esp"
"index 2|000D86";"";"INFO";"DIS_Heavy_Legion.esp"
"index 2|000D87";"";"INFO";"DIS_Heavy_Legion.esp"
"index 2|000D88";"";"INFO";"The Great City of Solitude.esp"
"index 2|000D89";"";"INFO";"DIS_Heavy_Legion.esp"
"index 2|000D8A";"";"INFO";"The Great City of Solitude.esp"
"index 2|000D8B";"";"INFO";"DIS_Heavy_Legion.esp"
"index 2|000D8C";"";"INFO";"DIS_Heavy_Legion.esp"
"index 2|000DA2";"";"INFO";"JK's Riverwood.esp"
"index 2|000DA3";"";"INFO";"Mage Clothing Expansion.esp"
"index 2|000DA5";"";"INFO";"Mage Clothing Expansion.esp"
"index 2|000DA6";"";"INFO";"JK's Riverwood.esp"
"index 2|000DA7";"";"INFO";"Mage Clothing Expansion.esp"
"index 2|000DA8";"";"INFO";"The Great City of Solitude.esp"
"index 2|000D96";"";"INFO";"JK's Riverwood.esp"
"index 2|000D98";"";"INFO";"The Great City of Solitude.esp"
"index 2|000D99";"";"INFO";"The Great City of Solitude.esp"
"index 2|000D9A";"";"INFO";"The Great City of Solitude.esp"
"index 2|000D62";"";"INFO";"Mage Clothing Expansion.esp"
"index 2|000D63";"";"INFO";"Mage Clothing Expansion.esp"
"index 2|000D64";"";"INFO";"Mage Clothing Expansion.esp"
"index 2|000D65";"";"INFO";"Mage Clothing Expansion.esp"
"index 2|000D66";"";"INFO";"Mage Clothing Expansion.esp"
"index 2|000D67";"";"INFO";"Mage Clothing Expansion.esp"
"index 2|000D68";"";"INFO";"Mage Clothing Expansion.esp"
"index 2|000DB8";"";"INFO";"JK's Riverwood.esp"
"index 2|000DB9";"";"INFO";"JK's Riverwood.esp"
"index 2|000DBA";"";"INFO";"JK's Riverwood.esp"
"index 2|000DBB";"";"INFO";"JK's Riverwood.esp"
"index 2|000D8D";"";"INFO";"DIS_Heavy_Legion.esp"
"index 2|000D8E";"";"INFO";"The Great City of Solitude.esp"
"index 2|000D8F";"";"INFO";"DIS_Heavy_Legion.esp"
"index 2|000D90";"";"INFO";"The Great City of Solitude.esp"
"index 2|000D91";"";"INFO";"The Great City of Solitude.esp"
"index 2|000DB1";"";"INFO";"JK's Riverwood.esp"
"index 2|000DC5";"";"INFO";"evgnnsmpaccessories.esp"
"index 2|000DC6";"";"INFO";"evgnnsmpaccessories.esp"
"index 2|000DC7";"";"INFO";"evgnnsmpaccessories.esp"
"index 2|000DC9";"";"INFO";"evgnnsmpaccessories.esp"
"index 2|000DA9";"";"INFO";"Mage Clothing Expansion.esp"
"index 2|000DAA";"";"INFO";"The Great City of Solitude.esp"
"index 2|000DAB";"";"INFO";"Mage Clothing Expansion.esp"
"index 2|000DAD";"";"INFO";"Mage Clothing Expansion.esp"
"index 2|000DAE";"";"INFO";"JK's Riverwood.esp"
"index 2|000DBE";"";"INFO";"evgnnsmpaccessories.esp"
"index 2|000DBF";"";"INFO";"evgnnsmpaccessories.esp"
"index 2|000DC0";"";"INFO";"evgnnsmpaccessories.esp"
"index 2|000DC1";"";"INFO";"JK's Riverwood.esp"
"index 2|000DC2";"";"INFO";"evgnnsmpaccessories.esp"
"index 2|000DC3";"";"INFO";"evgnnsmpaccessories.esp"
"index 2|000DC4";"";"INFO";"evgnnsmpaccessories.esp"
"index 2|000D7F";"";"INFO";"DIS_Heavy_Legion.esp"
"index 2|000D80";"";"INFO";"DIS_Heavy_Legion.esp"
"index 2|000D81";"";"INFO";"DIS_Heavy_Legion.esp"
"index 2|000D82";"";"INFO";"DIS_Heavy_Legion.esp"
"index 2|000D83";"";"INFO";"DIS_Heavy_Legion.esp"
"index 2|000D84";"";"INFO";"The Great City of Solitude.esp"
"index 2|000D85";"";"INFO";"The Great City of Solitude.esp"
"index 2|000D78";"";"INFO";"DIS_Heavy_Legion.esp"
"index 2|000D79";"";"INFO";"DIS_Heavy_Legion.esp"
"index 2|000D7A";"";"INFO";"DIS_Heavy_Legion.esp"
"index 2|000D7B";"";"INFO";"DIS_Heavy_Legion.esp"
"index 2|000D7C";"";"INFO";"DIS_Heavy_Legion.esp"
"index 2|000D7D";"";"INFO";"DIS_Heavy_Legion.esp"
"index 2|000D7E";"";"INFO";"DIS_Heavy_Legion.esp"
"index 2|000D70";"";"INFO";"Mage Clothing Expansion.esp"
"index 2|000D71";"";"INFO";"Mage Clothing Expansion.esp"
"index 2|000D72";"";"INFO";"DIS_Heavy_Legion.esp"
"index 2|000D73";"";"INFO";"DIS_Heavy_Legion.esp"
"index 2|000D75";"";"INFO";"DIS_Heavy_Legion.esp"
"index 2|000D76";"";"INFO";"DIS_Heavy_Legion.esp"
"index 2|000D77";"";"INFO";"DIS_Heavy_Legion.esp"
"index 2|000D69";"";"INFO";"Mage Clothing Expansion.esp"
"index 2|000D6A";"";"INFO";"JK's Riverwood.esp"
"index 2|000D6B";"";"INFO";"Mage Clothing Expansion.esp"
"index 2|000D6C";"";"INFO";"Mage Clothing Expansion.esp"
"index 2|000D6D";"";"INFO";"Mage Clothing Expansion.esp"
"index 2|000D6E";"";"INFO";"Mage Clothing Expansion.esp"
"index 2|000D6F";"";"INFO";"Mage Clothing Expansion.esp"
"index 2|0178A6";"";"INFO";"Dragonborn.esm"
"index 2|0178A8";"";"INFO";"Dragonborn.esm"
"index 2|017894";"";"INFO";"Dragonborn.esm"
"index 2|017897";"";"INFO";"Dragonborn.esm"
"index 2|003004";"";"INFO";"The Great City of Solitude.esp"
"index 2|00BE05";"";"INFO";"Dragonborn.esm"
"index 2|015D07";"";"INFO";"Dragonborn.esm"
"index 2|003008";"";"INFO";"The Great City of Solitude.esp"
"index 2|003009";"";"INFO";"The Great City of Solitude.esp"
"index 2|002FFD";"";"INFO";"The Great City of Solitude.esp"
"index 2|007A77";"";"INFO";"The Great City of Solitude.esp"
"index 2|007A78";"";"INFO";"The Great City of Solitude.esp"
"index 2|007A71";"";"INFO";"The Great City of Solitude.esp"
"index 2|007A72";"";"INFO";"The Great City of Solitude.esp"
"index 2|007A8A";"";"INFO";"The Great City of Solitude.esp"
"index 2|007A73";"";"INFO";"The Great City of Solitude.esp"
"index 2|007A74";"";"INFO";"The Great City of Solitude.esp"
"index 2|007A88";"";"INFO";"The Great City of Solitude.esp"
"index 2|007A7C";"";"INFO";"The Great City of Solitude.esp"
"index 2|007A75";"";"INFO";"The Great City of Solitude.esp"
"index 2|007A76";"";"INFO";"The Great City of Solitude.esp"
"index 2|007A6F";"";"INFO";"The Great City of Solitude.esp"
"index 2|007A70";"";"INFO";"The Great City of Solitude.esp"
"index 2|007879";"";"INFO";"The Great City of Solitude.esp"
"index 2|0178A0";"";"INFO";"Dragonborn.esm"
"index 2|0178A3";"";"INFO";"Dragonborn.esm"
"index 2|01789A";"";"INFO";"Dragonborn.esm"
"index 2|01789D";"";"INFO";"Dragonborn.esm"
"index 2|00B0A8";"";"INFO";"Dragonborn.esm"
"index 2|015D40";"";"INFO";"Dragonborn.esm"
"index 2|015D42";"";"INFO";"Dragonborn.esm"
"index 2|00B0AA";"";"INFO";"The Great City of Solitude.esp"
"index 2|015D0A";"";"INFO";"Dragonborn.esm"
"index 2|015D0C";"";"INFO";"Dragonborn.esm"
"index 2|00B0AE";"";"INFO";"The Great City of Solitude.esp"
"index 2|015D34";"";"INFO";"Dragonborn.esm"
"index 2|015D36";"";"INFO";"Dragonborn.esm"
"index 2|00B0B5";"";"INFO";"Dragonborn.esm"
"index 2|015D3C";"";"INFO";"Dragonborn.esm"
"index 2|015D3E";"";"INFO";"Dragonborn.esm"
"index 2|00B0B7";"";"INFO";"Dragonborn.esm"
"index 2|015D30";"";"INFO";"Dragonborn.esm"
"index 2|015D32";"";"INFO";"Dragonborn.esm"
"index 2|00B0A5";"";"INFO";"Dragonborn.esm"
"index 2|015D12";"";"INFO";"Dragonborn.esm"
"index 2|015D14";"";"INFO";"Dragonborn.esm"
"index 2|00B0AC";"";"INFO";"The Great City of Solitude.esp"
"index 2|015D2C";"";"INFO";"Dragonborn.esm"
"index 2|015D2E";"";"INFO";"Dragonborn.esm"
"index 2|00B0B3";"";"INFO";"Dragonborn.esm"
"index 2|015D16";"";"INFO";"Dragonborn.esm"
"index 2|015D18";"";"INFO";"Dragonborn.esm"
"index 2|00B0B9";"";"INFO";"Dragonborn.esm"
"index 2|015D1A";"";"INFO";"Dragonborn.esm"
"index 2|015D1C";"";"INFO";"Dragonborn.esm"
"index 2|00B0A3";"";"INFO";"The Great City of Solitude.esp"
"index 2|00B4CA";"";"INFO";"Dragonborn.esm"
"index 2|00B4CB";"";"INFO";"Dragonborn.esm"
"index 2|015D48";"";"INFO";"Dragonborn.esm"
"index 2|015D49";"";"INFO";"Dragonborn.esm"
"index 2|015D4B";"";"INFO";"Dragonborn.esm"
"index 2|015D4C";"";"INFO";"Dragonborn.esm"
"index 2|00BE03";"";"INFO";"Dragonborn.esm"
"index 2|00BE06";"";"INFO";"Dragonborn.esm"
"index 2|00BE07";"";"INFO";"Dragonborn.esm"
"index 2|00BE08";"";"INFO";"Dragonborn.esm"
"index 2|013EDD";"";"INFO";"Dragonborn.esm"
"index 2|013EE3";"";"INFO";"Dragonborn.esm"
"index 2|013EE9";"";"INFO";"Dragonborn.esm"
"index 2|013EE4";"";"INFO";"Dragonborn.esm"
"index 2|013EF0";"";"INFO";"Dragonborn.esm"
"index 2|013ECD";"";"INFO";"Dragonborn.esm"
"index 2|013ECE";"";"INFO";"Dragonborn.esm"
"index 2|013ECF";"";"INFO";"Dragonborn.esm"
"index 2|013ED6";"";"INFO";"Dragonborn.esm"
"index 2|013ED7";"";"INFO";"Dragonborn.esm"
"index 2|01410D";"";"INFO";"Dragonborn.esm"
"index 2|01410E";"";"INFO";"Dragonborn.esm"
"index 2|01410F";"";"INFO";"Dragonborn.esm"
"index 2|014110";"";"INFO";"Dragonborn.esm"
"index 2|014111";"";"INFO";"Dragonborn.esm"
"index 2|014113";"";"INFO";"Dragonborn.esm"
"index 2|014114";"";"INFO";"Dragonborn.esm"
"index 2|016412";"";"INFO";"Dragonborn.esm"
"index 2|016413";"";"INFO";"Dragonborn.esm"
"index 2|016414";"";"INFO";"Dragonborn.esm"
"index 2|013ED9";"";"INFO";"Dragonborn.esm"
"index 2|013EDA";"";"INFO";"Dragonborn.esm"
"index 2|013EDB";"";"INFO";"Dragonborn.esm"
"index 2|013EDC";"";"INFO";"Dragonborn.esm"
"index 2|01612C";"";"INFO";"Dragonborn.esm"
"index 2|018DD6";"";"INFO";"Dragonborn.esm"
"index 2|018DD8";"";"INFO";"Dragonborn.esm"
"index 2|018DDA";"";"INFO";"Dragonborn.esm"
"index 2|018DD2";"";"INFO";"Dragonborn.esm"
"index 2|018DD3";"";"INFO";"Dragonborn.esm"
"index 2|018DD4";"";"INFO";"Dragonborn.esm"
"index 2|018DDC";"";"INFO";"Dragonborn.esm"
"index 2|018DCC";"";"INFO";"Dragonborn.esm"
"index 2|018DCD";"";"INFO";"Dragonborn.esm"
"index 2|018DCE";"";"INFO";"Dragonborn.esm"
"index 2|018DDF";"";"INFO";"Dragonborn.esm"
"index 2|018DC8";"";"INFO";"Dragonborn.esm"
"index 2|018DC9";"";"INFO";"Dragonborn.esm"
"index 2|018DCA";"";"INFO";"Dragonborn.esm"
"index 2|0192B9";"";"INFO";"Dragonborn.esm"
"index 2|0192BA";"";"INFO";"Dragonborn.esm"
"index 2|0192BB";"";"INFO";"Dragonborn.esm"
"index 2|0192BC";"";"INFO";"Dragonborn.esm"
"index 2|0192BD";"";"INFO";"Dragonborn.esm"
"index 2|0192B8";"";"INFO";"Dragonborn.esm"
"index 2|0195D7";"";"INFO";"Dragonborn.esm"
"index 2|0195D8";"";"INFO";"Dragonborn.esm"
"index 2|0008C3";"EquipRuggedMaskRed";"MGEF";"Sentinel - More Craftable Equipment.esp"
"index 2|0008A8";"BYOHHouseBanditAttack2";"QUST";"evgnnsmpaccessories.esp"
"index 2|00E29A";"BYOHRelationshipAdoptableOrphanageCL";"QUST";"The Great City of Solitude.esp"
"index 2|010BEE";"BYOHHousePale";"QUST";"Dragonborn.esm"
"index 2|010A44";"BYOHHouseSkeeverInfestation";"QUST";"Dragonborn.esm"
"index 2|00BE09";"BYOHHouseHjaalmarch";"QUST";"Dragonborn.esm"
"index 2|00401C";"BYOHRelationshipAdoptionScheduler";"QUST";"JK's Riverwood.esp"
"index 2|0008AD";"BYOHHouseBanditAttack2PrisonerFollowPlayer";"PACK";"evgnnsmpaccessories.esp"
"index 2|00402E";"BYOHUrchin_SofieWork8x9";"PACK";"JK's Riverwood.esp"
"index 2|01652E";"RelationshipAdoption_SceneNameCalling01";"SCEN";"Dragonborn.esm"
"index 2|01652D";"RelationshipAdoption_SceneNameCalling02";"SCEN";"Dragonborn.esm"
"index 2|01AABF";"DLC2SummonAshGuardianNoHeartStone";"MGEF";"The Great City of Solitude.esp"
"index 2|01AAAD";"DLC2CycloneFFAimedArea";"MGEF";"The Great City of Solitude.esp"
"index 2|019663";"DLC2dunKarstaagThroneTrig";"ACTI";"Keizaal.esp"
"index 2|01D4BC";"DLC2dunNchardakDoorSeal";"DOOR";"The Great City of Solitude.esp"
"index 2|01D4EE";"DLC2dunNchardakCenturionBoss";"NPC_";"The Great City of Solitude.esp"
"index 2|019665";"DLC2dunKarstaag";"NPC_";"Keizaal.esp"
"index 2|018FAE";"DLC2SVWulfWildblood";"NPC_";"Keizaal.esp"
"index 2|01D4C6";"";"REFR";"The Great City of Solitude.esp"
"index 2|01D4C3";"";"REFR";"The Great City of Solitude.esp"
"index 2|01D4C1";"DLC2NchardakDoorSealToCell02";"REFR";"The Great City of Solitude.esp"
"index 2|017701";"";"REFR";"KzlOnlineMods.esp"
"index 2|017700";"";"REFR";"KzlOnlineMods.esp"
"index 2|01D4C5";"";"ACHR";"The Great City of Solitude.esp"
"index 2|01D4C2";"";"REFR";"The Great City of Solitude.esp"
"index 2|01C6C5";"";"REFR";"The Great City of Solitude.esp"
"index 2|01C69A";"";"REFR";"The Great City of Solitude.esp"
"index 2|01C698";"";"REFR";"The Great City of Solitude.esp"
"index 2|01C695";"";"REFR";"The Great City of Solitude.esp"
"index 2|01C0AD";"";"REFR";"The Great City of Solitude.esp"
"index 2|01D486";"DLC2dunNchardak03BridgePedestal01";"REFR";"The Great City of Solitude.esp"
"index 2|01D485";"DLC2dunNchardak03BridgePedestal03";"REFR";"The Great City of Solitude.esp"
"index 2|01D4EC";"";"REFR";"The Great City of Solitude.esp"
"index 2|01D4E5";"";"REFR";"The Great City of Solitude.esp"
"index 2|01D4E3";"";"REFR";"The Great City of Solitude.esp"
"index 2|01D4C8";"";"REFR";"The Great City of Solitude.esp"
"index 2|01D499";"";"REFR";"The Great City of Solitude.esp"
"index 2|01D493";"";"ACHR";"The Great City of Solitude.esp"
"index 2|01D4CA";"";"REFR";"The Great City of Solitude.esp"
"index 2|01D4C9";"dunNchardakCube05Pedestal001";"REFR";"The Great City of Solitude.esp"
"index 2|01D495";"";"ACHR";"The Great City of Solitude.esp"
"index 2|01D491";"";"ACHR";"The Great City of Solitude.esp"
"index 2|01D48F";"";"ACHR";"The Great City of Solitude.esp"
"index 2|01D48D";"";"ACHR";"The Great City of Solitude.esp"
"index 2|01D48B";"";"ACHR";"The Great City of Solitude.esp"
"index 2|01D429";"";"REFR";"The Great City of Solitude.esp"
"index 2|01D3DE";"";"REFR";"The Great City of Solitude.esp"
"index 2|01D3DD";"";"REFR";"The Great City of Solitude.esp"
"index 2|01D3DC";"";"REFR";"The Great City of Solitude.esp"
"index 2|01B27E";"";"REFR";"The Great City of Solitude.esp"
"index 2|01B27D";"";"REFR";"The Great City of Solitude.esp"
"index 2|01B27C";"";"REFR";"The Great City of Solitude.esp"
"index 2|01B1EF";"";"REFR";"The Great City of Solitude.esp"
"index 2|01D4C7";"DLC2MQ04PedestalStage355";"REFR";"The Great City of Solitude.esp"
"index 2|01B581";"";"REFR";"The Great City of Solitude.esp"
"index 2|01B580";"";"REFR";"The Great City of Solitude.esp"
"index 2|01B577";"";"REFR";"The Great City of Solitude.esp"
"index 2|01B576";"";"REFR";"The Great City of Solitude.esp"
"index 2|01965E";"";"ACHR";"Keizaal.esp"
"index 2|01B377";"";"REFR";"The Great City of Solitude.esp"
"index 2|01AA97";"";"INFO";"The Great City of Solitude.esp"
"index 2|01AAA3";"";"INFO";"The Great City of Solitude.esp"
"index 2|01AA98";"";"INFO";"The Great City of Solitude.esp"
"index 2|01AAA2";"";"INFO";"The Great City of Solitude.esp"
"index 2|01AA99";"";"INFO";"The Great City of Solitude.esp"
"index 2|01AA9A";"";"INFO";"The Great City of Solitude.esp"
"index 2|01AAF1";"";"INFO";"The Great City of Solitude.esp"
"index 2|01C097";"";"INFO";"The Great City of Solitude.esp"
"index 2|01C099";"";"INFO";"The Great City of Solitude.esp"
"index 2|01C0A4";"";"INFO";"The Great City of Solitude.esp"
"index 2|01C094";"";"INFO";"The Great City of Solitude.esp"
"index 2|01D4CD";"DLC2dunNchardakReset";"QUST";"The Great City of Solitude.esp"
"index 2|01AAB0";"DLC2TTF1";"QUST";"The Great City of Solitude.esp"
"index 2|017F90";"DLC2MQ03";"QUST";"KzlOnlineMods.esp"
"index 2|017F8F";"DLC2MQ02";"QUST";"KzlOnlineMods.esp"
"index 2|01D4D0";"DLC2MQ04NelothToElevatorPillar";"PACK";"The Great City of Solitude.esp"
"index 2|01C0AA";"DLC2MQ05HermaeusMoraScene";"SCEN";"The Great City of Solitude.esp"
"index 5|00FC63";"";"REFR";"Arena - Markarth Side.esp"
"index 5|00FC77";"";"REFR";"Arena - Markarth Side.esp"
"index 5|00BCBC";"";"REFR";"aaaGraniteHill.esp"
"index 5|00BCC7";"";"REFR";"aaaGraniteHill.esp"
"index 5|00BCC8";"";"REFR";"aaaGraniteHill.esp"
"index 5|0521C8";"";"REFR";"OarsRest.esp"
"index 5|052199";"";"REFR";"OarsRest.esp"
"index 5|0521AA";"";"REFR";"OarsRest.esp"
"index 5|0521B9";"";"REFR";"OarsRest.esp"
"index 5|0521D1";"";"REFR";"OarsRest.esp"
"index 5|0059DB";"MS08AlikrPrisonerREF001";"ACHR";"OarsRest.esp"
"index 5|00AD7D";"";"REFR";"OarsRest.esp"
"index 5|00AD7E";"";"REFR";"OarsRest.esp"
"index 5|00AD7F";"";"REFR";"OarsRest.esp"
"index 5|000889";"MCEGiantArmorUnfitted";"MISC";"Sentinel - City Guards.esp"
"index 5|00088A";"MCEGiantBootsUnfitted";"MISC";"Sentinel - City Guards.esp"
"index 5|00088B";"MCEGiantGauntletsUnfitted";"MISC";"Sentinel - City Guards.esp"
"index 5|000800";"MCEInit";"QUST";"Sentinel - City Guards.esp"
"index 2|0008C1";"EquipRuggedMaskRandom";"MGEF";"Sentinel - More Craftable Equipment.esp"
"index 2|0008C4";"EquipRuggedMaskBlue";"MGEF";"Sentinel - More Craftable Equipment.esp"
"index 2|0008C7";"EquipNeckGaiterRandom";"MGEF";"Sentinel - More Craftable Equipment.esp"
"index 5|00088D";"0K_MoonMonkCraftingMotif";"BOOK";"Sentinel - City Guards.esp"
